Version 11 13
{
	Skinned 1
	Mtl 0
	{
		Prim 0
		{
			Idx 14130
			{
				0 1 2 2 3 0 3 2 4 5 0 3 4 6 3
				3 7 5 7 3 6 8 5 7 6 9 7 7 10 8
				10 7 9 11 8 10 9 12 10 10 13 11 13 10 12
				14 11 13 12 15 13 13 16 14 16 13 15 17 14 16
				15 18 16 16 19 17 19 16 18 20 17 19 18 21 19
				19 22 20 22 19 21 23 20 22 21 24 22 22 25 23
				25 22 24 24 26 25 27 28 29 29 30 27 31 27 30
				30 29 32 32 29 33 30 34 31 33 35 32 34 30 36
				32 36 30 33 37 35 37 33 38 32 35 39 38 40 37
				40 38 41 35 37 42 42 39 35 37 40 43 43 42 37
				39 44 32 36 32 44 45 39 42 44 39 45 46 42 43
				42 46 45 43 40 47 41 47 40 43 48 46 41 49 50
				51 46 48 45 46 51 48 52 51 51 53 45 52 48 54
				54 55 52 56 55 54 57 45 53 45 57 44 53 58 57
				59 44 57 44 59 36 60 57 58 57 60 59 58 61 60
				62 36 59 36 62 34 63 59 60 59 63 62 64 60 61
				60 64 63 61 65 64 66 62 63 67 64 65 65 68 67
				69 63 64 64 67 69 63 69 66 70 67 68 68 71 70
				70 71 72 73 69 67 67 70 73 69 73 74 74 66 69
				72 75 70 76 70 75 75 72 77 75 78 76 74 76 78
				77 79 75 78 75 79 79 77 80 78 81 74 80 82 79
				82 80 83 79 84 78 84 79 82 81 78 84 83 85 82
				85 83 86 86 87 85 82 88 84 88 82 85 89 85 87
				85 89 88 87 90 89 91 90 87 92 84 88 84 92 81
				93 88 89 88 93 92 94 89 90 89 94 93 90 95 94
				95 90 91 96 93 94 97 94 95 94 97 96 98 92 93
				93 96 98 97 99 100 100 96 97 96 100 101 101 98 96
				95 102 97 102 95 103 91 103 95 102 103 104 104 103 91
				104 105 102 106 105 104 91 107 104 107 91 108 108 109 110
				108 111 107 110 111 108 104 107 112 112 107 111 113 111 110
				111 113 112 110 114 113 112 115 104 104 115 106 116 112 113
				115 112 116 117 113 114 113 117 116 114 118 117 116 119 115
				120 117 118 118 121 120 122 116 117 117 120 122 123 119 116
				116 122 123 115 119 124 119 123 124 124 106 115 125 126 106
				106 124 125 124 127 125 127 124 123 128 125 127 129 123 122
				123 129 127 122 130 129 130 122 120 131 127 129 120 132 130
				132 120 121 121 133 132 129 130 134 134 130 132 134 131 129
				135 132 133 132 135 134 133 136 135 137 131 134 138 135 136
				136 139 138 140 134 135 135 138 140 134 140 137 141 138 139
				139 142 141 141 142 143 144 140 138 138 141 144 143 145 141
				144 141 145 145 143 146 140 144 147 147 137 140 146 148 145
				148 146 149 145 150 144 150 145 148 147 144 150 149 151 148
				151 149 152 148 153 150 153 148 151 150 154 147 152 155 151
				156 147 154 137 147 156 157 151 155 151 157 153 158 155 152
				152 56 158 54 158 56 155 159 157 159 155 158 153 157 160
				160 157 159 150 153 161 160 161 153 161 154 150 158 162 159
				162 158 54 159 163 160 163 159 162 161 160 164 164 160 163
				154 161 164 162 165 163 164 166 154 154 166 156 165 167 163
				163 167 164 47 165 162 167 165 47 54 168 162 162 168 47
				168 54 48 48 43 168 47 168 43 47 41 167 50 167 41
				167 50 164 164 50 169 169 166 164 169 170 171 166 169 172
				171 172 169 172 156 166 171 173 128 128 172 171 174 156 172
				172 128 174 156 174 137 127 174 128 131 137 174 174 127 131
				175 176 177 178 175 177 177 179 178 179 180 181 181 178 179
				175 178 182 178 181 183 183 182 178 184 183 181 181 185 184
				182 186 175 187 175 186 188 184 185 185 31 188 183 184 189
				184 188 189 182 183 190 189 190 183 186 182 191 190 191 182
				186 192 187 192 186 191 193 194 187 187 192 193 191 195 192
				193 192 195 191 190 196 195 191 196 190 189 196 195 197 193
				197 195 196 193 197 198 196 198 197 198 199 193 200 199 198
				201 198 196 198 201 200 196 202 201 200 201 202 203 204 200
				202 205 200 200 205 203 205 202 206 202 196 206 203 205 207
				206 207 205 207 208 203 207 206 209 208 207 209 206 196 210
				209 206 210 208 211 212 211 208 213 209 213 208 213 214 211
				210 215 209 213 209 215 214 213 216 216 217 214 215 216 213
				215 210 218 210 196 218 216 215 219 218 219 215 219 220 216
				218 196 221 189 221 196 221 189 188 219 218 222 220 219 222
				222 218 221 222 101 220 188 223 221 221 223 222 224 101 222
				222 223 224 98 101 224 225 223 188 188 31 225 225 31 34
				224 223 226 225 226 223 224 227 98 227 224 226 92 98 227
				227 81 92 34 228 225 226 225 228 228 34 62 62 66 228
				226 229 227 228 229 226 81 227 229 229 228 66 229 74 81
				66 74 229 230 231 232 232 233 230 232 231 234 232 235 233
				234 236 232 236 234 237 235 232 238 238 232 236 238 239 235
				240 239 238 237 241 236 241 237 242 236 243 238 243 236 241
				238 244 240 244 238 243 245 240 244 241 246 243 244 247 245
				248 245 247 243 249 244 249 243 246 250 247 244 244 249 250
				247 251 248 252 248 251 247 250 253 253 251 247 254 250 249
				251 255 252 249 256 254 246 256 249 252 255 257 257 258 252
				259 255 251 251 253 259 260 257 255 255 259 260 258 257 261
				261 262 258 257 260 263 263 261 257 264 260 259 263 260 264
				265 259 253 259 265 264 266 253 250 253 266 265 250 254 266
				267 265 266 268 266 254 266 268 267 269 264 265 265 267 269
				254 270 268 270 254 256 271 267 268 256 272 270 272 256 246
				273 268 270 268 273 271 274 270 272 267 271 275 275 269 267
				276 270 274 270 276 273 276 274 277 273 276 278 277 278 276
				279 271 273 278 280 273 273 280 279 271 279 281 281 275 271
				282 279 280 281 279 282 283 280 278 280 283 282 278 284 283
				284 278 277 285 282 283 286 283 284 283 286 285 282 287 281
				282 285 288 288 287 282 289 281 287 275 281 289 290 287 288
				287 290 289 289 291 275 269 275 291 289 290 292 291 293 269
				264 269 293 291 289 294 292 294 289 293 291 295 294 295 291
				293 296 264 264 296 263 296 293 297 295 297 293 263 296 298
				297 298 296 298 299 263 261 263 299 299 300 261 262 261 300
				300 301 262 302 299 298 300 299 302 301 300 303 302 303 300
				303 304 301 305 304 303 298 306 302 306 298 297 303 302 307
				307 302 306 303 308 305 307 308 303 305 308 309 309 308 307
				309 310 305 311 310 309 309 312 311 313 311 312 307 314 309
				312 309 314 312 315 313 316 313 315 314 317 312 315 312 317
				315 318 316 319 316 318 317 320 315 318 315 320 321 317 314
				320 317 321 322 314 307 314 322 321 307 323 322 306 323 307
				322 323 324 324 323 306 325 321 322 306 326 324 297 326 306
				324 327 322 322 327 325 328 324 326 327 324 328 329 326 297
				326 329 328 297 295 329 328 330 327 325 327 330 331 328 329
				330 328 331 332 329 295 329 332 331 295 294 332 331 333 330
				334 332 294 294 292 334 335 331 332 332 334 335 333 331 335
				334 292 336 336 292 290 335 334 337 336 337 334 290 338 336
				288 338 290 337 336 339 338 288 340 340 288 285 336 338 341
				341 339 336 340 341 338 339 342 337 285 343 340 343 285 286
				344 337 342 337 344 335 345 342 339 346 335 344 335 346 333
				342 347 344 347 342 345 344 348 346 348 344 347 339 349 345
				349 339 341 345 350 347 341 351 349 352 347 350 347 352 348
				353 345 349 350 345 353 354 349 351 349 354 353 355 351 341
				341 340 355 351 356 354 357 355 340 358 356 351 351 355 358
				340 359 357 340 343 359 355 357 360 360 358 355 361 357 359
				361 360 357 362 359 343 363 358 360 343 364 362 286 364 343
				359 362 365 359 365 361 366 362 364 365 362 366 367 364 286
				364 367 366 286 368 367 284 368 286 369 366 367 370 367 368
				367 370 369 371 368 284 368 371 370 372 366 369 366 372 365
				373 369 370 365 372 374 369 375 372 375 369 373 376 374 372
				372 375 376 374 377 365 361 365 377 378 374 376 377 374 378
				379 376 375 376 380 378 380 376 379 375 381 379 373 381 375
				382 379 381 379 382 380 383 381 373 381 383 382 370 384 373
				384 370 371 373 385 383 385 373 384 382 383 386 386 383 385
				380 382 387 386 387 382 387 388 380 378 380 388 388 387 389
				388 390 378 391 389 387 387 386 391 389 392 388 390 388 392
				393 389 391 392 389 393 394 378 390 378 394 377 392 395 390
				396 377 394 377 396 361 390 397 394 361 396 398 394 399 396
				398 396 399 400 399 394 394 397 400 399 401 398 401 399 400
				397 390 402 402 390 395 400 397 403 402 403 397 403 404 400
				405 403 402 404 403 405 395 406 402 402 407 405 407 402 406
				405 407 408 406 409 407 408 407 409 406 395 410 408 411 405
				412 410 395 395 392 412 393 412 392 413 405 411 405 413 404
				412 393 414 415 404 413 414 393 416 391 416 393 404 415 417
				417 400 404 418 400 417 400 418 401 419 417 415 417 420 418
				420 417 419 421 401 418 415 422 419 401 421 423 423 398 401
				418 424 421 425 398 423 398 425 361 423 421 426 426 421 424
				361 425 427 427 360 361 360 427 363 428 427 425 363 427 428
				423 429 425 425 429 428 429 423 430 426 430 423 431 428 429
				430 432 429 429 432 431 433 432 430 434 431 432 432 433 434
				428 431 435 435 431 434 430 436 433 436 430 426 434 433 437
				433 436 438 438 437 433 426 439 436 440 438 436 436 439 440
				437 438 441 441 438 440 442 439 426 443 440 439 439 442 443
				426 444 442 424 444 426 445 443 442 444 424 446 446 424 418
				418 420 446 447 442 444 442 447 445 446 448 444 444 448 447
				446 420 449 419 449 420 450 448 446 447 448 450 449 451 446
				446 451 450 449 419 452 452 419 422 453 450 451 454 451 449
				451 454 453 452 455 449 449 455 454 456 450 453 450 456 447
				454 455 457 457 455 452 447 456 458 458 445 447 453 459 456
				460 458 456 456 459 460 461 453 454 459 453 461 454 462 461
				457 462 454 461 463 459 461 462 464 459 463 465 465 460 459
				463 461 466 464 466 461 467 464 462 462 457 467 466 464 468
				468 464 467 466 469 463 467 457 470 452 470 457 463 469 471
				471 465 463 470 452 472 422 472 452 470 473 467 472 474 470
				473 470 474 472 422 475 474 472 476 475 476 472 474 477 473
				476 478 474 477 474 478 467 473 479 479 473 477 479 480 467
				467 480 468 477 481 479 480 479 482 482 479 481 483 468 480
				481 477 484 478 484 477 482 485 480 480 485 483 481 486 482
				485 482 487 487 482 486 483 485 488 487 488 485 486 481 489
				484 489 481 486 490 487 489 491 486 490 486 491 488 487 492
				492 487 490 491 493 490 490 494 492 494 490 493 495 493 491
				493 496 494 496 493 495 492 494 497 497 494 496 491 498 495
				498 491 489 495 499 496 489 500 498 501 496 499 496 501 497
				502 499 495 503 495 498 495 503 502 499 504 501 504 499 502
				498 505 503 505 498 500 506 502 503 507 503 505 503 507 506
				502 508 504 508 502 506 501 504 509 504 508 510 510 509 504
				509 511 501 497 501 511 512 509 510 513 511 509 509 512 513
				511 514 497 511 513 515 515 514 511 513 512 516 517 497 514
				497 517 492 516 518 513 515 513 518 519 492 517 492 519 488
				514 520 517 521 488 519 488 521 483 517 522 519 522 517 520
				519 523 521 524 520 514 514 515 524 519 522 525 525 523 519
				520 526 522 525 522 526 520 524 527 527 526 520 528 524 515
				529 527 524 524 528 529 526 527 530 530 527 529 515 531 528
				518 531 515 530 532 526 526 532 525 531 518 533 534 525 532
				533 535 531 528 531 535 536 533 518 518 516 536 535 533 537
				537 533 536 536 516 538 538 516 512 536 539 537 512 540 538
				510 540 512 538 541 536 539 536 541 542 538 540 541 538 542
				540 510 543 543 510 508 540 544 542 543 544 540 508 545 543
				506 545 508 546 544 543 543 545 547 548 544 546 542 544 548
				543 549 546 547 549 543 546 550 548 551 546 549 550 546 551
				549 552 551 553 552 549 549 547 553 551 552 554 554 552 553
				551 555 550 553 547 556 555 551 557 554 557 551 558 556 547
				547 545 558 558 545 506 556 559 553 506 560 558 561 553 559
				553 561 554 562 556 558 559 556 562 563 558 560 558 563 562
				564 560 506 506 507 564 560 565 563 564 507 566 505 566 507
				560 564 567 567 565 560 566 568 564 567 564 568 569 563 565
				562 563 569 570 565 567 565 570 569 569 571 562 572 569 570
				571 569 572 573 562 571 562 573 559 572 574 571 575 559 573
				559 575 561 571 576 573 576 571 574 573 577 575 577 573 576
				578 561 575 554 561 578 579 575 577 575 579 578 576 580 577
				577 581 579 581 577 580 582 578 579 580 576 583 574 583 576
				584 579 581 579 584 582 580 585 581 581 586 584 586 581 585
				583 587 580 585 580 587 583 574 588 587 583 589 588 589 583
				590 588 574 574 572 590 588 590 591 592 590 572 591 590 592
				572 593 592 570 593 572 592 593 594 594 593 570 591 595 588
				589 588 595 570 596 594 567 596 570 594 597 592 596 567 598
				568 598 567 599 594 596 597 594 599 598 600 596 596 600 599
				601 592 597 592 601 591 599 602 597 603 591 601 595 591 603
				597 604 601 604 597 602 601 605 603 605 601 604 603 606 595
				604 607 605 608 595 606 595 608 589 607 604 609 602 609 604
				610 589 608 589 610 587 606 611 608 612 587 610 587 612 585
				608 613 610 613 608 611 610 614 612 614 610 613 615 585 612
				585 615 586 616 612 614 612 616 615 613 617 614 618 586 615
				619 614 617 614 619 616 615 620 618 620 615 616 586 618 621
				621 584 586 622 618 620 621 618 622 616 623 620 584 621 624
				624 582 584 625 620 623 620 625 622 626 623 616 616 619 626
				623 627 625 627 623 626 626 619 628 617 628 619 626 629 627
				628 630 626 629 626 630 625 627 631 631 627 629 630 632 629
				631 633 625 629 632 634 634 631 629 632 630 635 635 630 628
				636 634 632 635 636 632 637 631 634 633 631 637 634 636 638
				634 639 637 638 639 634 637 639 640 640 639 638 633 637 641
				640 641 637 625 633 642 641 642 633 622 625 642 636 643 638
				636 635 643 642 644 622 643 645 638 646 622 644 622 646 621
				624 621 646 645 647 638 638 647 640 646 648 624 647 645 649
				648 646 650 644 650 646 651 649 645 645 643 651 649 652 647
				651 643 653 653 643 635 654 649 651 654 652 649 647 652 655
				640 647 655 652 654 656 656 655 652 651 657 654 655 658 640
				657 659 654 656 654 659 657 651 660 660 651 653 661 659 657
				662 657 660 657 662 661 653 663 660 660 414 662 660 663 414
				414 663 412 410 412 663 664 663 653 663 664 410 653 665 664
				635 665 653 628 665 635 665 628 617 666 410 664 410 666 406
				667 664 665 664 667 666 406 666 668 668 666 667 409 406 668
				665 669 667 617 669 665 667 670 668 670 667 669 671 669 617
				669 671 670 617 613 671 611 671 613 672 670 671 671 611 672
				673 668 670 670 672 673 668 673 409 674 672 611 673 672 674
				611 606 674 674 606 603 673 675 409 674 675 673 676 409 675
				409 676 408 677 675 674 675 677 676 603 678 674 674 678 677
				679 678 603 603 605 679 680 677 678 678 679 680 681 676 677
				677 680 681 682 408 676 676 681 682 411 408 682 683 681 680
				682 684 411 680 685 683 685 680 679 681 683 686 686 682 681
				687 679 605 679 687 685 605 607 687 688 683 685 686 683 688
				689 685 687 685 689 688 687 607 690 609 690 607 687 691 689
				690 691 687 689 691 692 692 691 690 688 689 693 692 693 689
				694 690 609 690 694 692 693 692 695 695 692 694 693 696 688
				695 696 693 609 697 694 697 609 602 694 698 695 698 694 697
				602 699 697 699 602 599 697 700 698 700 697 699 701 695 698
				696 695 701 599 702 699 702 599 600 703 699 702 699 703 700
				600 704 702 704 600 598 702 705 703 705 702 704 706 700 703
				598 707 704 703 708 706 708 703 705 700 706 709 709 698 700
				698 709 701 704 710 705 710 704 707 711 705 710 705 711 708
				707 712 710 713 706 708 709 706 713 714 710 712 710 714 711
				715 708 711 708 715 713 716 711 714 711 716 715 712 717 714
				714 718 716 718 714 717 719 715 716 717 712 720 720 712 707
				721 716 718 716 721 719 707 722 720 722 707 598 598 568 722
				723 722 568 568 566 723 724 720 722 722 723 724 725 723 566
				724 723 725 566 726 725 726 566 505 727 720 724 720 727 717
				505 728 726 500 728 505 729 717 727 717 729 718 730 728 500
				731 718 729 718 731 721 732 726 728 728 730 732 733 721 731
				719 721 733 726 732 734 734 725 726 733 735 719 725 734 736
				737 719 735 715 719 737 737 713 715 736 738 725 725 738 724
				713 737 739 740 724 738 724 740 727 739 741 713 713 741 709
				739 737 742 735 742 737 709 741 743 743 701 709 741 739 744
				744 743 741 742 745 739 745 744 739 742 735 746 746 735 733
				745 742 747 746 747 742 747 748 745 733 749 746 745 748 750
				750 744 745 751 748 747 752 747 746 747 752 751 748 751 753
				753 750 748 754 751 752 753 751 754 754 755 753 752 756 754
				757 753 755 750 753 757 755 758 757 757 758 759 757 760 750
				744 750 760 759 761 757 760 757 761 761 759 762 760 763 744
				743 744 763 762 764 761 764 762 765 761 766 760 766 761 764
				760 766 767 767 763 760 764 768 766 767 766 768 765 769 764
				768 764 769 770 769 765 765 771 770 770 771 772 769 773 768
				773 769 770 774 768 773 768 774 767 770 775 773 772 776 770
				775 770 776 777 776 772 772 778 777 777 778 779 776 780 775
				780 776 777 781 773 775 773 781 774 779 782 777 782 779 783
				784 777 782 777 784 780 783 785 782 785 783 786 782 787 784
				787 782 785 786 788 785 788 786 789 785 790 787 790 785 788
				791 787 790 788 792 790 787 791 793 793 784 787 792 788 794
				789 794 788 794 789 795 794 796 792 795 797 794 796 794 797
				797 795 798 797 799 796 798 800 797 799 797 800 801 800 798
				798 802 801 801 802 756 800 749 799 749 800 801 756 752 801
				746 801 752 801 746 749 803 799 749 749 733 803 731 803 733
				804 796 799 799 803 804 796 804 805 803 731 806 806 804 803
				729 806 731 807 805 804 804 806 807 807 806 729 808 805 807
				729 809 807 727 809 729 807 809 810 810 809 727 810 808 807
				727 740 810 808 810 811 811 791 808 810 740 812 812 811 810
				738 812 740 793 791 811 813 812 738 811 812 813 738 736 813
				811 814 793 813 814 811 793 814 815 815 814 813 813 736 816
				816 736 734 816 817 813 813 817 815 734 818 816 818 734 732
				817 816 819 819 816 818 732 820 818 820 732 730 818 821 819
				821 818 820 819 822 817 815 817 822 823 819 821 822 819 823
				820 824 821 821 825 823 825 821 824 730 826 820 824 820 826
				826 730 827 500 827 730 827 500 489 489 484 827 828 827 484
				827 828 826 484 478 828 829 826 828 826 829 824 830 828 478
				828 830 829 478 476 830 830 476 475 831 824 829 824 831 825
				832 829 830 829 832 831 475 833 830 830 833 832 834 831 832
				825 831 834 835 832 833 832 835 834 833 475 836 836 475 422
				422 415 836 413 836 415 836 837 833 833 837 835 836 413 838
				838 837 836 411 838 413 838 411 684 837 838 839 684 839 838
				839 835 837 839 684 840 840 684 682 682 686 840 835 839 841
				840 841 839 841 834 835 842 840 686 841 840 842 843 834 841
				834 843 825 842 844 841 841 844 843 686 845 842 688 845 686
				845 688 696 844 842 846 846 842 845 843 844 847 846 847 844
				825 843 848 847 848 843 848 823 825 845 849 846 696 849 845
				850 823 848 823 850 822 851 848 847 848 851 850 852 847 846
				847 852 851 853 822 850 822 853 815 854 850 851 850 854 853
				855 851 852 851 855 854 846 856 852 856 846 849 854 855 774
				774 781 854 853 854 781 767 774 855 781 857 853 815 853 857
				775 857 781 857 775 780 857 858 815 780 858 857 815 858 793
				858 780 784 784 793 858 855 859 767 852 859 855 763 767 859
				859 852 856 859 860 763 856 860 859 763 860 743 860 856 861
				861 743 860 849 861 856 861 849 696 743 861 862 696 862 861
				862 701 743 701 862 696 468 863 466 863 468 483 469 466 863
				483 864 863 864 483 521 863 865 469 521 866 864 866 521 523
				863 864 867 867 865 863 523 868 866 868 523 525 525 534 868
				864 866 869 869 866 868 869 867 864 870 868 534 868 870 869
				871 867 869 865 867 871 872 869 870 869 872 871 871 873 865
				469 865 873 873 471 469 874 871 872 873 871 874 875 471 873
				465 471 875 874 876 873 873 876 875 875 877 465 878 875 876
				465 877 879 879 460 465 880 877 875 875 878 880 877 880 881
				881 879 877 880 878 882 882 881 880 876 883 878 883 876 874
				884 882 878 878 883 884 881 882 885 882 884 886 886 885 882
				885 887 881 879 881 887 888 885 886 887 885 888 887 889 879
				460 879 889 888 890 887 889 887 890 889 891 460 458 460 891
				890 892 889 891 889 892 891 893 458 445 458 893 892 894 891
				893 891 894 895 892 890 896 894 892 892 895 896 894 897 893
				897 894 896 893 898 445 443 445 898 893 897 899 899 898 893
				898 900 443 440 443 900 898 899 901 901 900 898 900 902 440
				440 902 441 900 901 903 903 902 900 904 901 899 903 901 904
				905 899 897 899 905 904 897 906 905 896 906 897 907 904 905
				908 905 906 905 908 907 909 904 907 904 909 903 906 910 908
				910 906 896 903 909 911 907 912 909 911 909 912 902 903 913
				911 913 903 913 441 902 912 907 914 914 907 908 912 915 911
				908 916 914 916 908 910 914 917 912 915 912 917 910 918 916
				917 919 915 916 918 920 921 911 915 913 911 921 922 918 910
				920 918 922 921 923 913 441 913 923 915 924 921 924 915 919
				923 925 441 441 925 437 926 923 921 927 437 925 437 927 434
				928 925 923 925 928 927 923 926 928 929 434 927 434 929 435
				930 927 928 927 930 929 928 931 930 931 928 926 929 930 932
				932 930 931 435 929 933 932 933 929 926 934 931 931 935 932
				935 931 934 921 936 926 934 926 936 936 921 924 936 937 934
				924 938 936 937 936 938 939 934 937 934 939 935 938 924 940
				919 940 924 938 941 937 937 942 939 942 937 941 940 943 938
				941 938 943 939 942 944 941 945 942 944 942 945 943 946 941
				947 945 941 941 946 947 948 946 943 947 946 948 943 949 948
				949 943 940 948 950 947 940 951 949 950 948 952 952 948 949
				953 951 940 940 919 953 949 951 954 954 951 953 949 955 952
				954 955 949 956 953 919 919 917 956 956 917 914 953 957 954
				914 958 956 959 957 953 953 956 959 960 958 914 914 916 960
				956 958 961 961 958 960 961 959 956 920 960 916 957 959 962
				960 920 963 962 964 957 954 957 964 965 962 959 959 961 965
				964 962 966 966 962 965 966 967 964 965 968 966 969 968 965
				970 964 967 964 970 954 967 971 970 955 954 970 972 970 971
				970 972 955 971 973 972 952 955 972 974 972 973 972 974 952
				973 975 974 976 952 974 952 976 950 977 974 975 974 977 976
				975 978 977 977 978 979 976 977 980 979 980 977 981 950 976
				947 950 981 980 982 976 976 982 981 983 980 979 979 984 983
				983 984 985 986 982 980 980 983 986 981 982 986 985 987 983
				986 983 987 988 987 985 985 989 988 988 989 990 987 991 986
				987 988 992 992 991 987 990 993 988 992 988 993 994 986 991
				986 994 981 995 993 990 990 996 995 995 996 997 997 998 995
				998 997 999 993 995 1000 1000 995 998 999 1001 998 1001 999 1002
				998 1003 1000 1003 998 1001 1000 1004 993 993 1004 992 1002 1005 1001
				1005 1002 1006 1007 992 1004 991 992 1007 1008 1004 1000 1004 1008 1007
				1007 1009 991 991 1009 994 1010 1007 1008 1009 1007 1010 1000 1011 1008
				1011 1000 1003 1012 994 1009 981 994 1012 1010 1013 1009 1009 1013 1012
				1014 1013 1010 1012 1013 1014 1012 1015 981 981 1015 947 1014 1016 1012
				1015 1012 1016 947 1015 1017 1016 1017 1015 1017 945 947 945 1017 944
				1017 1016 1018 1018 944 1017 1016 1014 1019 1019 1018 1016 944 1018 1020
				1020 1018 1019 1020 1021 944 944 1021 939 935 939 1021 1019 1014 1022
				1010 1022 1014 1021 1023 935 1022 1010 1024 1008 1024 1010 935 1023 1025
				1025 932 935 933 932 1025 1026 1023 1021 1021 1020 1026 1027 1025 1023
				1023 1026 1027 1025 1028 933 1025 1027 1029 1029 1028 1025 1030 933 1028
				933 1030 435 1031 1028 1029 1028 1031 1030 1032 435 1030 435 1032 428
				428 1032 363 1030 1033 1032 1033 1030 1031 1034 363 1032 1032 1033 1034
				358 363 1034 1034 356 358 354 356 1034 1034 1033 1035 1031 1035 1033
				1034 1036 354 1035 1036 1034 354 1036 1037 1037 1036 1035 1037 353 354
				1038 1035 1031 1035 1038 1037 1031 1039 1038 1029 1039 1031 1037 1038 1040
				1040 1038 1039 353 1037 1041 1040 1041 1037 1041 1042 353 353 1042 350
				1043 1042 1041 350 1042 1043 1044 1041 1040 1041 1044 1043 1043 1045 350
				350 1045 352 1046 1045 1043 352 1045 1046 1047 1043 1044 1043 1047 1046
				1046 1048 352 348 352 1048 1046 1047 1049 1048 1050 348 346 348 1050
				1048 1046 1051 1049 1051 1046 1050 1048 1052 1051 1052 1048 1050 1053 346
				346 1053 1054 1054 333 346 1055 1053 1050 1054 1053 1055 1052 1056 1050
				1050 1056 1055 333 1054 1057 1057 330 333 330 1057 325 1058 1057 1054
				1059 325 1057 1057 1058 1059 325 1059 1060 1060 321 325 321 1060 320
				1061 1060 1059 320 1060 1061 1062 1059 1058 1059 1062 1061 1054 1063 1058
				1055 1063 1054 1064 1058 1063 1058 1064 1062 1065 1063 1055 1063 1065 1064
				1066 1062 1064 1055 1067 1065 1064 1068 1066 1068 1064 1065 1069 1067 1055
				1055 1056 1069 1065 1067 1070 1070 1067 1069 1065 1071 1068 1070 1071 1065
				1072 1069 1056 1056 1052 1072 1069 1073 1070 1073 1069 1072 1074 1071 1070
				1075 1072 1052 1052 1051 1075 1070 1076 1074 1076 1070 1073 1077 1075 1051
				1051 1049 1077 1071 1074 1078 1078 1068 1071 1077 1049 1079 1079 1049 1047
				1068 1078 1080 1080 1066 1068 1047 1081 1079 1044 1081 1047 1082 1081 1044
				1079 1081 1082 1044 1083 1082 1040 1083 1044 1082 1084 1079 1085 1082 1083
				1084 1082 1085 1086 1083 1040 1083 1086 1085 1040 1087 1086 1039 1087 1040
				1088 1087 1039 1086 1087 1088 1039 1029 1088 1088 1089 1086 1085 1086 1089
				1090 1088 1029 1089 1088 1090 1029 1027 1090 1090 1027 1026 1089 1091 1085
				1026 1092 1090 1093 1085 1091 1085 1093 1084 1094 1092 1026 1026 1020 1094
				1019 1094 1020 1095 1092 1094 1090 1092 1095 1096 1094 1019 1094 1096 1095
				1019 1097 1096 1022 1097 1019 1095 1098 1090 1090 1098 1089 1097 1022 1099
				1024 1099 1022 1089 1098 1100 1100 1091 1089 1098 1095 1101 1101 1100 1098
				1102 1101 1095 1095 1096 1102 1100 1101 1103 1103 1101 1102 1104 1091 1100
				1091 1104 1093 1105 1102 1096 1096 1097 1105 1099 1105 1097 1106 1102 1105
				1102 1106 1103 1105 1099 1107 1105 1108 1106 1107 1108 1105 1109 1107 1099
				1099 1024 1109 1109 1024 1008 1008 1011 1109 1108 1107 1110 1110 1107 1109
				1111 1109 1011 1109 1111 1110 1011 1112 1111 1003 1112 1011 1110 1111 1113
				1113 1111 1112 1110 1114 1108 1106 1108 1114 1115 1112 1003 1112 1115 1113
				1003 1116 1115 1001 1116 1003 1116 1001 1005 1117 1115 1116 1113 1115 1117
				1005 1118 1116 1116 1118 1117 1118 1005 1119 1006 1119 1005 1119 1006 1120
				1120 1121 1119 1119 1122 1118 1122 1119 1121 1123 1117 1118 1118 1122 1123
				1121 1124 1122 1123 1122 1124 1125 1117 1123 1117 1125 1113 1124 1126 1123
				1127 1113 1125 1113 1127 1110 1114 1110 1127 1123 1128 1125 1128 1123 1126
				1125 1129 1127 1129 1125 1128 1127 1130 1114 1130 1127 1129 1131 1114 1130
				1114 1131 1106 1103 1106 1131 1129 1132 1130 1130 1133 1131 1133 1130 1132
				1131 1134 1103 1134 1131 1133 1132 1129 1135 1128 1135 1129 1132 1136 1133
				1137 1135 1128 1138 1133 1136 1133 1138 1134 1135 1139 1132 1139 1135 1137
				1140 1136 1132 1132 1139 1140 1128 1141 1137 1126 1141 1128 1137 1142 1139
				1137 1141 1143 1143 1141 1126 1142 1137 1144 1143 1144 1137 1139 1142 1145
				1145 1140 1139 1144 1146 1142 1145 1142 1146 1144 1143 1147 1146 1144 1148
				1147 1148 1144 1126 1149 1143 1143 1149 1150 1150 1147 1143 1151 1149 1126
				1150 1149 1151 1126 1124 1151 1151 1124 1121 1121 1152 1151 1153 1152 1121
				1152 1153 1154 1151 1152 1155 1154 1155 1152 1155 1156 1151 1151 1156 1150
				1157 1155 1154 1154 1158 1157 1159 1156 1155 1150 1156 1159 1155 1157 1159
				1157 1158 1160 1159 1161 1150 1147 1150 1161 1160 1162 1157 1161 1163 1147
				1164 1159 1157 1157 1162 1164 1165 1161 1159 1159 1164 1165 1166 1163 1161
				1161 1165 1166 1147 1163 1167 1167 1163 1166 1167 1148 1147 1166 1165 1168
				1168 1165 1164 1166 1169 1167 1164 1170 1168 1170 1164 1162 1168 1171 1166
				1169 1166 1171 1172 1162 1160 1162 1172 1170 1160 1173 1172 1172 1173 1174
				1175 1170 1172 1174 1176 1172 1172 1176 1175 1177 1176 1174 1175 1176 1177
				1174 1178 1177 1177 1178 1179 1170 1175 1180 1180 1168 1170 1177 1181 1175
				1180 1175 1181 1179 1182 1177 1181 1177 1182 1183 1182 1179 1179 1184 1183
				1183 1184 969 1182 1185 1181 1185 1182 1183 969 1186 1183 965 1186 969
				1186 965 961 963 1183 1186 1183 963 1185 961 1187 1186 1186 1187 963
				960 1187 961 963 1187 960 1188 1185 963 963 920 1188 922 1188 920
				1185 1188 1189 1189 1188 922 1189 1181 1185 1181 1189 1180 922 1190 1189
				1191 1180 1189 1189 1190 1191 1168 1180 1191 1191 1171 1168 1190 922 1192
				910 1192 922 896 1192 910 1192 1193 1190 1191 1190 1193 1192 896 1194
				1194 1193 1192 1195 1194 896 896 895 1195 1193 1194 1196 1193 1197 1191
				1196 1197 1193 1191 1197 1198 1198 1197 1196 1198 1171 1191 1171 1198 1169
				1196 1199 1198 1169 1198 1199 1200 1196 1194 1199 1196 1200 1194 1195 1200
				1199 1201 1169 1167 1169 1201 1200 1202 1199 1201 1199 1202 1195 1203 1200
				1203 1195 895 1202 1200 1204 895 1205 1203 890 1205 895 1205 890 888
				1203 1205 1206 888 1207 1205 1206 1205 1207 1206 1208 1203 1207 1209 1206
				1208 1210 1203 1200 1203 1210 1211 1210 1208 1208 1212 1211 1210 1213 1200
				1213 1210 1211 1200 1213 1214 1214 1204 1200 1211 1215 1213 1216 1211 1212
				1215 1211 1216 1212 1217 1216 1213 1215 1218 1218 1214 1213 1219 1216 1217
				1217 1220 1219 1221 1214 1218 1221 1204 1214 1218 1222 1221 1204 1221 1223
				1222 1218 1224 1224 1218 1215 1224 1225 1222 1215 1226 1224 1216 1226 1215
				1225 1224 1227 1227 1228 1225 1224 1226 1229 1229 1226 1216 1228 1227 1230
				1230 1231 1228 1232 1227 1224 1230 1227 1232 1229 1233 1224 1224 1233 1232
				1231 1230 1234 1234 1235 1231 1236 1235 1234 1232 1237 1230 1234 1230 1237
				1234 1238 1236 1239 1236 1238 1237 1240 1234 1238 1234 1240 1238 1241 1239
				1223 1239 1241 1240 1242 1238 1241 1238 1242 1241 1243 1223 1223 1243 1204
				1242 1244 1241 1243 1241 1244 1242 1240 1245 1245 1240 1237 1244 1242 1246
				1245 1246 1242 1204 1243 1247 1247 1202 1204 1202 1247 1201 1247 1243 1248
				1244 1248 1243 1201 1247 1249 1248 1249 1247 1250 1248 1244 1251 1249 1248
				1248 1250 1251 1244 1252 1250 1246 1252 1244 1253 1251 1250 1254 1250 1252
				1250 1254 1253 1255 1252 1246 1252 1255 1254 1246 1256 1255 1256 1246 1245
				1257 1254 1255 1258 1255 1256 1255 1258 1257 1254 1257 1259 1259 1253 1254
				1257 1258 1260 1260 1259 1257 1253 1259 1261 1261 1259 1260 1251 1253 1262
				1261 1262 1253 1262 1263 1251 1249 1251 1263 1263 1264 1249 1249 1264 1201
				1264 1263 1265 1201 1264 1266 1265 1266 1264 1263 1262 1267 1267 1265 1263
				1266 1268 1201 1201 1268 1167 1148 1167 1268 1268 1269 1148 1269 1268 1266
				1148 1269 1146 1266 1270 1269 1146 1269 1270 1271 1270 1266 1266 1265 1271
				1270 1272 1146 1272 1270 1271 1146 1272 1145 1273 1271 1265 1265 1267 1273
				1271 1274 1272 1145 1272 1274 1271 1273 1275 1275 1274 1271 1274 1276 1145
				1140 1145 1276 1277 1276 1274 1274 1275 1277 1276 1278 1140 1278 1276 1277
				1136 1140 1278 1279 1277 1275 1278 1280 1136 1136 1280 1138 1277 1281 1278
				1282 1280 1278 1278 1281 1282 1283 1138 1280 1280 1282 1283 1284 1281 1277
				1277 1279 1284 1285 1282 1281 1281 1284 1285 1286 1283 1282 1282 1285 1286
				1138 1283 1287 1287 1134 1138 1288 1287 1283 1283 1286 1288 1134 1287 1289
				1289 1287 1288 1289 1103 1134 1103 1289 1100 1100 1289 1104 1288 1104 1289
				1104 1288 1290 1290 1288 1286 1290 1093 1104 1286 1291 1290 1093 1290 1292
				1292 1084 1093 1079 1084 1292 1293 1291 1286 1286 1285 1293 1292 1294 1079
				1079 1294 1077 1295 1292 1290 1294 1292 1295 1290 1291 1295 1296 1077 1294
				1075 1077 1296 1295 1297 1294 1294 1297 1296 1298 1295 1291 1291 1293 1298
				1299 1297 1295 1295 1298 1299 1300 1293 1285 1298 1293 1300 1285 1284 1300
				1300 1301 1298 1299 1298 1301 1302 1300 1284 1301 1300 1302 1284 1279 1302
				1301 1303 1299 1302 1279 1304 1275 1304 1279 1304 1275 1273 1297 1299 1305
				1305 1299 1303 1305 1296 1297 1273 1306 1304 1306 1273 1267 1307 1304 1306
				1304 1307 1302 1267 1308 1306 1308 1267 1262 1306 1309 1307 1262 1310 1308
				1310 1262 1261 1306 1308 1311 1311 1309 1306 1308 1310 1312 1312 1311 1308
				1261 1313 1310 1314 1309 1311 1307 1309 1314 1315 1311 1312 1311 1315 1314
				1316 1312 1310 1310 1313 1316 1312 1317 1315 1317 1312 1316 1313 1261 1318
				1260 1318 1261 1319 1316 1313 1318 1320 1313 1313 1320 1319 1321 1318 1260
				1320 1318 1321 1260 1322 1321 1322 1260 1258 1321 1323 1320 1258 1324 1322
				1256 1324 1258 1321 1322 1325 1325 1322 1324 1324 1256 1326 1245 1326 1256
				1326 1327 1324 1324 1327 1325 1326 1245 1328 1237 1328 1245 1327 1326 1329
				1328 1329 1326 1329 1330 1327 1325 1327 1330 1331 1329 1328 1332 1328 1237
				1328 1332 1331 1237 1232 1332 1332 1232 1233 1333 1330 1329 1329 1331 1333
				1233 1334 1332 1335 1331 1332 1332 1334 1335 1336 1333 1331 1331 1335 1336
				1337 1334 1233 1233 1229 1337 1338 1335 1334 1334 1337 1338 1339 1336 1335
				1335 1338 1339 1337 1229 1340 1216 1340 1229 1338 1337 1341 1340 1341 1337
				1341 1342 1338 1339 1338 1342 1343 1341 1340 1342 1341 1343 1344 1340 1216
				1340 1344 1343 1216 1219 1344 1344 1219 1345 1345 1219 1220 1220 1346 1345
				1345 1347 1344 1343 1344 1347 1348 1345 1346 1347 1345 1348 1346 1349 1348
				1348 1349 1350 1350 1351 1348 1351 1350 1209 1209 1207 1351 1352 1348 1351
				1348 1352 1347 1353 1351 1207 1351 1353 1352 1207 888 1353 886 1353 888
				1354 1352 1353 1353 886 1354 1347 1352 1354 1354 886 884 1354 1355 1347
				1347 1355 1343 884 1356 1354 1355 1354 1356 1356 884 883 1357 1343 1355
				1343 1357 1342 883 1358 1356 874 1358 883 1356 1359 1355 1359 1356 1358
				1355 1359 1357 1360 1358 874 1358 1360 1359 1361 1342 1357 1342 1361 1339
				1362 1357 1359 1357 1362 1361 1359 1360 1362 874 1363 1360 1362 1360 1363
				872 1363 874 1364 1361 1362 1339 1361 1364 1363 1365 1362 1362 1365 1364
				1363 872 1366 1366 1365 1363 870 1366 872 1367 1364 1365 1365 1366 1367
				1366 870 1368 1368 1367 1366 534 1368 870 1369 1364 1367 1364 1369 1339
				1370 1367 1368 1367 1370 1369 1368 534 1371 532 1371 534 1368 1372 1370
				1371 1372 1368 1370 1372 1373 1373 1372 1371 1374 1371 532 1371 1374 1373
				532 530 1374 1373 1375 1370 1369 1370 1375 1376 1373 1374 1375 1377 1369
				1339 1369 1377 1377 1336 1339 1333 1336 1377 1378 1377 1375 1377 1378 1333
				1379 1375 1373 1375 1379 1378 1373 1376 1379 1333 1378 1380 1380 1378 1379
				1380 1330 1333 1330 1380 1325 1379 1381 1380 1325 1380 1381 1381 1379 1376
				1381 1382 1325 1325 1382 1321 1323 1321 1382 1376 1383 1381 1382 1381 1383
				1382 1384 1323 1383 1384 1382 1385 1323 1384 1320 1323 1385 1385 1319 1320
				1386 1384 1383 1384 1386 1385 1383 1376 1387 1374 1387 1376 1387 1374 530
				1387 1388 1383 1383 1388 1386 530 1389 1387 1388 1387 1389 529 1389 530
				1389 1390 1388 1390 1389 529 1386 1388 1390 529 1391 1390 1391 529 528
				1390 1392 1386 1392 1390 1391 1385 1386 1392 528 1393 1391 535 1393 528
				1391 1394 1392 1394 1391 1393 1392 1395 1385 1319 1385 1395 1392 1394 1396
				1396 1395 1392 1393 1397 1394 1396 1394 1397 1393 535 1398 1398 1397 1393
				537 1398 535 1397 1399 1396 1398 537 1400 1400 537 539 1397 1398 1401
				1400 1401 1398 1401 1399 1397 539 1402 1400 1403 1396 1399 1395 1396 1403
				1395 1404 1319 1403 1404 1395 1316 1319 1404 1404 1405 1316 1405 1404 1403
				1316 1405 1317 1403 1406 1405 1317 1405 1406 1399 1407 1403 1406 1408 1317
				1403 1407 1409 1409 1406 1403 1410 1407 1399 1399 1401 1410 1411 1409 1407
				1407 1410 1411 1406 1409 1412 1412 1408 1406 1409 1411 1413 1413 1412 1409
				1317 1408 1414 1414 1408 1412 1414 1315 1317 1314 1315 1414 1412 1415 1414
				1414 1416 1314 1416 1414 1415 1417 1415 1412 1412 1413 1417 1415 1418 1416
				1415 1417 1419 1419 1418 1415 1314 1416 1420 1420 1416 1418 1420 1421 1314
				1314 1421 1307 1302 1307 1421 1421 1422 1302 1422 1421 1420 1302 1422 1301
				1301 1422 1423 1420 1423 1422 1423 1303 1301 1423 1420 1424 1418 1424 1420
				1303 1423 1425 1424 1425 1423 1425 1426 1303 1303 1426 1305 1426 1425 1427
				1427 1425 1424 1305 1426 1428 1427 1428 1426 1429 1424 1418 1418 1419 1429
				1424 1430 1427 1424 1429 1431 1431 1430 1424 1432 1429 1419 1433 1431 1429
				1429 1432 1433 1430 1431 1434 1434 1431 1433 1427 1430 1435 1434 1435 1430
				1435 1436 1427 1428 1427 1436 1437 1435 1434 1436 1438 1428 1433 1439 1434
				1440 1428 1438 1428 1440 1305 1441 1434 1439 1434 1441 1437 1442 1439 1433
				1439 1443 1441 1443 1439 1442 1433 1444 1442 1444 1433 1432 1442 1445 1443
				1432 1446 1444 1447 1442 1444 1445 1442 1447 1448 1444 1446 1444 1448 1447
				1446 1432 1449 1419 1449 1432 1449 1419 1417 1446 1450 1448 1417 1451 1449
				1451 1417 1413 1449 1452 1446 1450 1446 1452 1453 1452 1449 1449 1451 1453
				1452 1454 1450 1454 1452 1453 1413 1455 1451 1455 1413 1411 1456 1453 1451
				1451 1455 1456 1411 1457 1455 1456 1455 1457 1457 1411 1410 1458 1453 1456
				1453 1458 1454 1410 1459 1457 1459 1410 1401 1401 1400 1459 1457 1460 1456
				1460 1457 1459 1461 1459 1400 1459 1461 1460 1400 1402 1461 1462 1456 1460
				1456 1462 1458 1463 1460 1461 1460 1463 1462 1464 1461 1402 1461 1464 1463
				1465 1458 1462 1466 1462 1463 1462 1466 1465 1467 1463 1464 1463 1467 1466
				1458 1465 1468 1468 1454 1458 1469 1465 1466 1468 1465 1469 1470 1466 1467
				1466 1470 1469 1454 1468 1471 1471 1450 1454 1448 1450 1471 1469 1472 1468
				1471 1468 1472 1471 1473 1448 1447 1448 1473 1472 1474 1471 1475 1473 1471
				1471 1474 1475 1473 1476 1447 1476 1473 1475 1477 1474 1472 1478 1475 1474
				1474 1477 1478 1475 1479 1476 1479 1475 1478 1472 1480 1477 1480 1472 1469
				1478 1477 1481 1469 1482 1480 1482 1469 1470 1477 1480 1483 1483 1481 1477
				1480 1482 1484 1484 1483 1480 1470 1485 1482 1486 1484 1482 1482 1485 1486
				1483 1484 1487 1485 1470 1488 1467 1488 1470 1489 1487 1484 1484 1486 1489
				1487 1490 1483 1481 1483 1490 1491 1487 1489 1492 1490 1487 1487 1491 1492
				1490 1493 1481 1490 1492 1494 1494 1493 1490 1495 1481 1493 1481 1495 1478
				1493 1494 1496 1497 1478 1495 1478 1497 1479 1493 1498 1495 1496 1498 1493
				1495 1499 1497 1499 1495 1498 1479 1497 1500 1500 1497 1499 1498 1496 1501
				1498 1502 1499 1501 1502 1498 1499 1503 1500 1503 1499 1502 1500 1503 1504
				1502 1504 1503 1500 1505 1479 1476 1479 1505 1504 1506 1500 1505 1500 1507
				1507 1500 1506 1505 1508 1476 1506 1509 1507 1476 1508 1510 1510 1447 1476
				1447 1510 1445 1507 1511 1505 1511 1507 1509 1512 1508 1505 1505 1511 1512
				1513 1510 1508 1508 1512 1513 1514 1445 1510 1510 1513 1514 1445 1514 1515
				1515 1443 1445 1516 1514 1513 1517 1443 1515 1518 1515 1514 1514 1516 1518
				1517 1515 1518 1513 1519 1516 1519 1513 1512 1518 1516 1520 1520 1516 1519
				1512 1521 1519 1521 1512 1511 1519 1522 1520 1522 1519 1521 1511 1523 1521
				1509 1523 1511 1521 1523 1524 1524 1523 1509 1521 1525 1522 1524 1525 1521
				1509 1526 1524 1526 1509 1506 1525 1524 1527 1527 1524 1526 1522 1525 1528
				1527 1528 1525 1506 1529 1526 1529 1506 1504 1526 1530 1527 1530 1526 1529
				1528 1527 1531 1531 1527 1530 1504 1532 1529 1532 1504 1502 1529 1533 1530
				1533 1529 1532 1530 1534 1531 1534 1530 1533 1502 1535 1532 1535 1502 1501
				1532 1536 1533 1532 1535 1537 1537 1536 1532 1538 1533 1536 1533 1538 1534
				1539 1536 1537 1536 1539 1538 1537 1535 1540 1501 1540 1535 1541 1534 1538
				1542 1540 1501 1538 1543 1541 1543 1538 1539 1542 1501 1544 1540 1542 1545
				1546 1545 1542 1545 1547 1540 1540 1547 1537 1547 1545 1548 1545 1546 1549
				1548 1550 1547 1551 1537 1547 1547 1550 1551 1537 1551 1539 1550 1548 1552
				1553 1539 1551 1539 1553 1543 1554 1551 1550 1551 1554 1553 1550 1555 1554
				1552 1555 1550 1556 1553 1554 1557 1554 1555 1554 1557 1556 1558 1543 1553
				1553 1556 1558 1555 1559 1557 1559 1555 1552 1560 1556 1557 1561 1558 1556
				1556 1560 1561 1543 1558 1562 1562 1541 1543 1558 1561 1563 1563 1562 1558
				1564 1561 1560 1563 1561 1564 1557 1565 1560 1565 1557 1559 1560 1566 1564
				1566 1560 1565 1564 1567 1563 1559 1568 1565 1569 1563 1567 1562 1563 1569
				1568 1559 1570 1552 1570 1559 1569 1571 1562 1541 1562 1571 1570 1552 1572
				1549 1572 1552 1571 1573 1541 1534 1541 1573 1573 1531 1534 1573 1571 1574
				1574 1571 1569 1575 1531 1573 1531 1575 1528 1574 1576 1573 1573 1576 1575
				1577 1528 1575 1528 1577 1522 1520 1522 1577 1575 1578 1577 1578 1575 1576
				1577 1579 1520 1579 1577 1578 1576 1580 1578 1581 1580 1576 1576 1574 1581
				1578 1580 1582 1582 1580 1581 1578 1583 1579 1582 1583 1578 1581 1574 1584
				1569 1584 1574 1579 1583 1585 1584 1569 1586 1567 1586 1569 1587 1585 1583
				1583 1582 1587 1585 1588 1579 1520 1579 1588 1585 1587 1589 1588 1590 1520
				1520 1590 1518 1588 1585 1591 1589 1591 1585 1590 1588 1592 1591 1592 1588
				1518 1590 1593 1592 1593 1590 1593 1594 1518 1518 1594 1517 1593 1592 1595
				1594 1593 1596 1595 1596 1593 1517 1594 1597 1596 1597 1594 1597 1598 1517
				1443 1517 1598 1598 1441 1443 1597 1596 1599 1441 1598 1600 1598 1597 1601
				1601 1600 1598 1599 1601 1597 1441 1600 1602 1602 1437 1441 1600 1601 1603
				1603 1602 1600 1601 1599 1604 1604 1603 1601 1605 1599 1596 1604 1599 1605
				1596 1595 1605 1602 1603 1606 1607 1605 1595 1606 1608 1602 1437 1602 1608
				1609 1606 1603 1603 1604 1609 1608 1610 1437 1435 1437 1610 1608 1606 1611
				1610 1612 1435 1436 1435 1612 1610 1608 1613 1611 1613 1608 1612 1610 1614
				1613 1614 1610 1612 1615 1436 1614 1616 1612 1615 1612 1616 1617 1614 1613
				1616 1614 1617 1436 1615 1618 1618 1438 1436 1616 1619 1615 1620 1438 1618
				1438 1620 1440 1621 1618 1615 1615 1619 1621 1622 1618 1621 1618 1622 1620
				1623 1621 1619 1621 1623 1622 1619 1616 1624 1617 1624 1616 1619 1625 1623
				1624 1625 1619 1622 1623 1626 1626 1623 1625 1620 1622 1627 1626 1627 1622
				1627 1628 1620 1440 1620 1628 1629 1627 1626 1630 1628 1627 1627 1629 1630
				1628 1631 1440 1628 1630 1632 1632 1631 1628 1633 1440 1631 1305 1440 1633
				1631 1632 1634 1634 1633 1631 1635 1632 1630 1634 1632 1635 1633 1636 1305
				1305 1636 1296 1296 1636 1075 1072 1075 1636 1636 1633 1072 1072 1633 1634
				1072 1634 1073 1635 1073 1634 1073 1635 1076 1630 1637 1635 1637 1630 1629
				1638 1076 1635 1635 1637 1638 1629 1639 1637 1638 1637 1639 1639 1629 1640
				1626 1640 1629 1076 1638 1641 1641 1074 1076 1078 1074 1641 1639 1642 1638
				1641 1643 1078 1644 1641 1638 1643 1641 1644 1638 1642 1644 1078 1643 1645
				1645 1080 1078 1644 1646 1643 1643 1646 1645 1642 1639 1647 1640 1647 1639
				1648 1644 1642 1647 1649 1642 1642 1649 1648 1650 1646 1644 1651 1644 1648
				1644 1651 1650 1652 1648 1649 1648 1653 1651 1653 1648 1652 1650 1651 1654
				1654 1651 1653 1646 1650 1655 1655 1645 1646 1654 1656 1650 1655 1650 1656
				1653 1657 1654 1656 1658 1655 1659 1654 1657 1660 1657 1653 1659 1657 1660
				1653 1661 1660 1652 1661 1653 1654 1659 1662 1663 1661 1652 1662 1664 1654
				1656 1654 1664 1661 1663 1665 1665 1660 1661 1664 1666 1656 1658 1656 1666
				1667 1666 1664 1668 1658 1666 1666 1667 1668 1664 1669 1667 1669 1664 1662
				1670 1668 1667 1667 1671 1670 1671 1667 1669 1669 1672 1671 1673 1668 1670
				1670 1674 1673 1672 1669 1675 1662 1675 1669 1675 1676 1672 1675 1662 1677
				1677 1662 1659 1676 1675 1678 1677 1678 1675 1659 1679 1677 1679 1659 1660
				1678 1677 1680 1680 1677 1679 1678 1681 1676 1676 1681 1682 1683 1682 1681
				1681 1678 1684 1680 1684 1678 1681 1685 1683 1684 1685 1681 1686 1683 1685
				1685 1687 1686 1688 1686 1687 1685 1684 1689 1689 1687 1685 1687 1690 1688
				1690 1687 1689 1691 1688 1690 1692 1689 1684 1684 1680 1692 1689 1693 1690
				1693 1689 1692 1690 1694 1691 1694 1690 1693 1695 1691 1694 1692 1680 1696
				1679 1696 1680 1694 1697 1695 1698 1695 1697 1693 1699 1694 1697 1694 1699
				1692 1700 1693 1699 1693 1700 1697 1701 1698 1702 1698 1701 1699 1703 1697
				1701 1697 1703 1700 1704 1699 1703 1699 1704 1700 1692 1705 1696 1705 1692
				1700 1706 1704 1705 1706 1700 1705 1696 1707 1706 1705 1708 1707 1708 1705
				1706 1708 1709 1709 1708 1707 1704 1706 1710 1709 1710 1706 1696 1711 1707
				1696 1679 1711 1660 1711 1679 1711 1660 1665 1707 1712 1709 1665 1713 1711
				1714 1707 1711 1712 1707 1714 1713 1715 1711 1711 1715 1714 1715 1713 1716
				1716 1713 1665 1714 1715 1717 1716 1717 1715 1665 1718 1716 1717 1719 1714
				1720 1718 1665 1665 1663 1720 1716 1718 1721 1720 1663 1722 1663 1652 1722
				1718 1720 1723 1723 1721 1718 1722 1652 1724 1649 1724 1652 1724 1649 1647
				1724 1725 1722 1647 1726 1724 1727 1722 1725 1722 1727 1720 1728 1725 1724
				1724 1726 1728 1725 1728 1727 1729 1726 1647 1728 1726 1729 1647 1640 1729
				1727 1728 1730 1729 1730 1728 1720 1727 1731 1730 1731 1727 1731 1723 1720
				1732 1730 1729 1731 1730 1732 1733 1729 1640 1729 1733 1732 1640 1626 1733
				1625 1733 1626 1733 1625 1624 1732 1734 1731 1723 1731 1734 1735 1734 1732
				1734 1736 1723 1736 1734 1735 1721 1723 1736 1732 1737 1735 1737 1732 1733
				1735 1738 1736 1738 1735 1737 1736 1739 1721 1739 1736 1738 1740 1721 1739
				1721 1740 1716 1717 1716 1740 1740 1741 1717 1719 1717 1741 1739 1742 1740
				1741 1740 1742 1742 1739 1743 1738 1743 1739 1743 1744 1742 1743 1738 1745
				1744 1743 1745 1742 1746 1741 1746 1742 1744 1741 1747 1719 1744 1748 1746
				1749 1719 1747 1714 1719 1749 1750 1747 1741 1741 1746 1750 1747 1751 1749
				1751 1747 1750 1752 1714 1749 1714 1752 1712 1753 1750 1746 1746 1748 1753
				1754 1750 1753 1750 1754 1751 1748 1744 1755 1745 1755 1744 1755 1756 1748
				1756 1753 1748 1755 1745 1757 1756 1755 1757 1753 1758 1754 1757 1759 1756
				1753 1756 1760 1760 1758 1753 1756 1759 1760 1754 1758 1761 1761 1758 1760
				1759 1757 1762 1762 1757 1745 1760 1759 1763 1762 1763 1759 1763 1764 1760
				1760 1764 1761 1764 1763 1765 1765 1763 1762 1766 1761 1764 1765 1767 1764
				1764 1767 1766 1761 1768 1754 1768 1761 1766 1751 1754 1768 1767 1765 1769
				1762 1769 1765 1768 1770 1751 1769 1771 1767 1751 1770 1772 1772 1749 1751
				1749 1772 1752 1767 1771 1773 1773 1766 1767 1774 1772 1770 1766 1775 1768
				1770 1768 1775 1772 1774 1776 1776 1752 1772 1770 1777 1774 1776 1774 1777
				1775 1777 1770 1777 1778 1776 1778 1777 1775 1779 1775 1766 1775 1779 1778
				1766 1773 1779 1780 1776 1778 1752 1776 1780 1781 1778 1779 1778 1781 1780
				1782 1779 1773 1779 1782 1781 1773 1783 1782 1783 1773 1771 1782 1784 1781
				1784 1782 1783 1785 1780 1781 1781 1784 1785 1771 1786 1783 1771 1769 1786
				1783 1787 1784 1786 1787 1783 1788 1785 1784 1784 1787 1788 1780 1785 1789
				1780 1789 1752 1790 1785 1788 1789 1785 1790 1752 1789 1791 1790 1791 1789
				1791 1712 1752 1712 1791 1792 1792 1709 1712 1791 1790 1793 1793 1792 1791
				1788 1794 1790 1611 1793 1790 1790 1794 1611 1794 1788 1795 1795 1788 1787
				1611 1794 1796 1795 1796 1794 1796 1613 1611 1613 1796 1617 1617 1796 1795
				1793 1611 1797 1797 1611 1606 1797 1606 1609 1797 1798 1793 1792 1793 1798
				1609 1799 1797 1798 1797 1799 1798 1800 1792 1709 1792 1800 1801 1798 1799
				1798 1801 1800 1800 1802 1709 1710 1709 1802 1800 1801 1803 1803 1802 1800
				1799 1804 1801 1803 1801 1804 1802 1805 1710 1805 1802 1803 1806 1710 1805
				1710 1806 1704 1803 1807 1805 1808 1704 1806 1704 1808 1703 1805 1809 1806
				1809 1805 1807 1806 1810 1808 1810 1806 1809 1703 1808 1811 1811 1808 1810
				1812 1703 1811 1703 1812 1701 1810 1813 1811 1814 1701 1812 1701 1814 1702
				1815 1702 1814 1811 1816 1812 1813 1816 1811 1814 1817 1815 1818 1815 1817
				1812 1819 1814 1817 1820 1818 1821 1817 1814 1814 1819 1821 1820 1817 1821
				1822 1818 1820 1823 1819 1812 1812 1816 1823 1824 1821 1819 1819 1823 1824
				1821 1825 1820 1825 1821 1824 1823 1816 1826 1826 1824 1823 1827 1826 1816
				1824 1826 1828 1828 1826 1827 1824 1829 1825 1828 1829 1824 1816 1830 1827
				1830 1816 1813 1831 1825 1829 1820 1825 1831 1813 1832 1830 1832 1813 1810
				1827 1830 1833 1833 1830 1832 1810 1834 1832 1809 1834 1810 1835 1832 1834
				1832 1835 1833 1836 1834 1809 1834 1836 1835 1833 1837 1827 1827 1837 1828
				1838 1833 1835 1837 1833 1838 1839 1835 1836 1835 1839 1838 1809 1840 1836
				1807 1840 1809 1836 1841 1839 1841 1836 1840 1839 1841 1842 1840 1843 1841
				1842 1841 1843 1840 1807 1844 1844 1843 1840 1839 1842 1845 1845 1838 1839
				1843 1846 1842 1846 1843 1844 1845 1842 1846 1847 1844 1807 1807 1803 1847
				1804 1847 1803 1844 1848 1846 1847 1848 1844 1846 1849 1845 1849 1846 1848
				1850 1838 1845 1838 1850 1837 1845 1851 1850 1851 1845 1849 1837 1850 1852
				1852 1850 1851 1852 1828 1837 1849 1853 1851 1828 1852 1854 1854 1829 1828
				1851 1855 1852 1854 1852 1855 1855 1851 1853 1829 1854 1831 1855 1856 1854
				1831 1854 1856 1853 1857 1855 1856 1855 1857 1853 1849 1858 1848 1858 1849
				1857 1853 1859 1858 1859 1853 1860 1858 1848 1847 1860 1848 1861 1858 1860
				1859 1858 1861 1847 1862 1860 1861 1860 1862 1862 1847 1804 1862 1804 1799
				1799 1863 1862 1799 1609 1863 1864 1862 1863 1862 1864 1861 1865 1863 1609
				1863 1865 1864 1609 1604 1865 1864 1866 1861 1866 1864 1865 1865 1604 1867
				1605 1867 1604 1865 1868 1866 1867 1868 1865 1869 1867 1605 1605 1607 1869
				1870 1868 1867 1867 1869 1870 1871 1866 1868 1868 1870 1871 1872 1861 1866
				1861 1872 1859 1866 1871 1873 1873 1872 1866 1874 1859 1872 1872 1873 1874
				1859 1874 1857 1873 1871 1875 1875 1871 1870 1874 1873 1876 1876 1873 1875
				1877 1857 1874 1857 1877 1856 1876 1878 1874 1874 1878 1877 1879 1856 1877
				1856 1879 1831 1880 1877 1878 1877 1880 1879 1881 1878 1876 1878 1881 1880
				1882 1831 1879 1831 1882 1820 1820 1882 1822 1822 1882 1883 1879 1883 1882
				1883 1884 1822 1879 1880 1885 1885 1883 1879 1884 1883 1886 1883 1885 1886
				1886 1887 1884 1888 1885 1880 1886 1885 1888 1880 1881 1888 1888 1889 1886
				1887 1886 1889 1890 1888 1881 1889 1888 1890 1876 1891 1881 1881 1891 1890
				1891 1876 1875 1890 1892 1889 1875 1893 1891 1894 1889 1892 1889 1894 1887
				1895 1890 1891 1891 1893 1895 1896 1892 1890 1890 1895 1896 1893 1875 1897
				1870 1897 1875 1897 1898 1893 1895 1893 1898 1899 1897 1870 1898 1897 1899
				1870 1869 1899 1899 1869 1607 1898 1900 1895 1899 1901 1898 1900 1898 1901
				1607 1902 1899 1901 1899 1902 1895 1900 1903 1903 1896 1895 1901 1904 1900
				1903 1900 1904 1902 1905 1901 1904 1901 1905 1902 1607 1906 1595 1906 1607
				1906 1595 1592 1592 1591 1906 1906 1907 1902 1907 1906 1591 1905 1902 1907
				1591 1589 1907 1907 1908 1905 1908 1907 1589 1905 1909 1904 1909 1905 1908
				1589 1910 1908 1910 1589 1587 1908 1911 1909 1911 1908 1910 1912 1904 1909
				1904 1912 1903 1587 1913 1910 1913 1587 1582 1914 1903 1912 1896 1903 1914
				1909 1915 1912 1915 1909 1911 1912 1916 1914 1916 1912 1915 1914 1917 1896
				1892 1896 1917 1917 1918 1892 1892 1918 1894 1919 1917 1914 1919 1918 1917
				1894 1918 650 1919 648 1918 650 1918 648 624 648 1919 650 1920 1894
				1887 1894 1920 1920 650 644 1919 1921 624 1914 1921 1919 1921 1914 1916
				582 624 1921 1916 1922 1921 1921 1922 582 582 1922 1923 1923 1922 1916
				1923 578 582 578 1923 554 1916 1924 1923 554 1923 1924 1915 1924 1916
				1924 557 554 1924 1915 1925 1925 557 1924 1911 1925 1915 557 1925 555
				1925 1911 1926 1926 555 1925 1910 1926 1911 1926 1910 1913 555 1926 1927
				1913 1927 1926 1927 550 555 548 550 1927 1927 1913 1928 1582 1928 1913
				1581 1928 1582 1927 1929 548 1928 1929 1927 1928 1581 1930 1930 1929 1928
				1584 1930 1581 1931 548 1929 1929 1930 1931 1931 1930 1584 548 1931 542
				1584 1932 1931 542 1931 1932 1586 1932 1584 1932 1933 542 542 1933 541
				1932 1586 1934 1934 1933 1932 1935 541 1933 1933 1934 1935 541 1935 539
				1402 539 1935 1936 1934 1586 1586 1567 1936 1935 1937 1402 1402 1937 1464
				1935 1934 1938 1938 1937 1935 1939 1464 1937 1937 1938 1939 1464 1939 1467
				1488 1467 1939 1940 1939 1938 1939 1940 1488 1941 1938 1934 1938 1941 1940
				1934 1936 1941 1942 1488 1940 1488 1942 1485 1943 1940 1941 1940 1943 1942
				1941 1936 1944 1944 1936 1567 1567 1564 1944 1944 1564 1566 1941 1945 1943
				1944 1945 1941 1942 1943 1946 1946 1943 1945 1485 1942 1947 1946 1947 1942
				1947 1486 1485 1945 1944 1948 1566 1948 1944 1486 1947 1949 1949 1947 1946
				1949 1489 1486 1948 1950 1945 1945 1950 1946 1950 1948 1951 1951 1948 1566
				1946 1950 1952 1951 1952 1950 1566 1953 1951 1565 1953 1566 1954 1953 1565
				1951 1953 1954 1565 1568 1954 1954 1955 1951 1952 1951 1955 1954 1568 1956
				1570 1956 1568 1955 1954 1957 1956 1957 1954 1956 1570 1958 1572 1958 1570
				1957 1956 1959 1958 1959 1956 1955 1957 1960 1959 1960 1957 1958 1572 1961
				1959 1958 1962 1961 1962 1958 1960 1959 1963 1962 1963 1959 1964 1961 1572
				1572 1549 1964 1962 1961 1965 1965 1961 1964 1965 1966 1962 1963 1962 1966
				1964 1967 1965 1966 1968 1963 1969 1967 1964 1970 1963 1968 1963 1970 1960
				1968 1971 1970 1972 1960 1970 1960 1972 1955 1973 1970 1971 1970 1973 1972
				1971 1974 1973 1975 1955 1972 1955 1975 1952 1976 1972 1973 1972 1976 1975
				1977 1973 1974 1973 1977 1976 1974 1978 1977 1979 1975 1976 1952 1975 1979
				1980 1976 1977 1976 1980 1979 1981 1977 1978 1977 1981 1980 1978 1982 1981
				1981 1982 1983 1979 1984 1952 1952 1984 1946 1946 1984 1949 1949 1984 1979
				1979 1985 1949 1985 1979 1980 1949 1985 1986 1986 1489 1949 1980 1987 1985
				1986 1985 1987 1987 1980 1981 1489 1986 1491 1981 1988 1987 1983 1988 1981
				1987 1989 1986 1989 1987 1988 1491 1986 1989 1990 1988 1983 1988 1990 1989
				1983 1991 1990 1990 1991 1992 1989 1993 1491 1993 1989 1990 1492 1491 1993
				1992 1994 1990 1990 1994 1993 1993 1995 1492 1995 1993 1994 1494 1492 1995
				1996 1994 1992 1994 1996 1995 1992 1997 1996 1995 1998 1494 1998 1995 1996
				1999 1996 1997 1996 1999 1998 1997 2000 1999 1494 1998 2001 2001 1998 1999
				2001 1496 1494 1501 1496 2001 2001 1544 1501 2002 1999 2000 1999 2002 2001
				1544 2001 2002 2000 2003 2002 2002 2003 2004 2002 2005 1544 2004 2005 2002
				2006 1544 2005 2005 2004 2007 2005 2008 2006 2007 2008 2005 1546 2006 2008
				2009 2008 2007 2008 2009 1546 1549 1546 2009 2009 1964 1549 2007 1969 2009
				1964 2009 1969 2010 2011 1969 1969 2011 2012 2013 2011 2010 2012 2011 2014
				2015 2011 2013 2014 2011 2016 2017 2011 2015 2016 2011 2018 2019 2011 2017
				2018 2011 2020 2021 2011 2019 2020 2011 2022 2023 2011 2021 2022 2011 2024
				2025 2011 2023 2024 2011 2026 2026 2011 2025 2027 2028 2029 2029 2030 2027
				2029 2028 2031 2032 2030 2029 2033 2029 2031 2031 2034 2033 2033 2034 2035
				2029 2036 2032 2036 2029 2033 1674 2032 2036 2036 1673 1674 2035 2037 2033
				2037 2035 2038 2033 2039 2036 1673 2036 2039 2039 2033 2037 2039 2040 1673
				1668 1673 2040 2040 1658 1668 1655 1658 2040 2040 2039 2041 2037 2041 2039
				2040 2042 1655 2041 2042 2040 1645 1655 2042 2042 2043 1645 2043 2042 2041
				1080 1645 2043 2044 2041 2037 2041 2044 2043 2043 2045 1080 2045 2043 2044
				1066 1080 2045 2037 2046 2044 2038 2046 2037 2046 2038 2047 2044 2048 2045
				2048 2044 2046 2045 2049 1066 2049 2045 2048 1062 1066 2049 2049 1061 1062
				2047 2050 2046 2046 2050 2048 2050 2047 319 2048 2051 2049 2051 2048 2050
				1061 2049 2051 319 2052 2050 2050 2052 2051 318 2052 319 2051 2053 1061
				2053 2051 2052 2052 318 2053 1061 2053 320 320 2053 318 246 241 2054
				242 2054 241 2054 2055 246 246 2055 272 2056 2054 242 242 2057 2056
				2058 2055 2054 2054 2056 2058 272 2055 2059 2055 2058 2059 2060 2056 2057
				2057 2061 2060 2062 2058 2056 2056 2060 2062 2059 2058 2062 2063 2060 2061
				2061 2064 2063 2065 2062 2060 2060 2063 2065 2062 2066 2059 2066 2062 2065
				2059 2067 272 2067 2059 2066 272 2067 274 277 274 2067 2066 2068 2067
				2067 2068 277 2065 2069 2066 2070 277 2068 2071 2068 2066 2068 2071 2070
				2069 2072 2066 2066 2072 2071 2069 2065 2073 2073 2065 2063 2069 2074 2072
				2071 2072 2074 2073 2075 2069 2074 2069 2075 2063 2076 2073 2076 2063 2064
				2075 2073 2077 2077 2073 2076 2064 2078 2076 2064 2079 2078 2080 2076 2078
				2076 2080 2077 2081 2078 2079 2078 2081 2080 2079 2082 2081 2081 2082 2083
				2083 2084 2081 2084 2083 2085 2086 2080 2081 2081 2084 2086 2085 2087 2084
				2086 2084 2087 2087 2085 2088 2080 2086 2089 2089 2077 2080 2087 2090 2086
				2089 2086 2090 2088 2091 2087 2090 2087 2091 2091 2088 2092 2092 2093 2091
				2093 2092 2094 2091 2095 2090 2095 2091 2093 2094 2096 2093 2096 2094 2097
				2093 2098 2095 2098 2093 2096 2099 2090 2095 2090 2099 2089 2097 2100 2096
				2100 2097 2101 2096 2102 2098 2102 2096 2100 2103 2095 2098 2095 2103 2099
				2104 2098 2102 2098 2104 2103 2101 2105 2100 2105 2101 2106 2100 2107 2102
				2106 2108 2105 2108 2106 2109 2100 2105 2110 2110 2107 2100 2110 2105 2108
				2111 2102 2107 2102 2111 2104 2107 2110 2112 2112 2111 2107 2108 2113 2110
				2114 2112 2110 2110 2113 2114 2115 2111 2112 2115 2112 2114 2104 2111 2116
				2116 2111 2115 2104 2116 2117 2117 2103 2104 2115 2118 2116 2119 2117 2116
				2116 2118 2119 2118 2115 2120 2114 2120 2115 2119 2118 2121 2120 2121 2118
				2114 2113 2122 2122 2113 2108 2120 2114 2123 2122 2123 2114 2108 2124 2122
				2109 2124 2108 2123 2125 2120 2126 2124 2109 2109 2127 2126 2120 2125 2128
				2128 2121 2120 2129 2125 2123 2129 2128 2125 2130 2121 2128 2121 2130 2119
				2131 2128 2129 2128 2131 2130 2123 2132 2129 2132 2123 2122 2129 2133 2131
				2133 2129 2132 2130 2131 658 640 658 2131 2131 2133 640 641 640 2133
				658 2134 2130 2119 2130 2134 2134 658 655 655 656 2134 2134 2135 2119
				2135 2134 656 2117 2119 2135 656 2136 2135 659 2136 656 2135 2137 2117
				2137 2135 2136 2103 2117 2137 2138 2136 659 2136 2138 2137 659 661 2138
				2137 2139 2103 2139 2137 2138 2099 2103 2139 2138 2140 2139 2099 2139 2141
				2139 2140 2141 2141 2089 2099 2142 2140 2138 2141 2140 2142 2089 2141 2143
				2142 2143 2141 2143 2077 2089 2077 2143 2075 2144 2075 2143 2142 2144 2143
				2075 2144 2074 2138 2145 2142 2145 2138 661 2144 2142 2146 2146 2142 2145
				661 2147 2145 2147 661 662 2148 2145 2147 2145 2148 2146 662 2149 2147
				2149 662 414 2147 2150 2148 2150 2147 2149 414 2151 2149 416 2151 414
				2149 2152 2150 2151 416 2153 2153 416 391 2149 2151 2154 2153 2154 2151
				2154 2152 2149 391 2155 2153 2156 2150 2152 2148 2150 2156 2157 2155 391
				391 386 2157 2158 2153 2155 2157 386 2159 385 2159 386 2160 2155 2157
				2155 2160 2158 2159 2161 2157 2162 2160 2157 2157 2161 2162 2163 2158 2160
				2160 2162 2163 2164 2161 2159 2162 2161 2164 2159 2165 2164 385 2165 2159
				2164 2166 2162 2163 2162 2166 2164 2165 2167 2167 2165 385 2168 2166 2164
				2167 2169 2164 2164 2169 2168 2166 2170 2163 2168 2169 2171 2171 2169 2167
				2166 2168 2172 2172 2170 2166 2173 2163 2170 2158 2163 2173 2170 2172 2174
				2174 2173 2170 2173 2175 2158 2153 2158 2175 2175 2154 2153 2154 2175 2176
				2176 2152 2154 2173 2177 2175 2176 2175 2177 2177 2173 2178 2178 2173 2174
				2177 2179 2176 2152 2176 2180 2179 2180 2176 2180 2156 2152 2179 2177 2181
				2178 2181 2177 2180 2179 2182 2181 2182 2179 2156 2180 2183 2182 2183 2180
				2181 2178 2184 2184 2178 2174 2182 2181 2185 2184 2185 2181 2174 2186 2184
				2186 2174 2172 2187 2184 2186 2185 2184 2187 2172 2188 2186 2186 2188 2187
				2185 2189 2182 2183 2182 2189 2187 2190 2185 2191 2189 2185 2185 2190 2191
				2192 2187 2188 2190 2187 2192 2193 2188 2172 2188 2193 2192 2172 2194 2193
				2192 2195 2190 2196 2193 2194 2196 2192 2193 2190 2195 2197 2197 2191 2190
				2198 2195 2192 2197 2195 2198 2192 2196 2198 2191 2197 2199 2196 2200 2198
				2198 2201 2197 2199 2197 2201 2198 2200 2202 2202 2201 2198 2200 2196 2203
				2194 2203 2196 2203 2204 2200 2202 2200 2204 2203 2194 2205 2204 2203 2205
				2205 2194 2172 2172 2168 2205 2171 2205 2168 2205 2206 2204 2206 2205 2171
				2207 2204 2206 2204 2207 2202 2208 2206 2171 2206 2208 2207 2209 2202 2207
				2201 2202 2209 2210 2207 2208 2207 2210 2209 2209 2211 2201 2201 2211 2199
				2212 2211 2209 2213 2199 2211 2211 2212 2213 2209 2214 2212 2214 2209 2210
				2146 2213 2212 2146 2212 2214 2213 2146 2148 2214 2215 2146 2146 2215 2144
				2148 2216 2213 2199 2213 2216 2217 2144 2215 2216 2218 2199 2199 2218 2191
				2189 2191 2218 2215 2214 2219 2219 2217 2215 2210 2219 2214 2218 2220 2189
				2189 2220 2183 2221 2220 2218 2218 2216 2221 2222 2183 2220 2220 2221 2222
				2222 2221 2216 2216 2148 2222 2183 2222 2156 2156 2222 2148 2219 2210 2223
				2208 2223 2210 2223 2224 2219 2223 2208 2225 2171 2225 2208 2224 2223 2226
				2225 2226 2223 2219 2224 2227 2227 2217 2219 2144 2217 2227 2227 2074 2144
				2225 2171 2228 2167 2228 2171 2228 2229 2225 2226 2225 2229 2228 2167 2230
				2230 2229 2228 385 2230 2167 2229 2231 2226 2231 2229 2230 2226 2232 2224
				2232 2226 2231 2227 2224 2232 2230 2233 2231 2230 385 2234 2234 2233 2230
				384 2234 385 2235 2231 2233 2231 2235 2232 2236 2233 2234 2233 2236 2235
				2234 384 2237 371 2237 384 2234 2238 2236 2237 2238 2234 2235 2236 2239
				2236 2238 2240 2240 2239 2236 2240 2238 2237 2239 2241 2235 2241 2239 2240
				2232 2235 2241 2237 2242 2240 2241 2243 2232 2232 2243 2227 2240 2244 2241
				2243 2241 2244 2244 2240 2242 2227 2243 2245 2243 2244 2245 2245 2074 2227
				2074 2245 2071 2071 2245 2244 2244 2070 2071 2242 2070 2244 2070 2242 2246
				2246 2242 2237 2237 371 2246 2246 277 2070 284 2246 371 277 2246 284
				2247 2122 2124 2124 2126 2247 2122 2247 2132 2247 2126 2248 2132 2247 2249
				2248 2249 2247 2126 2250 2248 2250 2126 2127 2127 1887 2250 1920 2250 1887
				2251 2248 2250 2250 1920 2251 2249 2248 2251 644 2251 1920 2252 2251 644
				2251 2252 2249 644 642 2252 641 2252 642 2253 2249 2252 2252 641 2253
				2249 2253 2132 2133 2253 641 2132 2253 2133 2254 2255 2256 2256 2255 2257
				2256 2258 2254 2259 2254 2258 2257 2260 2256 2260 2257 2261 2256 2262 2258
				2260 2262 2256 2261 2263 2260 2263 2262 2260 2263 2261 2264 2264 2265 2263
				2265 2262 2263 2265 2264 2266 2266 2267 2265 2267 2262 2265 2267 2266 2268
				2262 2269 2258 2258 2269 2259 2270 2262 2267 2269 2262 2270 2268 2271 2267
				2267 2271 2270 2271 2268 2272 2270 2273 2269 2273 2270 2271 2259 2269 2273
				2272 2273 2271 2273 2272 2259 2274 2275 2276 2277 2275 2274 2276 2278 2274
				2278 2276 2279 2274 2280 2277 2281 2277 2280 2279 2282 2278 2280 2283 2281
				2284 2281 2283 2280 2274 2285 2274 2278 2285 2283 2280 2285 2285 2278 2282
				2283 2286 2284 2286 2283 2285 2287 2284 2286 2288 2282 2279 2285 2282 2288
				2279 2289 2288 2286 2290 2287 2290 2286 2285 2291 2287 2290 2288 2292 2285
				2290 2285 2292 2293 2288 2289 2288 2293 2292 2289 2291 2293 2292 2293 2290
				2290 2293 2291 2294 1745 1738 1745 2294 1762 1738 2295 2294 1737 2295 1738
				1762 2294 2296 2294 2295 2297 2297 2295 1737 2297 2296 2294 1737 2298 2297
				1733 2298 1737 1733 2299 2298 2297 2298 2299 1624 2299 1733 2299 2300 2297
				2301 2299 1624 2299 2301 2300 2301 1624 1617 2297 2300 2302 2302 2300 2301
				2302 2296 2297 1617 2303 2301 1795 2303 1617 2301 2304 2302 2304 2301 2303
				2303 1795 2305 2305 2304 2303 1787 2305 1795 2305 1787 1786 2306 2302 2304
				2304 2305 2306 1786 2306 2305 2296 2302 2306 1786 2307 2306 2306 2307 2296
				2307 1786 1769 2296 2307 1762 1769 1762 2307 2308 2309 2310 2311 2308 2310
				2309 2312 2310 2313 2311 2310 2312 2314 2310 2315 2313 2310 2314 2316 2310
				756 2315 2310 2316 2317 2310 2318 756 2310 2317 2319 2310 2320 2318 2310
				2319 2321 2310 2322 2320 2310 2321 2323 2310 2324 2322 2310 2323 2324 2310
				2325 2326 2327 2325 2327 2328 2325 2329 2326 2325 2328 2330 2325 2331 2329
				2325 2330 2332 2325 2333 2331 2325 2332 2334 2325 2335 2333 2325 2334 2336
				2325 2337 2335 2325 2336 2338 2325 2339 2337 2325 2338 2340 2325 2341 2339
				2325 2340 2342 2325 2343 2341 2325 2342 2344 2325 2345 2343 2325 2344 2345
				2346 2347 2348 2346 2348 2349 2346 2350 2347 2346 2349 2351 2346 2352 2350
				2346 2351 2353 2346 2354 2352 2346 2353 2355 2346 2356 2354 2346 2355 2357
				2346 2358 2356 2346 2357 2359 2346 2360 2358 2346 2359 2361 2346 2362 2360
				2346 2361 2363 2346 2364 2362 2346 2363 2365 2346 2366 2364 2346 2365 2366
				2367 2368 2369 2369 2370 2367 2370 2369 2371 2368 2367 2372 2372 2373 2368
				2371 2374 2370 2374 2371 2375 2373 2372 2376 2376 2377 2373 2375 2378 2374
				2378 2375 2379 2377 2376 2380 2380 2381 2377 2379 2382 2378 2382 2379 2383
				2381 2380 2384 2384 2385 2381 2383 2386 2382 2386 2383 2387 2385 2384 2388
				2388 2389 2385 2387 2390 2386 2390 2387 2391 2389 2388 2392 2392 2393 2389
				2391 2394 2390 2394 2391 2395 2393 2392 2396 2396 2397 2393 2395 2398 2394
				2398 2395 2399 2397 2396 2400 2400 2401 2397 2399 2402 2398 2402 2399 2403
				2401 2400 2404 2404 2405 2401 2406 2403 2405 2405 2404 2406 2403 2406 2402
				2407 2404 2400 2408 2406 2404 2404 2407 2408 2409 2402 2406 2406 2408 2409
				2400 2410 2407 2410 2400 2396 2411 2408 2407 2396 2412 2410 2412 2396 2392
				2413 2407 2410 2407 2413 2411 2414 2410 2412 2410 2414 2413 2392 2415 2412
				2415 2392 2388 2416 2413 2414 2413 2416 2417 2417 2411 2413 2414 2418 2416
				2411 2417 2419 2418 2414 2420 2412 2420 2414 2420 2412 2415 2420 2421 2418
				2419 2422 2411 2408 2411 2422 2422 2419 2423 2422 2409 2408 2423 2424 2422
				2409 2422 2424 2424 2423 2425 2424 2426 2409 2402 2409 2426 2426 2398 2402
				2425 2427 2424 2426 2424 2427 2427 2425 2428 2398 2426 2429 2427 2429 2426
				2429 2394 2398 2428 2430 2427 2429 2427 2430 2430 2428 2431 2394 2429 2432
				2430 2432 2429 2432 2390 2394 2431 2433 2430 2432 2430 2433 2433 2431 2434
				2390 2432 2435 2433 2435 2432 2435 2386 2390 2434 2436 2433 2435 2433 2436
				2436 2434 2437 2386 2435 2438 2436 2438 2435 2438 2382 2386 2437 2439 2436
				2438 2436 2439 2439 2437 2440 2382 2438 2441 2439 2441 2438 2441 2378 2382
				2440 2442 2439 2441 2439 2442 2442 2440 2443 2378 2441 2444 2442 2444 2441
				2444 2374 2378 2443 2445 2442 2444 2442 2445 2445 2443 2446 2374 2444 2447
				2445 2447 2444 2447 2370 2374 2446 2448 2445 2447 2445 2448 2448 2446 2449
				2370 2447 2450 2448 2450 2447 2450 2367 2370 2449 2451 2448 2450 2448 2451
				2451 2449 2452 2367 2450 2453 2451 2453 2450 2453 2372 2367 2452 2454 2451
				2453 2451 2454 2454 2452 2455 2372 2453 2456 2454 2456 2453 2456 2376 2372
				2455 2457 2454 2456 2454 2457 2457 2455 2458 2376 2456 2459 2457 2459 2456
				2459 2380 2376 2458 2460 2457 2459 2457 2460 2460 2458 2461 2380 2459 2462
				2460 2462 2459 2462 2384 2380 2461 2463 2460 2462 2460 2463 2463 2461 2464
				2384 2462 2465 2463 2465 2462 2465 2388 2384 2388 2465 2415 2464 2466 2463
				2465 2463 2466 2466 2415 2465 2466 2464 2421 2415 2466 2420 2421 2420 2466
				2467 2468 2469 2469 2470 2467 2471 2467 2470 2472 2469 2468 2468 2473 2472
				2470 2474 2471 2475 2471 2474 2476 2472 2473 2473 2477 2476 2474 2478 2475
				2479 2475 2478 2480 2476 2477 2477 2481 2480 2478 2482 2479 2483 2479 2482
				2484 2480 2481 2481 2485 2484 2482 2486 2483 2487 2483 2486 2488 2484 2485
				2485 2489 2488 2486 2490 2487 2491 2487 2490 2492 2488 2489 2489 2493 2492
				2490 2494 2491 2495 2491 2494 2496 2492 2493 2493 2497 2496 2494 2498 2495
				2499 2495 2498 2500 2496 2497 2497 2501 2500 2498 2502 2499 2503 2499 2502
				2504 2500 2501 2501 2505 2504 2505 2503 2506 2506 2504 2505 2502 2506 2503
				2500 2504 2507 2504 2506 2508 2508 2507 2504 2506 2502 2509 2509 2508 2506
				2502 2498 2510 2510 2509 2502 2511 2510 2498 2498 2494 2511 2509 2510 2512
				2513 2511 2494 2494 2490 2513 2510 2511 2514 2514 2512 2510 2511 2513 2515
				2515 2514 2511 2516 2513 2490 2490 2486 2516 2517 2515 2513 2513 2516 2517
				2514 2515 2518 2518 2519 2514 2512 2514 2519 2520 2518 2515 2515 2517 2520
				2519 2521 2512 2522 2520 2517 2523 2512 2521 2512 2523 2509 2521 2524 2523
				2508 2509 2523 2525 2523 2524 2523 2525 2508 2524 2526 2525 2507 2508 2525
				2527 2525 2526 2525 2527 2507 2526 2528 2527 2529 2507 2527 2507 2529 2500
				2496 2500 2529 2530 2527 2528 2527 2530 2529 2528 2531 2530 2529 2532 2496
				2532 2529 2530 2492 2496 2532 2533 2530 2531 2530 2533 2532 2531 2534 2533
				2532 2535 2492 2535 2532 2533 2488 2492 2535 2536 2533 2534 2533 2536 2535
				2534 2537 2536 2535 2538 2488 2538 2535 2536 2484 2488 2538 2539 2536 2537
				2536 2539 2538 2537 2540 2539 2538 2541 2484 2541 2538 2539 2480 2484 2541
				2542 2539 2540 2539 2542 2541 2540 2543 2542 2541 2544 2480 2544 2541 2542
				2476 2480 2544 2545 2542 2543 2542 2545 2544 2543 2546 2545 2544 2547 2476
				2547 2544 2545 2472 2476 2547 2548 2545 2546 2545 2548 2547 2546 2549 2548
				2547 2550 2472 2550 2547 2548 2469 2472 2550 2551 2548 2549 2548 2551 2550
				2549 2552 2551 2550 2553 2469 2553 2550 2551 2470 2469 2553 2554 2551 2552
				2551 2554 2553 2552 2555 2554 2553 2556 2470 2556 2553 2554 2474 2470 2556
				2557 2554 2555 2554 2557 2556 2555 2558 2557 2556 2559 2474 2559 2556 2557
				2478 2474 2559 2560 2557 2558 2557 2560 2559 2558 2561 2560 2559 2562 2478
				2562 2559 2560 2482 2478 2562 2563 2560 2561 2560 2563 2562 2561 2564 2563
				2562 2565 2482 2565 2562 2563 2486 2482 2565 2565 2516 2486 2566 2563 2564
				2563 2566 2565 2516 2565 2566 2564 2522 2566 2566 2517 2516 2517 2566 2522
			}
			Verts 2567
			{
				0.03320312 0.05859375 0.49365230 / 0.07031250 0.88281250 0.46875000 / 0.06666667 0.27843140 0.65490200 0.00000000 / 17 15 16 16 / 171 214 255 255 / 0.99751500 -0.06222615 -0.03304043 1.00000000 / 0.43417360 0.83033750 / 0.0 0.0
				0.04736328 0.05468750 0.49853520 / 0.08203125 0.88281250 0.46093750 / 0.04705882 0.20784310 0.74509810 0.00000000 / 17 15 16 16 / 171 214 255 255 / 0.99663470 -0.07266347 -0.03793933 1.00000000 / 0.40968320 0.82316590 / 0.0 0.0
				0.04248047 0.06591797 0.47802740 / 0.10546870 0.89453130 0.42968750 / 0.05882353 0.34509800 0.59607840 0.00000000 / 17 15 16 16 / 172 214 255 255 / 0.99444540 -0.09487642 -0.04557382 1.00000000 / 0.40968320 0.82316590 / 0.0 0.0
				0.02880859 0.07031250 0.47314450 / 0.08984375 0.89453130 0.44140630 / 0.05882353 0.34509800 0.59607840 0.00000000 / 17 15 16 16 / 172 214 255 255 / 0.99594330 -0.08069336 -0.03981812 1.00000000 / 0.43417360 0.83033750 / 0.0 0.0
				0.03613281 0.08544922 0.43896480 / 0.14453130 0.89062500 0.43359380 / 0.05882353 0.34509800 0.59607840 0.00000000 / 17 15 16 16 / 173 214 255 255 / 0.98947810 -0.13008610 -0.06333141 1.00000000 / 0.40968320 0.82316590 / 0.0 0.0
				0.02197266 0.06103515 0.49072270 / 0.07812500 0.87890620 0.46875000 / 0.06274510 0.33725490 0.60000000 0.00000000 / 17 15 16 16 / 170 214 254 255 / 0.99694870 -0.06887541 -0.03673356 1.00000000 / 0.45527650 0.83384710 / 0.0 0.0
				0.02587891 0.08935547 0.43408200 / 0.10937500 0.89062500 0.44140630 / 0.05882353 0.34509800 0.59607840 0.00000000 / 17 15 16 16 / 173 214 255 255 / 0.99400050 -0.09800005 -0.04857020 1.00000000 / 0.43417360 0.83033750 / 0.0 0.0
				0.01904297 0.07226562 0.47021480 / 0.10937500 0.89062500 0.44140630 / 0.05882353 0.34509800 0.59607840 0.00000000 / 17 15 16 16 / 172 214 255 255 / 0.99400050 -0.09800005 -0.04857020 1.00000000 / 0.45527650 0.83384710 / 0.0 0.0
				0.00976563 0.06298828 0.48925780 / 0.08203125 0.87500000 0.47265620 / 0.05490196 0.37254900 0.57254900 0.00000000 / 17 15 16 16 / 170 214 254 255 / 0.99664410 -0.07202110 -0.03890426 1.00000000 / 0.47718810 0.83711240 / 0.0 0.0
				0.01806641 0.09179687 0.43164060 / 0.10937500 0.89062500 0.44140630 / 0.05882353 0.34509800 0.59607840 0.00000000 / 17 15 16 16 / 173 214 255 255 / 0.99400050 -0.09800005 -0.04857020 1.00000000 / 0.45527650 0.83384710 / 0.0 0.0
				0.00878906 0.07421875 0.46875000 / 0.09765625 0.89062500 0.44531250 / 0.05882353 0.34509800 0.59607840 0.00000000 / 17 15 16 16 / 172 214 255 255 / 0.99521520 -0.08739237 -0.04369619 1.00000000 / 0.47718810 0.83711240 / 0.0 0.0
				0.00000000 0.06445312 0.48876950 / 0.11718750 0.87109370 0.47656250 / 0.05490196 0.37254900 0.57254900 0.00000000 / 17 15 16 16 / 170 214 254 255 / 0.99311230 -0.10278980 -0.05623477 1.00000000 / 0.50003050 0.83784480 / 0.0 0.0
				0.00878906 0.09375000 0.42968750 / 0.09765625 0.89062500 0.44531250 / 0.05882353 0.34509800 0.59607840 0.00000000 / 17 15 16 16 / 173 214 255 255 / 0.99521520 -0.08739237 -0.04369619 1.00000000 / 0.47718810 0.83711240 / 0.0 0.0
				0.00000000 0.07568359 0.46826170 / 0.12109380 0.88671870 0.44531250 / 0.05882353 0.34509800 0.59607840 0.00000000 / 17 15 16 16 / 172 214 255 255 / 0.99264670 -0.10817270 -0.05432464 1.00000000 / 0.50003050 0.83784480 / 0.0 0.0
				-0.00927734 0.06298828 0.48925780 / -0.07031250 0.87890620 0.47656250 / 0.05882353 0.34509800 0.59607840 0.00000000 / 17 15 16 16 / 170 214 254 255 / 0.99751390 0.06195073 0.03359106 1.00000000 / 0.52287290 0.83711240 / 0.0 0.0
				0.00000000 0.09521484 0.42919920 / 0.12109380 0.88671870 0.44531250 / 0.05882353 0.34509800 0.59607840 0.00000000 / 17 15 16 16 / 173 214 255 255 / 0.99264670 -0.10817270 -0.05432464 1.00000000 / 0.50003050 0.83784480 / 0.0 0.0
				-0.00830078 0.07421875 0.46875000 / -0.08593750 0.89062500 0.44531250 / 0.05882353 0.34509800 0.59607840 0.00000000 / 17 15 16 16 / 172 214 255 255 / 0.99630460 0.07682260 0.03841130 1.00000000 / 0.52287290 0.83711240 / 0.0 0.0
				-0.02148437 0.06103515 0.49072270 / -0.06640625 0.87890620 0.47265620 / 0.05882353 0.29411760 0.64705880 0.00000000 / 17 15 16 16 / 170 214 254 255 / 0.99779200 0.05849394 0.03145675 1.00000000 / 0.54478450 0.83384710 / 0.0 0.0
				-0.00830078 0.09375000 0.42968750 / -0.09375000 0.89062500 0.44531250 / 0.05882353 0.34509800 0.59607840 0.00000000 / 17 15 16 16 / 173 214 255 255 / 0.99559440 0.08386534 0.04193267 1.00000000 / 0.52287290 0.83711240 / 0.0 0.0
				-0.01855469 0.07226562 0.47021480 / -0.08593750 0.89062500 0.44531250 / 0.05882353 0.34509800 0.59607840 0.00000000 / 17 15 16 16 / 172 214 255 255 / 0.99630460 0.07682260 0.03841130 1.00000000 / 0.54478450 0.83384710 / 0.0 0.0
				-0.03320312 0.05908203 0.49365230 / -0.07812500 0.88281250 0.46484380 / 0.05490196 0.22352940 0.72156870 0.00000000 / 17 15 16 16 / 171 214 255 255 / 0.99693890 0.06918085 0.03642708 1.00000000 / 0.56588740 0.83033750 / 0.0 0.0
				-0.01806641 0.09179687 0.43164060 / -0.10937500 0.89062500 0.43750000 / 0.05882353 0.34509800 0.59607840 0.00000000 / 17 15 16 16 / 173 214 255 255 / 0.99402100 0.09800208 0.04814137 1.00000000 / 0.54478450 0.83384710 / 0.0 0.0
				-0.02832031 0.07031250 0.47314450 / -0.10937500 0.89062500 0.43750000 / 0.05882353 0.34509800 0.59607840 0.00000000 / 17 15 16 16 / 172 214 255 255 / 0.99402100 0.09800208 0.04814137 1.00000000 / 0.56588740 0.83033750 / 0.0 0.0
				-0.04736328 0.05468750 0.49853520 / -0.08984375 0.88281250 0.45703120 / 0.03529412 0.14901960 0.81568630 0.00000000 / 17 15 16 16 / 171 214 255 255 / 0.99597080 0.07963844 0.04122875 1.00000000 / 0.59036260 0.82316590 / 0.0 0.0
				-0.02587891 0.08935547 0.43408200 / -0.10937500 0.89062500 0.43750000 / 0.05882353 0.34509800 0.59607840 0.00000000 / 17 15 16 16 / 173 214 255 255 / 0.99402100 0.09800208 0.04814137 1.00000000 / 0.56588740 0.83033750 / 0.0 0.0
				-0.04199219 0.06640625 0.47802740 / -0.14843750 0.89453130 0.42187500 / 0.05882353 0.34509800 0.59607840 0.00000000 / 17 15 16 16 / 172 214 255 255 / 0.98891960 0.13426910 0.06332344 1.00000000 / 0.59036260 0.82316590 / 0.0 0.0
				-0.03564453 0.08544922 0.43896480 / -0.14843750 0.89453130 0.42187500 / 0.05882353 0.34509800 0.59607840 0.00000000 / 17 15 16 16 / 172 214 255 255 / 0.98891960 0.13426910 0.06332344 1.00000000 / 0.59036260 0.82316590 / 0.0 0.0
				-0.03564453 0.09960938 0.64013670 / 0.74609370 -0.62109380 -0.24218750 / 0.00000000 0.09411765 0.90588230 0.00000000 / 16 21 17 16 / 136 0 203 255 / -0.26645730 0.05538893 -0.96225390 -1.00000000 / 0.16511540 0.91891480 / 0.0 0.0
				-0.04199219 0.09082031 0.62646480 / 0.85156250 -0.51953120 -0.07421875 / 0.00000000 0.01568628 0.98431370 0.00000000 / 16 21 17 16 / 153 0 228 255 / -0.10954040 -0.03764819 -0.99326900 -1.00000000 / 0.17779540 0.90269470 / 0.0 0.0
				-0.03613281 0.10107420 0.62402340 / 0.81250000 -0.58203120 -0.03125000 / 0.00000000 0.26274510 0.73725490 0.00000000 / 19 21 17 16 / 159 0 236 255 / -0.06540433 -0.03776803 -0.99714390 -1.00000000 / 0.16586300 0.92304990 / 0.0 0.0
				-0.03125000 0.10742190 0.63281250 / 0.73046870 -0.61718750 -0.28515620 / 0.00000000 0.20000000 0.80000000 0.00000000 / 29 21 17 19 / 148 0 221 255 / -0.01508837 -0.43061460 0.90240970 1.00000000 / 0.15653990 0.93496700 / 0.0 0.0
				-0.02099609 0.10498050 0.64501960 / 0.39062500 -0.28125000 -0.87890620 / 0.00000000 0.00000000 1.00000000 0.00000000 / 16 16 17 16 / 118 0 176 255 / -0.90887240 0.03749622 -0.41538530 -1.00000000 / 0.13668820 0.93031310 / 0.0 0.0
				-0.03027344 0.10742190 0.62304690 / 0.70312500 -0.70703130 0.07031250 / 0.00000000 0.29411760 0.70588230 0.00000000 / 29 21 17 16 / 159 0 237 255 / -0.27184390 -0.17607480 0.94609640 1.00000000 / 0.15426640 0.93486020 / 0.0 0.0
				-0.03662109 0.10009770 0.61474610 / 0.71093750 -0.69921880 0.07812500 / 0.00000000 0.00784314 0.99215690 0.00000000 / 19 21 17 16 / 166 0 248 255 / -0.07669757 -0.18750070 -0.97926550 -1.00000000 / 0.16735840 0.92196650 / 0.0 0.0
				-0.02246094 0.11621090 0.64013670 / 0.60546880 -0.52734370 -0.59765620 / 0.00000000 0.12941180 0.87058820 0.00000000 / 29 21 17 19 / 137 0 204 255 / 0.29159170 -0.55335800 0.78023670 1.00000000 / 0.13941960 0.95185850 / 0.0 0.0
				-0.03125000 0.10595700 0.61816410 / 0.67187500 -0.73437500 0.10546870 / 0.00000000 0.10588240 0.89411760 0.00000000 / 29 21 17 16 / 164 0 245 255 / -0.13126840 0.02229400 0.99109610 1.00000000 / 0.15646360 0.93229670 / 0.0 0.0
				-0.02685547 0.11132810 0.62841800 / 0.65234380 -0.75390630 0.07812500 / 0.00000000 0.27843140 0.72156870 0.00000000 / 29 21 17 16 / 153 0 228 255 / -0.11201220 0.00604954 0.99368850 1.00000000 / 0.14735410 0.94221490 / 0.0 0.0
				-0.03076172 0.10595700 0.61572270 / 0.65234380 -0.74218750 0.14453130 / 0.00784314 0.00784314 0.98431370 0.00000000 / 29 21 17 16 / 168 0 249 255 / -0.21309680 0.00306539 0.97702630 1.00000000 / 0.15522770 0.93252560 / 0.0 0.0
				-0.03466797 0.10058590 0.60791020 / 0.66015630 -0.73437500 0.15625000 / 0.00000000 0.02352941 0.97647060 0.00000000 / 15 17 29 19 / 172 0 255 255 / -0.21609200 0.01346939 0.97628010 1.00000000 / 0.16355900 0.92350770 / 0.0 0.0
				-0.02587891 0.11083980 0.62109380 / 0.67968750 -0.72656250 0.10546870 / 0.02352941 0.27058820 0.70588230 0.00000000 / 29 21 17 16 / 159 0 236 255 / -0.22590200 -0.07039344 0.97160330 1.00000000 / 0.14604190 0.94174190 / 0.0 0.0
				-0.02832031 0.10742190 0.61230470 / 0.60546880 -0.77343750 0.18750000 / 0.00000000 0.29411760 0.70588230 0.00000000 / 21 29 17 19 / 170 0 254 255 / -0.29157550 0.00363457 0.95654100 1.00000000 / 0.15103150 0.93470760 / 0.0 0.0
				-0.03076172 0.10351560 0.60595700 / 0.38281250 -0.29296880 0.87500000 / 0.00000000 0.00000000 1.00000000 0.00000000 / 17 19 29 16 / 174 0 255 255 / -0.87853040 0.17541270 0.44431370 1.00000000 / 0.15528870 0.92840580 / 0.0 0.0
				-0.02539063 0.11132810 0.62011720 / 0.62109380 -0.75390630 0.21875000 / 0.11764710 0.14509800 0.73725490 0.00000000 / 29 21 17 16 / 167 0 249 255 / -0.41849820 -0.08254963 0.90445830 1.00000000 / 0.14483640 0.94224550 / 0.0 0.0
				-0.02441406 0.11181640 0.62011720 / 0.58984370 -0.78125000 0.19531250 / 0.04705882 0.08235295 0.87058820 0.00000000 / 21 17 29 16 / 172 0 255 255 / -0.36820550 -0.04535843 0.92863740 1.00000000 / 0.14321900 0.94326780 / 0.0 0.0
				-0.02490234 0.11181640 0.62304690 / 0.69140620 -0.72265620 0.02343750 / 0.01176471 0.29803920 0.69019610 0.00000000 / 29 21 17 16 / 148 0 221 255 / -0.21082310 -0.17096490 0.96245760 1.00000000 / 0.14430240 0.94395440 / 0.0 0.0
				-0.02490234 0.11328120 0.62207030 / 0.88671870 -0.40625000 -0.22656250 / 0.23137260 0.38039220 0.38823530 0.00000000 / 29 21 17 33 / 146 0 218 255 / -0.46359520 -0.76300320 -0.45045040 -1.00000000 / 0.14367680 0.94630430 / 0.0 0.0
				-0.02441406 0.11328120 0.62207030 / 0.57031250 -0.49609370 0.65625000 / 0.31372550 0.33333330 0.35294120 0.00000000 / 29 17 21 33 / 164 0 245 255 / -0.78587850 -0.09813751 0.61054400 1.00000000 / 0.14323430 0.94642640 / 0.0 0.0
				-0.02539063 0.10888670 0.61083990 / 0.53125000 -0.80078130 0.28125000 / 0.00000000 0.06666667 0.93333340 0.00000000 / 15 17 29 19 / 172 0 255 255 / -0.38277400 0.06979322 0.92120190 1.00000000 / 0.14465330 0.93789680 / 0.0 0.0
				-0.02392578 0.11328120 0.62207030 / 0.37890620 -0.51171880 0.76953130 / 0.27450980 0.28235300 0.41960790 0.02352941 / 17 21 29 33 / 173 0 255 255 / -0.91700850 -0.09774392 0.38670600 1.00000000 / 0.14244080 0.94683840 / 0.0 0.0
				-0.03320312 0.08984375 0.60644530 / 0.26171870 0.00781250 0.96484370 / 0.00000000 0.00000000 1.00000000 0.00000000 / 16 21 29 16 / 175 0 255 255 / -0.96352050 -0.05549434 0.26181790 1.00000000 / 0.16004940 0.90197760 / 0.0 0.0
				-0.01953125 0.09375000 0.60253900 / 0.10546870 -0.04296875 0.99218750 / 0.00000000 0.00000000 1.00000000 0.00000000 / 16 16 29 16 / 178 0 255 255 / -0.99308200 -0.05594607 0.10323830 1.00000000 / 0.13336180 0.90806580 / 0.0 0.0
				-0.02539063 0.11474610 0.62207030 / 0.38671880 0.71093750 0.58593750 / 0.23529410 0.25490200 0.50196080 0.00784314 / 29 17 21 33 / 158 0 234 255 / -0.32434090 -0.49248390 0.80762780 1.00000000 / 0.14491270 0.94966120 / 0.0 0.0
				-0.02490234 0.11523440 0.62207030 / -0.12500000 0.25781250 0.95703130 / 0.20392160 0.30588230 0.45490200 0.03529412 / 17 29 21 33 / 172 0 255 255 / -0.95460410 -0.29441740 -0.04527174 1.00000000 / 0.14434810 0.94987490 / 0.0 0.0
				-0.02539063 0.11523440 0.62207030 / 0.23828120 0.15234370 -0.95703130 / 0.20392160 0.29411760 0.50196080 0.00000000 / 29 17 21 33 / 135 0 201 255 / -0.25001050 -0.94473770 -0.21205050 -1.00000000 / 0.14489750 0.94985960 / 0.0 0.0
				-0.02343750 0.11425780 0.62207030 / 0.16796870 -0.47265620 0.86328130 / 0.21176470 0.21960780 0.51372550 0.05490196 / 17 21 29 33 / 176 0 255 255 / -0.96603900 0.09447320 0.24050650 1.00000000 / 0.14071660 0.94798280 / 0.0 0.0
				-0.02441406 0.11523440 0.62207030 / -0.42968750 0.12890630 0.89453130 / 0.16470590 0.38039220 0.39215690 0.06274510 / 17 21 29 33 / 177 0 255 255 / -0.89765300 0.04592380 -0.43830370 1.00000000 / 0.14312740 0.95062260 / 0.0 0.0
				-0.02343750 0.11621090 0.62255860 / -0.48046870 0.07812500 0.87500000 / 0.10588240 0.28627450 0.50588240 0.10196080 / 17 21 29 33 / 177 0 255 255 / -0.87613480 -0.00452319 -0.48204480 1.00000000 / 0.14125060 0.95254520 / 0.0 0.0
				-0.02392578 0.11425780 0.62255860 / 0.51953120 -0.26953130 -0.81250000 / 0.14901960 0.33725490 0.47450980 0.03921569 / 29 21 17 35 / 129 0 192 255 / -0.82502650 0.09187602 -0.55757530 -1.00000000 / 0.14164730 0.94842530 / 0.0 0.0
				-0.02441406 0.11572270 0.62255860 / 0.04296875 0.21875000 -0.97656250 / 0.14901960 0.39215690 0.41960790 0.03921569 / 29 17 21 35 / 116 0 173 255 / -0.99888470 0.03002067 -0.03644297 -1.00000000 / 0.14320370 0.95156860 / 0.0 0.0
				-0.02294922 0.11425780 0.62402340 / 0.67578120 -0.73437500 -0.02734375 / 0.00392157 0.21568630 0.78039220 0.00000000 / 29 21 17 16 / 141 0 210 255 / -0.07366992 -0.10422980 0.99182100 1.00000000 / 0.13992310 0.94805910 / 0.0 0.0
				-0.02197266 0.11572270 0.62304690 / 0.51953120 -0.30859370 -0.79687500 / 0.11764710 0.21568630 0.59215690 0.07450981 / 35 21 17 29 / 120 0 179 255 / -0.84516840 -0.04827029 -0.53231600 -1.00000000 / 0.13859560 0.95158390 / 0.0 0.0
				-0.02294922 0.11767580 0.62304690 / 0.03515625 0.13281250 -0.99218750 / 0.11764710 0.25882350 0.54509810 0.07843137 / 35 21 17 29 / 109 0 162 255 / -0.99926520 -0.01175249 -0.03648438 -1.00000000 / 0.13989260 0.95512390 / 0.0 0.0
				-0.01806641 0.11865230 0.63281250 / 0.63281250 -0.77343750 0.05078125 / 0.00000000 0.00000000 1.00000000 0.00000000 / 19 29 17 16 / 148 0 219 255 / -0.05399211 0.02148824 0.99831020 1.00000000 / 0.13066100 0.95733650 / 0.0 0.0
				-0.01611328 0.12060550 0.62597660 / 0.69921880 -0.68750000 -0.20312500 / 0.02352941 0.25882350 0.71764700 0.00000000 / 21 35 17 29 / 138 0 206 255 / 0.11846620 -0.16932360 0.97841460 1.00000000 / 0.12666320 0.96058650 / 0.0 0.0
				-0.01562500 0.12402340 0.62451170 / 0.48828130 -0.35156250 -0.79687500 / 0.05098039 0.39607840 0.53725490 0.01568628 / 21 35 17 29 / 119 0 176 255 / -0.84447650 0.03772352 -0.53426250 -1.00000000 / 0.12539670 0.96749880 / 0.0 0.0
				-0.01513672 0.12744140 0.62451170 / -0.15234370 0.25390630 -0.95312500 / 0.07058824 0.38039220 0.53333340 0.01568628 / 21 35 17 29 / 112 0 167 255 / -0.98849080 -0.03509079 0.14715440 -1.00000000 / 0.12504580 0.97438050 / 0.0 0.0
				-0.00830078 0.12646480 0.63476570 / 0.50000000 -0.86328130 -0.05859375 / 0.00000000 0.00000000 1.00000000 0.00000000 / 16 16 17 16 / 144 0 213 255 / 0.00608827 -0.06416155 0.99792090 1.00000000 / 0.11183170 0.97286990 / 0.0 0.0
				-0.00732422 0.13134770 0.62500000 / 0.26171870 -0.55078120 -0.79296870 / 0.01568628 0.29803920 0.68627450 0.00000000 / 21 35 17 16 / 120 0 179 255 / -0.91273110 0.12592290 -0.38867120 -1.00000000 / 0.10926820 0.98191830 / 0.0 0.0
				-0.00683594 0.13476560 0.62402340 / -0.14062500 0.15234370 -0.97656250 / 0.18823530 0.32156860 0.45882350 0.03137255 / 37 35 17 21 / 116 0 171 255 / -0.97558720 0.14769360 0.16253090 -1.00000000 / 0.10897830 0.98661800 / 0.0 0.0
				-0.00781250 0.12890630 0.62841800 / 0.48046870 -0.80859380 -0.33593750 / 0.00000000 0.29803920 0.70196080 0.00000000 / 16 35 17 16 / 137 0 204 255 / -0.56316450 0.00869352 -0.82629910 -1.00000000 / 0.11015320 0.97785950 / 0.0 0.0
				0.00000000 0.13281250 0.62451170 / 0.00000000 -0.49218750 -0.87109370 / 0.17647060 0.39607840 0.42745100 0.00000000 / 35 37 17 16 / 120 0 179 255 / -0.99986350 0.01438171 -0.00813548 -1.00000000 / 0.09471131 0.98542790 / 0.0 0.0
				0.00000000 0.13574220 0.62353520 / 0.00000000 0.48437500 -0.87500000 / 0.23921570 0.35686280 0.40392160 0.00000000 / 35 17 37 21 / 117 0 174 255 / -0.99999040 0.00383935 0.00212668 -1.00000000 / 0.09471131 0.99064640 / 0.0 0.0
				0.00732422 0.13476560 0.62402340 / 0.14062500 0.15234370 -0.97656250 / 0.01960784 0.18823530 0.79215690 0.00000000 / 25 17 37 16 / 116 0 173 255 / -0.97091350 -0.17274110 -0.16579340 -1.00000000 / 0.08042908 0.98677070 / 0.0 0.0
				0.00000000 0.13037110 0.62744140 / 0.00000000 -0.91796870 -0.39843750 / 0.00000000 0.00000000 1.00000000 0.00000000 / 16 16 17 16 / 137 0 203 255 / -0.93541770 0.14094540 -0.32423460 -1.00000000 / 0.09468079 0.98089600 / 0.0 0.0
				0.00000000 0.12939450 0.63427730 / 0.00000000 -0.98437500 -0.17187500 / 0.00000000 0.00000000 1.00000000 0.00000000 / 16 16 17 16 / 142 0 212 255 / -1.00000000 -0.00006082 0.00034909 -1.00000000 / 0.09471131 0.97789000 / 0.0 0.0
				0.00781250 0.13085940 0.62500000 / -0.26171870 -0.55078120 -0.79296870 / 0.01176471 0.34117650 0.64705880 0.00000000 / 25 17 37 29 / 120 0 177 255 / -0.92080110 -0.10379960 0.37596660 -1.00000000 / 0.08021545 0.98193360 / 0.0 0.0
				0.00000000 0.13037110 0.62744140 / 0.00000000 -0.91796870 -0.39843750 / 0.00000000 0.00000000 1.00000000 0.00000000 / 16 16 17 16 / 137 0 203 255 / -0.94695830 -0.12816160 0.29469390 -1.00000000 / 0.09475708 0.98089600 / 0.0 0.0
				0.01562500 0.12744140 0.62451170 / 0.15625000 0.25390630 -0.95312500 / 0.05882353 0.23529410 0.70588230 0.00000000 / 25 17 37 29 / 112 0 167 255 / -0.98527140 -0.02969918 -0.16839930 -1.00000000 / 0.06439209 0.97438050 / 0.0 0.0
				0.00830078 0.12890630 0.62841800 / -0.48437500 -0.80859380 -0.33593750 / 0.00000000 0.00000000 1.00000000 0.00000000 / 37 25 17 29 / 137 0 204 255 / -0.56765270 -0.00199907 0.82326570 -1.00000000 / 0.07928467 0.97785950 / 0.0 0.0
				0.01562500 0.12402340 0.62451170 / -0.49218750 -0.35156250 -0.79687500 / 0.06274510 0.37254900 0.56470590 0.00000000 / 25 17 37 29 / 119 0 176 255 / -0.83673430 -0.06194483 0.54409420 -1.00000000 / 0.06404114 0.96749880 / 0.0 0.0
				0.02343750 0.11767580 0.62304690 / -0.03515625 0.13281250 -0.99218750 / 0.20392160 0.28235300 0.50588240 0.00784314 / 25 37 17 29 / 110 0 164 255 / -0.99928320 0.01051699 0.03636464 -1.00000000 / 0.04954529 0.95512390 / 0.0 0.0
				0.00878906 0.12646480 0.63476570 / -0.50000000 -0.86328130 -0.05859375 / 0.00000000 0.00000000 1.00000000 0.00000000 / 16 29 17 16 / 144 0 213 255 / 0.02974943 0.05039685 -0.99828600 1.00000000 / 0.07760620 0.97286990 / 0.0 0.0
				0.02246094 0.11572270 0.62304690 / -0.51953120 -0.30859370 -0.79687500 / 0.15686280 0.21960780 0.61960790 0.00392157 / 25 37 17 29 / 120 0 179 255 / -0.83689310 -0.00449366 0.54734800 -1.00000000 / 0.05082703 0.95158390 / 0.0 0.0
				0.02490234 0.11572270 0.62255860 / -0.04296875 0.21875000 -0.97656250 / 0.12156860 0.28235300 0.52549020 0.07058824 / 37 25 17 29 / 117 0 173 255 / -0.99489360 0.08031174 0.06112984 -1.00000000 / 0.04623413 0.95156860 / 0.0 0.0
				0.01660156 0.12011720 0.62597660 / -0.69921880 -0.68359370 -0.20312500 / 0.04313726 0.27843140 0.67843140 0.00000000 / 25 37 17 29 / 138 0 206 255 / 0.15254450 0.13406650 -0.97916100 1.00000000 / 0.06277466 0.96058650 / 0.0 0.0
				0.02392578 0.11425780 0.62255860 / -0.51953120 -0.26953130 -0.81250000 / 0.11764710 0.19607840 0.60392160 0.08235295 / 37 25 17 29 / 129 0 192 255 / -0.83372640 -0.05248586 0.54967770 -1.00000000 / 0.04779053 0.94842530 / 0.0 0.0
				0.02587891 0.11474610 0.62207030 / -0.24218750 0.23437500 -0.94140630 / 0.17647060 0.30980390 0.51372550 0.00000000 / 29 25 17 31 / 135 0 201 255 / -0.95786460 0.09661717 0.27048170 -1.00000000 / 0.04452515 0.94985960 / 0.0 0.0
				0.02490234 0.11328120 0.62207030 / -0.88671870 -0.40234370 -0.22656250 / 0.20000000 0.20392160 0.59607840 0.00000000 / 29 25 17 16 / 147 0 218 255 / -0.26664820 0.04503122 0.96274130 -1.00000000 / 0.04574585 0.94630430 / 0.0 0.0
				0.02343750 0.11425780 0.62402340 / -0.67968750 -0.73437500 -0.02734375 / 0.11372550 0.11764710 0.76862750 0.00000000 / 25 37 17 29 / 141 0 210 255 / -0.02851772 0.06381109 -0.99755440 1.00000000 / 0.04951477 0.94805910 / 0.0 0.0
				0.02539063 0.11181640 0.62304690 / -0.69531250 -0.71875000 0.02343750 / 0.00392157 0.13333330 0.86274510 0.00000000 / 29 25 17 16 / 149 0 221 255 / -0.09984782 0.06444759 -0.99291340 1.00000000 / 0.04512024 0.94395440 / 0.0 0.0
				0.02636719 0.11083980 0.62109380 / -0.67968750 -0.72656250 0.10546870 / 0.00784314 0.10980390 0.88235290 0.00000000 / 29 25 17 31 / 159 0 236 255 / -0.15518440 0.00174525 -0.98788400 1.00000000 / 0.04338074 0.94174190 / 0.0 0.0
				0.02587891 0.11132810 0.62011720 / -0.62500000 -0.76171880 0.17968750 / 0.01176471 0.09019608 0.89803920 0.00000000 / 29 25 17 31 / 167 0 249 255 / -0.31564770 0.03539084 -0.94821630 1.00000000 / 0.04458618 0.94224550 / 0.0 0.0
				0.01855469 0.11865230 0.63281250 / -0.63281250 -0.77343750 0.05078125 / 0.00000000 0.00000000 1.00000000 0.00000000 / 16 29 17 16 / 148 0 219 255 / -0.02856631 -0.04224959 -0.99869860 1.00000000 / 0.05876160 0.95733650 / 0.0 0.0
				0.02685547 0.11132810 0.62841800 / -0.65625000 -0.75000000 0.07812500 / 0.00000000 0.13725490 0.86274510 0.00000000 / 29 25 17 19 / 153 0 228 255 / -0.10644710 -0.01043119 -0.99426370 1.00000000 / 0.04206848 0.94221490 / 0.0 0.0
				0.03027344 0.10742190 0.62304690 / -0.69921880 -0.71093750 0.07812500 / 0.00000000 0.11764710 0.88235290 0.00000000 / 29 25 17 19 / 159 0 237 255 / -0.07030140 -0.04040691 -0.99670720 1.00000000 / 0.03515625 0.93486020 / 0.0 0.0
				0.03173828 0.10595700 0.61816410 / -0.69921880 -0.71093750 0.07421875 / 0.00000000 0.02352941 0.97647060 0.00000000 / 29 25 17 19 / 164 0 245 255 / -0.50497130 0.41783270 -0.75526150 1.00000000 / 0.03295898 0.93229670 / 0.0 0.0
				0.03173828 0.10742190 0.63281250 / -0.73437500 -0.61718750 -0.28515620 / 0.00000000 0.08235295 0.91764700 0.00000000 / 19 25 17 29 / 148 0 221 255 / -0.06029854 0.47828410 -0.87613260 1.00000000 / 0.03289795 0.93496700 / 0.0 0.0
				0.03662109 0.10107420 0.62402340 / -0.80859380 -0.58593750 -0.02343750 / 0.00000000 0.04705882 0.95294120 0.00000000 / 19 25 17 16 / 159 0 236 255 / -0.10992850 0.11236360 0.98756780 -1.00000000 / 0.02355957 0.92304990 / 0.0 0.0
				0.02294922 0.11572270 0.64013670 / -0.60546880 -0.52343750 -0.59765620 / 0.00000000 0.05882353 0.94117650 0.00000000 / 19 25 17 29 / 137 0 204 255 / 0.23721120 0.59655380 -0.76671670 1.00000000 / 0.05000305 0.95185850 / 0.0 0.0
				0.04248047 0.09082031 0.62646480 / -0.85546880 -0.51562500 -0.07421875 / 0.00000000 0.00784314 0.99215690 0.00000000 / 16 25 17 16 / 153 3 228 255 / -0.09544163 0.01516371 0.99531950 -1.00000000 / 0.01164246 0.90269470 / 0.0 0.0
				0.03613281 0.09912110 0.64013670 / -0.75000000 -0.61718750 -0.24218750 / 0.00000000 0.02352941 0.97647060 0.00000000 / 19 25 17 16 / 136 4 203 255 / -0.25377440 -0.07060150 0.96468330 -1.00000000 / 0.02430725 0.91891480 / 0.0 0.0
				0.02148437 0.10498050 0.64501960 / -0.39062500 -0.27734380 -0.87890620 / 0.00000000 0.00000000 1.00000000 0.00000000 / 16 16 17 16 / 119 2 177 255 / -0.90993330 -0.03014700 0.41365760 -1.00000000 / 0.05273437 0.93031310 / 0.0 0.0
				0.03710938 0.09960938 0.61474610 / -0.69531250 -0.71093750 0.10546870 / 0.00000000 0.01176471 0.98823530 0.00000000 / 29 25 17 19 / 167 0 248 255 / -0.02668208 0.17217990 0.98470400 -1.00000000 / 0.02207947 0.92196650 / 0.0 0.0
				0.03076172 0.10595700 0.61572270 / -0.65234380 -0.74218750 0.16015630 / 0.00000000 0.01176471 0.98823530 0.00000000 / 25 29 17 19 / 168 0 249 255 / -0.22037510 -0.01659661 -0.97527400 1.00000000 / 0.03421020 0.93252560 / 0.0 0.0
				0.02880859 0.10693360 0.61230470 / -0.62890620 -0.75781250 0.17187500 / 0.00000000 0.12941180 0.87058820 0.00000000 / 25 29 17 16 / 170 0 254 255 / -0.20397370 -0.05243163 -0.97757130 1.00000000 / 0.03840637 0.93470760 / 0.0 0.0
				0.03515625 0.10058590 0.60791020 / -0.66015630 -0.73828120 0.14843750 / 0.00000000 0.00784314 0.99215690 0.00000000 / 25 17 29 15 / 172 0 255 255 / -0.20973620 -0.00919475 -0.97771470 1.00000000 / 0.02587891 0.92350770 / 0.0 0.0
				0.03125000 0.10351560 0.60595700 / -0.38671880 -0.29296880 0.87500000 / 0.00000000 0.00000000 1.00000000 0.00000000 / 17 25 29 16 / 174 0 255 255 / -0.89593570 -0.10687790 -0.43113370 1.00000000 / 0.03414917 0.92840580 / 0.0 0.0
				0.02490234 0.11181640 0.62011720 / -0.60937500 -0.75390630 0.24218750 / 0.02745098 0.07058824 0.90196080 0.00000000 / 29 25 17 31 / 172 0 255 255 / -0.27252950 -0.08758934 -0.95815220 1.00000000 / 0.04621887 0.94326780 / 0.0 0.0
				0.02490234 0.11328120 0.62207030 / -0.57031250 -0.43359380 0.69531250 / 0.19215690 0.32941180 0.45882350 0.01960784 / 25 29 17 31 / 164 0 243 255 / -0.77182510 -0.00816713 -0.63578250 1.00000000 / 0.04618835 0.94642640 / 0.0 0.0
				0.02587891 0.11474610 0.62207030 / -0.43359380 0.71875000 0.54296870 / 0.28627450 0.30588230 0.40784320 0.00000000 / 29 25 17 31 / 158 0 234 255 / -0.89575510 -0.40960200 -0.17276850 1.00000000 / 0.04452515 0.94966120 / 0.0 0.0
				0.02539063 0.11474610 0.62207030 / 0.08203125 0.23046880 0.96875000 / 0.28627450 0.34509800 0.34901960 0.01960784 / 25 29 17 31 / 172 0 255 255 / -0.98860750 -0.10445760 0.10836970 1.00000000 / 0.04508972 0.94987490 / 0.0 0.0
				0.02441406 0.11328120 0.62207030 / -0.37109380 -0.55078120 0.74609370 / 0.16862750 0.39215690 0.40000000 0.03921569 / 25 29 17 31 / 173 0 255 255 / -0.85586620 -0.10845920 -0.50569730 1.00000000 / 0.04699707 0.94683840 / 0.0 0.0
				0.02392578 0.11279300 0.62011720 / -0.57031250 -0.78906250 0.23046880 / 0.02745098 0.11764710 0.85490200 0.00000000 / 25 17 29 16 / 173 0 255 255 / -0.32772910 -0.03886810 -0.94397180 1.00000000 / 0.04855347 0.94538880 / 0.0 0.0
				0.02343750 0.11376950 0.62207030 / -0.25000000 -0.50000000 0.82812500 / 0.14117650 0.27843140 0.50196080 0.07843137 / 25 17 29 31 / 176 0 255 255 / -0.96137610 0.02777126 -0.27383310 1.00000000 / 0.04870606 0.94798280 / 0.0 0.0
				0.02490234 0.11523440 0.62207030 / 0.34765630 0.05468750 0.93750000 / 0.25098040 0.25098040 0.45882350 0.03921569 / 25 17 29 31 / 177 0 255 255 / -0.93680970 0.05796697 0.34500350 1.00000000 / 0.04631043 0.95062260 / 0.0 0.0
				0.02539063 0.10888670 0.61083990 / -0.52734370 -0.80078130 0.28906250 / 0.00000000 0.06274510 0.93725490 0.00000000 / 16 17 29 16 / 172 0 255 255 / -0.49898100 0.01578402 -0.86646920 1.00000000 / 0.04478454 0.93789680 / 0.0 0.0
				0.02246094 0.11376950 0.62060550 / -0.58984370 -0.77343750 0.23437500 / 0.01960784 0.04313726 0.92156870 0.01568628 / 31 25 29 17 / 174 0 255 255 / -0.42582690 0.05111010 -0.90335990 1.00000000 / 0.05059814 0.94712830 / 0.0 0.0
				0.02246094 0.11474610 0.62207030 / -0.27343750 -0.50390620 0.82031250 / 0.11764710 0.13333330 0.63137260 0.11764710 / 31 17 29 25 / 176 0 255 255 / -0.94602200 -0.01412864 -0.32379460 1.00000000 / 0.05064392 0.94963070 / 0.0 0.0
				0.02392578 0.11621090 0.62255860 / 0.43750000 0.03125000 0.89843750 / 0.12549020 0.20392160 0.56862750 0.10196080 / 17 25 29 31 / 177 0 255 255 / -0.89700890 0.08569148 0.43362640 1.00000000 / 0.04817200 0.95254520 / 0.0 0.0
				0.02392578 0.10986330 0.61035150 / -0.58203120 -0.76171880 0.28125000 / 0.00000000 0.00000000 1.00000000 0.00000000 / 16 17 29 16 / 173 0 255 255 / -0.39126370 -0.04052773 -0.91938580 1.00000000 / 0.04772949 0.93977350 / 0.0 0.0
				0.02148437 0.11621090 0.62255860 / -0.39453130 -0.55859380 0.73046870 / 0.08235295 0.15686280 0.69019610 0.07058824 / 25 31 29 17 / 176 0 255 255 / -0.86875670 -0.03266835 -0.49416030 1.00000000 / 0.05278015 0.95205690 / 0.0 0.0
				0.02197266 0.11816410 0.62353520 / 0.34765630 0.05468750 0.93750000 / 0.14117650 0.19607840 0.60000000 0.06274510 / 25 31 29 17 / 177 0 255 255 / -0.93693990 0.04808162 0.34616750 1.00000000 / 0.05154419 0.95655820 / 0.0 0.0
				0.02148437 0.11425780 0.62060550 / -0.55859380 -0.77734370 0.29687500 / 0.02745098 0.03921569 0.92941180 0.00392157 / 25 31 29 17 / 174 0 255 255 / -0.45418390 -0.01353358 -0.89080510 1.00000000 / 0.05273437 0.94888310 / 0.0 0.0
				0.02294922 0.11035160 0.60986330 / -0.45312500 -0.81640630 0.35546870 / 0.00000000 0.00000000 1.00000000 0.00000000 / 16 17 29 16 / 174 0 255 255 / -0.49925330 -0.09761133 -0.86094030 1.00000000 / 0.04985046 0.94107060 / 0.0 0.0
				0.02392578 0.10644530 0.60449220 / -0.33984380 -0.38671880 0.85937500 / 0.00000000 0.00000000 1.00000000 0.00000000 / 16 16 29 16 / 175 0 255 255 / -0.90577550 -0.11404260 -0.40812370 1.00000000 / 0.04792786 0.93331910 / 0.0 0.0
				0.02001953 0.09375000 0.60253900 / -0.10546870 -0.04296875 0.99218750 / 0.00000000 0.00000000 1.00000000 0.00000000 / 16 16 29 16 / 178 0 255 255 / -0.99306390 0.05629395 -0.10322400 1.00000000 / 0.05607605 0.90806580 / 0.0 0.0
				0.03320312 0.08984375 0.60644530 / -0.26171870 0.00781250 0.96484370 / 0.00000000 0.00000000 1.00000000 0.00000000 / 16 25 29 16 / 175 0 255 255 / -0.96343090 0.05706235 -0.26181050 1.00000000 / 0.02937317 0.90197760 / 0.0 0.0
				0.02099609 0.10791020 0.60400390 / -0.07031250 -0.29687500 0.95312500 / 0.00000000 0.00000000 1.00000000 0.00000000 / 16 16 29 16 / 177 0 255 255 / -0.99460470 -0.05281570 -0.08928661 1.00000000 / 0.05427551 0.93556210 / 0.0 0.0
				0.00683594 0.09814453 0.60498040 / 0.12890630 0.03515625 0.99218750 / 0.00000000 0.00000000 1.00000000 0.00000000 / 16 16 29 16 / 180 0 255 255 / -0.99167150 0.00454792 0.12871290 1.00000000 / 0.08186340 0.91609190 / 0.0 0.0
				0.02050781 0.11181640 0.60986330 / -0.57421870 -0.75000000 0.32812500 / 0.00000000 0.00000000 1.00000000 0.00000000 / 16 17 29 16 / 174 0 255 255 / -0.50982060 0.01401427 -0.86016660 1.00000000 / 0.05480957 0.94320680 / 0.0 0.0
				0.01855469 0.11669920 0.62011720 / -0.64453120 -0.69531250 0.31640630 / 0.00392157 0.03921569 0.95686280 0.00000000 / 25 31 29 17 / 175 0 255 255 / -0.45670130 0.01857711 -0.88942610 1.00000000 / 0.05833435 0.95375060 / 0.0 0.0
				0.01367187 0.11718750 0.61035150 / -0.39843750 -0.71484380 0.57812500 / 0.00000000 0.00000000 1.00000000 0.00000000 / 16 17 29 16 / 176 0 255 255 / -0.75350800 -0.10551940 -0.64891550 1.00000000 / 0.06806946 0.95436100 / 0.0 0.0
				0.01806641 0.11914060 0.62304690 / -0.46093750 -0.51171880 0.72656250 / 0.03921569 0.23921570 0.69411760 0.02745098 / 25 31 29 17 / 177 0 255 255 / -0.83312830 -0.03358007 -0.55205950 1.00000000 / 0.05920410 0.95867920 / 0.0 0.0
				0.01904297 0.12255860 0.62402340 / 0.12500000 -0.01562500 0.99218750 / 0.09411765 0.27843140 0.60392160 0.02352941 / 25 31 29 17 / 177 0 255 255 / -0.99177470 -0.02933295 0.12458930 1.00000000 / 0.05799865 0.96476740 / 0.0 0.0
				0.01416016 0.12158200 0.62060550 / -0.58984370 -0.71093750 0.37890620 / 0.00000000 0.00000000 1.00000000 0.00000000 / 16 17 29 16 / 176 0 255 255 / -0.54221500 0.00213076 -0.84023700 1.00000000 / 0.06776428 0.96295170 / 0.0 0.0
				0.01367187 0.12500000 0.62353520 / -0.42578120 -0.48437500 0.76562500 / 0.01568628 0.25882350 0.72549020 0.00000000 / 25 31 29 16 / 177 0 255 255 / -0.87286690 -0.00399588 -0.48794200 1.00000000 / 0.06817627 0.96965030 / 0.0 0.0
				0.01464844 0.12792970 0.62451170 / 0.24609380 0.26562500 0.93359370 / 0.07058824 0.31764710 0.61176470 0.00000000 / 25 31 29 16 / 177 0 255 255 / -0.96362270 0.16866600 0.20732380 1.00000000 / 0.06672669 0.97596740 / 0.0 0.0
				0.00781250 0.12207030 0.61230470 / -0.28906250 -0.72265620 0.62890620 / 0.00000000 0.00000000 1.00000000 0.00000000 / 16 17 29 16 / 177 0 255 255 / -0.90006290 -0.01903359 -0.43534410 1.00000000 / 0.08016968 0.96411130 / 0.0 0.0
				0.00781250 0.12988280 0.62353520 / -0.22265630 -0.48437500 0.84375000 / 0.00392157 0.35686280 0.63921570 0.00000000 / 25 31 29 16 / 178 0 255 255 / -0.96773990 0.00631442 -0.25187220 1.00000000 / 0.08010864 0.97935490 / 0.0 0.0
				0.00732422 0.13330080 0.62402340 / 0.04687500 0.16015630 0.98437500 / 0.02745098 0.39215690 0.56470590 0.01568628 / 25 31 29 33 / 177 0 255 255 / -0.99689390 0.07026812 0.03556479 1.00000000 / 0.08047485 0.98677070 / 0.0 0.0
				0.00830078 0.12597660 0.62011720 / -0.30859370 -0.78515620 0.53515630 / 0.00000000 0.00000000 1.00000000 0.00000000 / 16 16 29 16 / 177 0 255 255 / -0.84991580 -0.02464125 -0.52634220 1.00000000 / 0.07908630 0.97209170 / 0.0 0.0
				0.00000000 0.13134770 0.62304690 / 0.00000000 -0.35156250 0.93750000 / 0.00000000 0.00000000 1.00000000 0.00000000 / 16 16 29 16 / 178 0 255 255 / -0.99990470 0.01291431 0.00485767 1.00000000 / 0.09469604 0.98216250 / 0.0 0.0
				0.00000000 0.13574220 0.62402340 / 0.00000000 0.45312500 0.89062500 / 0.20392160 0.25882350 0.52941180 0.00784314 / 33 31 29 17 / 177 0 255 255 / -0.99952650 0.02743621 -0.01393316 1.00000000 / 0.09471131 0.99066160 / 0.0 0.0
				-0.00683594 0.13378910 0.62402340 / -0.04687500 0.16015630 0.98437500 / 0.03137255 0.30588230 0.66274510 0.00000000 / 21 33 29 16 / 177 0 255 255 / -0.99865820 -0.03008885 -0.04214680 1.00000000 / 0.10896300 0.98677070 / 0.0 0.0
				0.00000000 0.12792970 0.62011720 / 0.00000000 -0.76953130 0.63671870 / 0.00000000 0.00000000 1.00000000 0.00000000 / 16 16 29 16 / 177 0 255 255 / -0.99999920 -0.00083025 -0.00100233 1.00000000 / 0.09472656 0.97518920 / 0.0 0.0
				-0.00732422 0.12988280 0.62353520 / 0.22265630 -0.48437500 0.84375000 / 0.00000000 0.30196080 0.69803930 0.00000000 / 21 33 29 16 / 178 0 255 255 / -0.96622660 0.00443263 0.25765580 1.00000000 / 0.10929870 0.97938540 / 0.0 0.0
				-0.01416016 0.12792970 0.62451170 / -0.24609380 0.26953130 0.93359370 / 0.04313726 0.34509800 0.61176470 0.00000000 / 21 33 29 16 / 177 0 255 255 / -0.96461140 -0.15823710 -0.21091660 1.00000000 / 0.12271120 0.97596740 / 0.0 0.0
				0.00000000 0.12304690 0.61230470 / 0.00000000 -0.81250000 0.58203120 / 0.00000000 0.00000000 1.00000000 0.00000000 / 16 16 29 16 / 177 0 255 255 / -0.99999980 -0.00037034 -0.00051686 1.00000000 / 0.09471131 0.96588130 / 0.0 0.0
				-0.01318359 0.12500000 0.62353520 / 0.42187500 -0.48437500 0.76562500 / 0.01176471 0.27058820 0.71764700 0.00000000 / 21 33 29 17 / 177 0 255 255 / -0.87293190 0.01062722 0.48772640 1.00000000 / 0.12124630 0.96965030 / 0.0 0.0
				-0.01855469 0.12255860 0.62402340 / -0.12500000 -0.01562500 0.99218750 / 0.09411765 0.26274510 0.64313730 0.00000000 / 21 33 29 17 / 177 0 255 255 / -0.99096630 -0.04677953 -0.12568870 1.00000000 / 0.13142390 0.96476740 / 0.0 0.0
				-0.00781250 0.12597660 0.62011720 / 0.35546870 -0.78906250 0.50000000 / 0.00000000 0.00000000 1.00000000 0.00000000 / 16 16 29 16 / 176 0 255 255 / -0.79449010 0.02649482 0.60669880 1.00000000 / 0.11030580 0.97212220 / 0.0 0.0
				-0.01806641 0.11962890 0.62304690 / 0.46093750 -0.51171880 0.72656250 / 0.04705882 0.18039220 0.77254900 0.00000000 / 21 33 29 17 / 176 0 255 255 / -0.84319730 0.00405417 0.53758910 1.00000000 / 0.13023380 0.95867920 / 0.0 0.0
				-0.02197266 0.11816410 0.62353520 / -0.32812500 0.04296875 0.94531250 / 0.16862750 0.18039220 0.58823530 0.06274510 / 33 21 29 17 / 177 0 255 255 / -0.93594400 -0.14787560 -0.31959600 1.00000000 / 0.13789370 0.95655820 / 0.0 0.0
				-0.01367187 0.12158200 0.62060550 / 0.60546880 -0.70312500 0.37109380 / 0.00000000 0.08235295 0.91764700 0.00000000 / 17 33 29 16 / 175 0 255 255 / -0.52165140 0.00115363 0.85315790 1.00000000 / 0.12167360 0.96295170 / 0.0 0.0
				-0.00732422 0.12207030 0.61230470 / 0.19921870 -0.69140620 0.69531250 / 0.00000000 0.00000000 1.00000000 0.00000000 / 16 16 29 16 / 177 0 255 255 / -0.96290600 -0.00597496 0.26977050 1.00000000 / 0.10925290 0.96411130 / 0.0 0.0
				-0.02099609 0.11621090 0.62255860 / 0.45312500 -0.57812500 0.67578120 / 0.09411765 0.10980390 0.72156870 0.07450981 / 21 33 29 17 / 176 0 255 255 / -0.85929710 -0.08430610 0.50448090 1.00000000 / 0.13664250 0.95205690 / 0.0 0.0
				0.00000000 0.11523440 0.60546880 / 0.00000000 -0.40625000 0.91406250 / 0.00000000 0.00000000 1.00000000 0.00000000 / 16 16 29 16 / 179 0 255 255 / -1.00000000 0.00011022 0.00004900 1.00000000 / 0.09471131 0.94477850 / 0.0 0.0
				-0.01855469 0.11718750 0.62011720 / 0.64062500 -0.69921880 0.31640630 / 0.00000000 0.00000000 1.00000000 0.00000000 / 17 21 29 16 / 174 0 255 255 / -0.45208120 -0.01057776 0.89191410 1.00000000 / 0.13110350 0.95375060 / 0.0 0.0
				-0.02246094 0.11474610 0.62207030 / 0.25390630 -0.50000000 0.82812500 / 0.13333330 0.16078430 0.62745100 0.07843137 / 17 21 29 33 / 176 0 255 255 / -0.95624700 -0.00097410 0.29255880 1.00000000 / 0.13877870 0.94963070 / 0.0 0.0
				-0.02099609 0.11474610 0.62060550 / 0.55468750 -0.77734370 0.29687500 / 0.00000000 0.00784314 0.99215690 0.00000000 / 21 17 29 33 / 174 0 255 255 / -0.54865870 -0.07344738 0.83281390 1.00000000 / 0.13670350 0.94888310 / 0.0 0.0
				-0.02001953 0.11181640 0.60986330 / 0.57031250 -0.75000000 0.32812500 / 0.00000000 0.00000000 1.00000000 0.00000000 / 16 17 29 16 / 174 0 255 255 / -0.48667770 0.01218175 0.87349660 1.00000000 / 0.13461300 0.94320680 / 0.0 0.0
				-0.01318359 0.11718750 0.61035150 / 0.54296870 -0.73828120 0.39843750 / 0.00000000 0.00000000 1.00000000 0.00000000 / 16 16 29 16 / 175 0 255 255 / -0.58570940 0.00666410 0.81049380 1.00000000 / 0.12135310 0.95436100 / 0.0 0.0
				-0.02246094 0.11376950 0.62060550 / 0.58593750 -0.77734370 0.23437500 / 0.01176471 0.01176471 0.97647060 0.00000000 / 21 17 29 33 / 174 0 255 255 / -0.46459420 -0.08460405 0.88147290 1.00000000 / 0.13883970 0.94712830 / 0.0 0.0
				-0.02246094 0.11083980 0.60986330 / 0.45312500 -0.82031250 0.35546870 / 0.00000000 0.00000000 1.00000000 0.00000000 / 16 17 29 16 / 173 0 255 255 / -0.61073110 0.00620034 0.79181370 1.00000000 / 0.13958740 0.94107060 / 0.0 0.0
				-0.02050781 0.10791020 0.60400390 / 0.09375000 -0.33593750 0.93750000 / 0.00000000 0.00000000 1.00000000 0.00000000 / 16 16 29 16 / 177 0 255 255 / -0.98708870 0.09164506 0.13136580 1.00000000 / 0.13516240 0.93556210 / 0.0 0.0
				-0.02392578 0.10986330 0.61035150 / 0.57812500 -0.76562500 0.28125000 / 0.00000000 0.00000000 1.00000000 0.00000000 / 16 17 29 16 / 173 0 255 255 / -0.49972980 -0.05992013 0.86410630 1.00000000 / 0.14169310 0.93977350 / 0.0 0.0
				-0.00732422 0.11181640 0.60449220 / 0.01171875 -0.24609380 0.96875000 / 0.00000000 0.00000000 1.00000000 0.00000000 / 16 16 29 16 / 178 0 255 255 / -0.98895290 -0.14608110 -0.02514780 1.00000000 / 0.10954280 0.94348140 / 0.0 0.0
				-0.02343750 0.10644530 0.60449220 / 0.33984380 -0.38671880 0.85937500 / 0.00000000 0.00000000 1.00000000 0.00000000 / 16 16 29 16 / 175 0 255 255 / -0.92123480 0.05036878 0.38573250 1.00000000 / 0.14149480 0.93331910 / 0.0 0.0
				-0.02343750 0.11279300 0.62011720 / 0.59375000 -0.76171880 0.26171870 / 0.02352941 0.02352941 0.95294120 0.00000000 / 17 21 29 16 / 173 0 255 255 / -0.39572260 0.00717191 0.91834210 1.00000000 / 0.14088440 0.94538880 / 0.0 0.0
				-0.00634766 0.09814453 0.60498040 / -0.12890630 0.03515625 0.99218750 / 0.00000000 0.00000000 1.00000000 0.00000000 / 16 16 29 16 / 180 0 255 255 / -0.99167250 -0.00454733 -0.12870500 1.00000000 / 0.10757450 0.91609190 / 0.0 0.0
				-0.01025391 0.07080078 0.60693360 / -0.15234370 0.10156250 0.98437500 / 0.00000000 0.00000000 1.00000000 0.00000000 / 16 16 29 16 / 180 0 255 255 / -0.98760200 0.02346832 -0.15521470 1.00000000 / 0.11465450 0.86184690 / 0.0 0.0
				0.00000000 0.07421875 0.60839840 / 0.00000000 0.10156250 0.99609380 / 0.00000000 0.00000000 1.00000000 0.00000000 / 16 16 29 16 / 180 0 255 255 / -1.00000000 -0.00000894 0.00000073 1.00000000 / 0.09471131 0.86904900 / 0.0 0.0
				0.00000000 0.10107420 0.60546880 / 0.00000000 0.05468750 1.00000000 / 0.00000000 0.00000000 1.00000000 0.00000000 / 16 16 29 16 / 180 0 255 255 / -0.99999990 0.00006078 -0.00000352 1.00000000 / 0.09471131 0.92172240 / 0.0 0.0
				0.01025391 0.07080078 0.60693360 / 0.15625000 0.09765625 0.98437500 / 0.00000000 0.00000000 1.00000000 0.00000000 / 16 16 29 16 / 180 0 255 255 / -0.98703390 -0.02277588 0.15888790 1.00000000 / 0.07478332 0.86184690 / 0.0 0.0
				0.00781250 0.11181640 0.60449220 / -0.03906250 -0.28125000 0.96093750 / 0.00000000 0.00000000 1.00000000 0.00000000 / 16 16 29 16 / 179 0 255 255 / -0.99349220 0.11368340 -0.00701968 1.00000000 / 0.07989502 0.94348140 / 0.0 0.0
				-0.03320312 0.08984375 0.60644530 / 0.50000000 -0.05468750 0.86328130 / 0.00000000 0.00000000 1.00000000 0.00000000 / 16 21 29 16 / 175 0 255 255 / -0.86551430 -0.04775881 0.49860200 1.00000000 / 0.16004940 0.90197760 / 0.0 0.0
				-0.03076172 0.10351560 0.60595700 / 0.50390620 -0.03906250 0.86328130 / 0.00000000 0.00000000 1.00000000 0.00000000 / 17 19 29 16 / 174 0 255 255 / -0.86115490 -0.10156270 0.49809360 1.00000000 / 0.15528870 0.92840580 / 0.0 0.0
				-0.03466797 0.10058590 0.60791020 / 0.71875000 -0.16015630 0.67578120 / 0.00000000 0.02352941 0.97647060 0.00000000 / 15 17 29 19 / 172 0 255 255 / -0.67896450 0.04357694 0.73287670 1.00000000 / 0.16355900 0.92350770 / 0.0 0.0
				-0.04052734 0.08740234 0.61132810 / 0.96875000 0.01562500 0.25390630 / 0.00000000 0.00000000 1.00000000 0.00000000 / 16 21 29 16 / 166 0 248 255 / -0.23318300 0.41222300 0.88073710 1.00000000 / 0.17498780 0.89852910 / 0.0 0.0
				-0.03662109 0.10009770 0.61474610 / 0.91015630 -0.39062500 0.13281250 / 0.00000000 0.00784314 0.99215690 0.00000000 / 19 21 17 16 / 166 0 248 255 / 0.07523821 -0.15820390 -0.98453580 -1.00000000 / 0.16735840 0.92196650 / 0.0 0.0
				-0.03613281 0.10107420 0.62402340 / 0.86328130 -0.50781250 0.00000000 / 0.00000000 0.26274510 0.73725490 0.00000000 / 19 21 17 16 / 159 0 236 255 / -0.02482400 -0.04215733 -0.99880250 -1.00000000 / 0.16586300 0.92304990 / 0.0 0.0
				-0.04199219 0.09082031 0.62646480 / 0.96875000 0.03125000 -0.23828120 / 0.00000000 0.01568628 0.98431370 0.00000000 / 16 21 17 16 / 153 0 228 255 / -0.24287480 0.17952620 -0.95330070 -1.00000000 / 0.17779540 0.90269470 / 0.0 0.0
				-0.03808594 0.06250000 0.60986330 / 0.91796870 0.36718750 0.14453130 / 0.00000000 0.00000000 1.00000000 0.00000000 / 16 16 29 16 / 165 0 246 255 / 0.11050350 0.11103600 -0.98765380 -1.00000000 / 0.16975400 0.84516910 / 0.0 0.0
				-0.03759766 0.06542969 0.62841800 / 0.85937500 0.38281250 -0.33593750 / 0.00000000 0.00000000 1.00000000 0.00000000 / 16 16 17 16 / 149 0 221 255 / -0.37095590 0.01845123 -0.92846710 -1.00000000 / 0.16885380 0.85099790 / 0.0 0.0
				-0.03125000 0.07519531 0.64306640 / 0.66015630 0.28125000 -0.69531250 / 0.00000000 0.00000000 1.00000000 0.00000000 / 16 16 17 16 / 128 0 191 255 / -0.72059700 -0.02159429 -0.69301760 -1.00000000 / 0.15620420 0.87089540 / 0.0 0.0
				-0.03564453 0.09960938 0.64013670 / 0.60546880 -0.01562500 -0.79687500 / 0.00000000 0.09411765 0.90588230 0.00000000 / 16 21 17 16 / 136 0 203 255 / -0.79640290 -0.00971155 -0.60468830 -1.00000000 / 0.16511540 0.91891480 / 0.0 0.0
				-0.03564453 0.06201172 0.60498040 / 0.26562500 0.08984375 0.96093750 / 0.00000000 0.00000000 1.00000000 0.00000000 / 16 16 29 16 / 174 0 255 255 / -0.96195040 -0.04645185 0.26924640 1.00000000 / 0.16453550 0.84432980 / 0.0 0.0
				-0.01953125 0.09375000 0.60253900 / -0.01171875 0.03125000 1.00000000 / 0.00000000 0.00000000 1.00000000 0.00000000 / 16 16 29 16 / 178 0 255 255 / -0.99961740 -0.02542904 -0.01088176 1.00000000 / 0.13336180 0.90806580 / 0.0 0.0
				-0.01855469 0.08056641 0.64990240 / 0.21875000 0.14843750 -0.96484370 / 0.00000000 0.00000000 1.00000000 0.00000000 / 16 16 17 16 / 112 0 165 255 / -0.97495300 -0.00808283 -0.22226410 -1.00000000 / 0.13153080 0.88146970 / 0.0 0.0
				-0.01660156 0.05859375 0.63720710 / 0.19531250 0.67968750 -0.70703130 / 0.00000000 0.00000000 1.00000000 0.00000000 / 16 15 17 16 / 128 1 191 255 / -0.95060260 -0.04614844 -0.30696080 -1.00000000 / 0.12782290 0.83795170 / 0.0 0.0
				-0.02539063 0.05078125 0.62548830 / 0.39062500 0.83984370 -0.37500000 / 0.00000000 0.00000000 1.00000000 0.00000000 / 16 16 17 16 / 149 0 221 255 / -0.44017200 -0.18706760 -0.87821090 -1.00000000 / 0.14491270 0.82221990 / 0.0 0.0
				-0.02636719 0.04785156 0.60937500 / 0.21875000 0.87500000 0.42968750 / 0.00000000 0.00000000 1.00000000 0.00000000 / 16 16 29 16 / 165 0 246 255 / -0.81164190 0.40736600 -0.41867690 -1.00000000 / 0.14656070 0.81655880 / 0.0 0.0
				-0.02001953 0.06738281 0.60400390 / -0.05078125 0.10937500 0.99218750 / 0.00000000 0.00000000 1.00000000 0.00000000 / 16 16 29 16 / 178 0 255 255 / -0.99869010 0.00035070 -0.05116446 1.00000000 / 0.13444520 0.85491940 / 0.0 0.0
				-0.01025391 0.07080078 0.60693360 / -0.20312500 0.01953125 0.98046870 / 0.00000000 0.00000000 1.00000000 0.00000000 / 16 16 29 16 / 180 0 255 255 / -0.97916080 0.00636510 -0.20298650 1.00000000 / 0.11465450 0.86184690 / 0.0 0.0
				-0.00634766 0.09814453 0.60498040 / -0.18359380 0.10156250 0.97656250 / 0.00000000 0.00000000 1.00000000 0.00000000 / 16 16 29 16 / 180 0 255 255 / -0.98293760 -0.02398865 -0.18236830 1.00000000 / 0.10757450 0.91609190 / 0.0 0.0
				-0.01416016 0.05419922 0.60498040 / -0.18359380 0.49218750 0.85156250 / 0.00000000 0.00000000 1.00000000 0.00000000 / 16 16 29 16 / 173 0 255 255 / -0.98121320 -0.03910309 -0.18892250 1.00000000 / 0.12292480 0.82887270 / 0.0 0.0
				0.00000000 0.04980469 0.62158200 / 0.00000000 0.99218750 -0.13671870 / 0.00000000 0.00000000 1.00000000 0.00000000 / 16 16 29 16 / 155 4 230 255 / -1.00000000 0.00000115 0.00000848 -1.00000000 / 0.09471131 0.80960090 / 0.0 0.0
				-0.00732422 0.05664062 0.60644530 / -0.29687500 0.44531250 0.84375000 / 0.00000000 0.00000000 1.00000000 0.00000000 / 16 16 29 16 / 177 0 255 255 / -0.94992900 -0.04839499 -0.30869510 1.00000000 / 0.10879520 0.83421330 / 0.0 0.0
				0.00000000 0.05908203 0.60742190 / 0.00000000 0.25781250 0.96484370 / 0.00000000 0.00000000 1.00000000 0.00000000 / 16 16 29 16 / 176 0 255 255 / -1.00000000 -0.00000908 0.00000274 1.00000000 / 0.09471131 0.83895870 / 0.0 0.0
				0.00000000 0.07421875 0.60839840 / 0.00000000 -0.05078125 1.00000000 / 0.00000000 0.00000000 1.00000000 0.00000000 / 16 16 29 16 / 180 0 255 255 / -1.00000000 -0.00000530 -0.00000039 1.00000000 / 0.09471131 0.86904900 / 0.0 0.0
				0.01025391 0.07080078 0.60693360 / 0.20312500 0.01953125 0.98046870 / 0.00000000 0.00000000 1.00000000 0.00000000 / 16 16 29 16 / 180 0 255 255 / -0.97916040 -0.00609823 0.20299680 1.00000000 / 0.07478332 0.86184690 / 0.0 0.0
				0.00732422 0.05664062 0.60644530 / 0.29687500 0.44531250 0.84375000 / 0.00000000 0.00000000 1.00000000 0.00000000 / 16 16 29 16 / 177 0 255 255 / -0.95019140 0.05080847 0.30749750 1.00000000 / 0.08064270 0.83421330 / 0.0 0.0
				0.01464844 0.05419922 0.60498040 / 0.18359380 0.48828130 0.85156250 / 0.00000000 0.00000000 1.00000000 0.00000000 / 16 16 29 16 / 173 1 255 255 / -0.98126070 0.04047920 0.18838500 1.00000000 / 0.06649780 0.82887270 / 0.0 0.0
				0.02001953 0.09375000 0.60253900 / 0.01171875 0.03125000 1.00000000 / 0.00000000 0.00000000 1.00000000 0.00000000 / 16 16 29 16 / 178 0 255 255 / -0.99961540 0.02550866 0.01087901 1.00000000 / 0.05607605 0.90806580 / 0.0 0.0
				0.00683594 0.09814453 0.60498040 / 0.18359380 0.10156250 0.97656250 / 0.00000000 0.00000000 1.00000000 0.00000000 / 16 16 29 16 / 180 0 255 255 / -0.98293820 0.02396117 0.18236850 1.00000000 / 0.08186340 0.91609190 / 0.0 0.0
				0.02050781 0.06738281 0.60400390 / 0.05078125 0.10937500 0.99218750 / 0.00000000 0.00000000 1.00000000 0.00000000 / 16 16 29 16 / 178 0 255 255 / -0.99869030 -0.00035003 0.05116438 1.00000000 / 0.05499268 0.85491940 / 0.0 0.0
				0.02636719 0.04785156 0.60937500 / -0.21875000 0.87500000 0.42968750 / 0.00000000 0.00000000 1.00000000 0.00000000 / 16 16 29 16 / 165 5 246 255 / -0.79991720 -0.41274350 0.43563200 -1.00000000 / 0.04286194 0.81655880 / 0.0 0.0
				0.03564453 0.06201172 0.60498040 / -0.26562500 0.09375000 0.96093750 / 0.00000000 0.00000000 1.00000000 0.00000000 / 16 16 29 16 / 174 1 255 255 / -0.96178600 0.04946956 -0.26929640 1.00000000 / 0.02490234 0.84432980 / 0.0 0.0
				0.03320312 0.08984375 0.60644530 / -0.50000000 -0.05078125 0.86328130 / 0.00000000 0.00000000 1.00000000 0.00000000 / 16 25 29 16 / 175 0 255 255 / -0.86539630 0.04808591 -0.49877550 1.00000000 / 0.02937317 0.90197760 / 0.0 0.0
				0.03808594 0.06250000 0.60986330 / -0.91796870 0.36718750 0.14453130 / 0.00000000 0.00000000 1.00000000 0.00000000 / 16 16 29 16 / 165 4 246 255 / 0.11467760 -0.10096030 0.98825910 -1.00000000 / 0.01968384 0.84516910 / 0.0 0.0
				0.02587891 0.05078125 0.62548830 / -0.38671880 0.84375000 -0.37500000 / 0.00000000 0.00000000 1.00000000 0.00000000 / 16 16 17 16 / 149 15 222 255 / -0.42404170 0.19884300 0.88354410 -1.00000000 / 0.04450989 0.82221990 / 0.0 0.0
				0.03515625 0.10058590 0.60791020 / -0.71875000 -0.15625000 0.67578120 / 0.00000000 0.00784314 0.99215690 0.00000000 / 25 17 29 15 / 172 0 255 255 / -0.68574640 0.01062509 -0.72776300 1.00000000 / 0.02587891 0.92350770 / 0.0 0.0
				0.03125000 0.10351560 0.60595700 / -0.50390620 -0.03906250 0.86328130 / 0.00000000 0.00000000 1.00000000 0.00000000 / 17 25 29 16 / 174 0 255 255 / -0.86125470 0.10003680 -0.49822970 1.00000000 / 0.03414917 0.92840580 / 0.0 0.0
				0.04101563 0.08740234 0.61132810 / -0.96875000 0.01953125 0.25390630 / 0.00000000 0.00392157 0.99607840 0.00000000 / 16 25 29 16 / 166 1 248 255 / -0.23639370 -0.39024350 -0.88984710 1.00000000 / 0.01445007 0.89852910 / 0.0 0.0
				0.03710938 0.09960938 0.61474610 / -0.91406250 -0.38671880 0.13281250 / 0.00000000 0.01176471 0.98823530 0.00000000 / 29 25 17 19 / 167 0 248 255 / 0.03022718 0.26180840 0.96464640 -1.00000000 / 0.02207947 0.92196650 / 0.0 0.0
				0.03808594 0.06542969 0.62841800 / -0.85937500 0.38671880 -0.33593750 / 0.00000000 0.00000000 1.00000000 0.00000000 / 16 16 17 16 / 149 12 221 255 / -0.36621210 -0.00518880 0.93051700 -1.00000000 / 0.02056885 0.85099790 / 0.0 0.0
				0.04248047 0.09082031 0.62646480 / -0.96875000 0.03515625 -0.23828120 / 0.00000000 0.00784314 0.99215690 0.00000000 / 16 25 17 16 / 153 3 228 255 / -0.23984360 0.03100369 0.97031630 -1.00000000 / 0.01164246 0.90269470 / 0.0 0.0
				0.03662109 0.10107420 0.62402340 / -0.86328130 -0.50390620 0.00000000 / 0.00000000 0.04705882 0.95294120 0.00000000 / 19 25 17 16 / 159 0 236 255 / -0.04707172 0.08069604 0.99562660 -1.00000000 / 0.02355957 0.92304990 / 0.0 0.0
				0.01708984 0.05859375 0.63720710 / -0.19140620 0.67968750 -0.70703130 / 0.00000000 0.00000000 1.00000000 0.00000000 / 16 15 17 16 / 128 15 191 255 / -0.95176100 0.04730774 0.30317150 -1.00000000 / 0.06161499 0.83795170 / 0.0 0.0
				0.03125000 0.07519531 0.64306640 / -0.66015630 0.28515620 -0.69531250 / 0.00000000 0.00000000 1.00000000 0.00000000 / 16 16 17 16 / 129 13 191 255 / -0.72164580 0.01692035 0.69205560 -1.00000000 / 0.03323364 0.87089540 / 0.0 0.0
				0.03613281 0.09912110 0.64013670 / -0.60546880 -0.01562500 -0.79687500 / 0.00000000 0.02352941 0.97647060 0.00000000 / 19 25 17 16 / 136 4 203 255 / -0.79640440 0.00966278 0.60468720 -1.00000000 / 0.02430725 0.91891480 / 0.0 0.0
				0.00000000 0.06250000 0.64160160 / 0.00000000 0.61718750 -0.78906250 / 0.00000000 0.00000000 1.00000000 0.00000000 / 16 15 17 16 / 122 5 180 255 / -1.00000000 0.00001263 0.00000984 -1.00000000 / 0.09471131 0.84513860 / 0.0 0.0
				0.01904297 0.08056641 0.64990240 / -0.21875000 0.14843750 -0.96484370 / 0.00000000 0.00000000 1.00000000 0.00000000 / 16 16 17 16 / 112 8 167 255 / -0.97471660 0.01346136 0.22303910 -1.00000000 / 0.05790711 0.88146970 / 0.0 0.0
				0.00000000 0.08154297 0.65136720 / 0.00000000 0.08984375 -0.99609380 / 0.00000000 0.00000000 1.00000000 0.00000000 / 16 16 17 16 / 102 2 152 255 / -1.00000000 0.00000760 0.00000068 -1.00000000 / 0.09471131 0.88298030 / 0.0 0.0
				0.00878906 0.10791020 0.64794920 / -0.16406250 -0.17187500 -0.97265620 / 0.00000000 0.00000000 1.00000000 0.00000000 / 16 16 17 16 / 107 1 159 255 / -0.98642560 0.01727131 0.16329800 -1.00000000 / 0.07827759 0.93588260 / 0.0 0.0
				-0.00830078 0.10791020 0.64794920 / 0.16406250 -0.17187500 -0.97265620 / 0.00000000 0.00000000 1.00000000 0.00000000 / 16 16 17 16 / 107 0 159 255 / -0.98631520 -0.00990479 -0.16457310 -1.00000000 / 0.11116030 0.93588260 / 0.0 0.0
				0.00000000 0.10839840 0.64794920 / 0.00000000 -0.17578120 -0.98437500 / 0.00000000 0.00000000 1.00000000 0.00000000 / 16 16 17 16 / 104 0 155 255 / -1.00000000 0.00000953 -0.00000170 -1.00000000 / 0.09471131 0.93629460 / 0.0 0.0
				0.00927734 0.12695310 0.64355470 / -0.38281250 -0.53125000 -0.75781250 / 0.00000000 0.00000000 1.00000000 0.00000000 / 16 16 17 16 / 129 0 192 255 / 0.17878170 0.76399980 -0.61995260 1.00000000 / 0.07739258 0.97349550 / 0.0 0.0
				-0.00878906 0.12695310 0.64355470 / 0.38281250 -0.53125000 -0.75781250 / 0.00000000 0.00392157 0.99607840 0.00000000 / 19 21 17 16 / 129 0 191 255 / 0.19557530 -0.75702920 0.62342380 1.00000000 / 0.11203000 0.97349550 / 0.0 0.0
				0.00000000 0.12890630 0.64355470 / 0.00000000 -0.73437500 -0.67968750 / 0.00000000 0.00000000 1.00000000 0.00000000 / 16 16 17 16 / 126 0 188 255 / -0.99998380 -0.00386784 0.00416863 1.00000000 / 0.09471131 0.97789000 / 0.0 0.0
				0.00000000 -0.07812500 0.55322260 / 0.00000000 -0.70312500 0.71093750 / 0.00000000 0.01176471 0.98823530 0.00000000 / 17 15 16 16 / 176 214 255 255 / 0.91202490 -0.29162320 -0.28838600 1.00000000 / 0.99156190 0.65293890 / 0.0 0.0
				0.00000000 -0.06201172 0.56982420 / 0.00000000 -0.81250000 0.58203120 / 0.02352941 0.03921569 0.93725490 0.00000000 / 17 15 16 16 / 174 214 255 255 / 0.94925890 -0.18329180 -0.25556150 1.00000000 / 0.99156190 0.63676450 / 0.0 0.0
				-0.02978515 -0.05712891 0.56787110 / -0.28906250 -0.71093750 0.64062500 / 0.01568628 0.03137255 0.95294120 0.00000000 / 17 15 16 16 / 175 214 255 255 / 0.81582180 -0.53328310 -0.22370470 1.00000000 / 0.93266290 0.64456180 / 0.0 0.0
				-0.02587891 -0.07177734 0.55517580 / -0.16796870 -0.68750000 0.70703130 / 0.00000000 0.01176471 0.98823530 0.00000000 / 17 15 16 16 / 176 214 255 255 / 0.82736660 -0.48803850 -0.27799800 1.00000000 / 0.96656800 0.65710450 / 0.0 0.0
				0.00000000 -0.05615234 0.58398440 / 0.00000000 -0.92578120 0.38281250 / 0.07058824 0.12156860 0.80784310 0.00000000 / 15 17 16 16 / 170 214 254 255 / 0.98056340 -0.07411392 -0.18166610 1.00000000 / 0.99156190 0.61798090 / 0.0 0.0
				-0.04248047 -0.06298828 0.55761720 / -0.37500000 -0.50390620 0.77734370 / 0.00000000 0.01176471 0.98823530 0.00000000 / 17 15 16 16 / 176 214 255 255 / 0.49350410 -0.81895930 -0.29284680 1.00000000 / 0.93148800 0.66598510 / 0.0 0.0
				-0.02685547 -0.04785156 0.58251950 / -0.46875000 -0.79687500 0.37890620 / 0.07058824 0.12156860 0.80784310 0.00000000 / 15 17 16 16 / 170 214 254 255 / 0.83436310 -0.54101160 -0.10556860 1.00000000 / 0.93090820 0.62318420 / 0.0 0.0
				0.00000000 -0.05468750 0.59667970 / 0.00000000 -0.98828130 0.14062500 / 0.00392157 0.42745100 0.56862750 0.00000000 / 15 16 17 16 / 165 214 246 255 / 0.99643850 -0.01314734 -0.08328996 1.00000000 / 0.99156190 0.59063720 / 0.0 0.0
				-0.05175781 -0.03662109 0.56689450 / -0.61718750 -0.41015630 0.66796880 / 0.01960784 0.02745098 0.95294120 0.00000000 / 17 15 16 16 / 174 214 255 255 / 0.39641740 -0.89914060 -0.18547070 1.00000000 / 0.86570740 0.66145330 / 0.0 0.0
				-0.06054688 -0.04345703 0.55908200 / -0.54687500 -0.23828120 0.80468750 / 0.00000000 0.01176471 0.98823530 0.00000000 / 17 15 16 16 / 175 214 255 255 / 0.17866870 -0.96984270 -0.16577820 1.00000000 / 0.87071230 0.68440250 / 0.0 0.0
				-0.06884766 -0.01855469 0.55322260 / -0.73046870 0.04296875 0.67968750 / 0.00000000 0.00392157 0.99607840 0.00000000 / 16 15 16 16 / 174 214 255 255 / -0.04341244 -0.99892050 0.01652740 1.00000000 / 0.81359860 0.70721430 / 0.0 0.0
				-0.02636719 -0.04443359 0.59570310 / -0.49218750 -0.85937500 0.14453130 / 0.00000000 0.44705880 0.55294120 0.00000000 / 15 16 17 16 / 165 214 246 255 / 0.86656590 -0.49883880 -0.01494484 1.00000000 / 0.93083190 0.59489440 / 0.0 0.0
				0.00000000 -0.05371094 0.61181640 / 0.00000000 -1.00000000 -0.01953125 / 0.00000000 0.03529412 0.96470590 0.00000000 / 16 16 17 16 / 160 214 237 255 / 0.99997790 0.00000981 0.00664382 1.00000000 / 0.99156190 0.55004880 / 0.0 0.0
				-0.04882813 -0.03125000 0.57763670 / -0.76171880 -0.57421870 0.30468750 / 0.05490196 0.10196080 0.84313730 0.00000000 / 15 17 16 16 / 169 214 252 255 / 0.58412790 -0.80907010 -0.06480849 1.00000000 / 0.85987860 0.63760380 / 0.0 0.0
				-0.06201172 -0.01416016 0.56054690 / -0.89843750 -0.01953125 0.43750000 / 0.00000000 0.01568628 0.98431370 0.00000000 / 17 15 16 16 / 172 214 255 255 / 0.04303545 -0.99811210 0.04382151 1.00000000 / 0.80790710 0.68112180 / 0.0 0.0
				-0.06738281 0.00683594 0.54150390 / -0.79296870 0.35156250 0.50000000 / 0.00000000 0.00392157 0.99607840 0.00000000 / 16 15 16 16 / 172 214 255 255 / -0.30050440 -0.93630360 0.18174940 1.00000000 / 0.75495910 0.73764040 / 0.0 0.0
				-0.04833984 -0.02783203 0.59082030 / -0.76953130 -0.63281250 0.07421875 / 0.00000000 0.48235290 0.51764710 0.00000000 / 15 16 17 16 / 164 214 245 255 / 0.63095760 -0.77383960 -0.05536055 1.00000000 / 0.85664370 0.60810850 / 0.0 0.0
				-0.06250000 0.00830078 0.54882810 / -0.86328130 0.39453130 0.31250000 / 0.00000000 0.00392157 0.99607840 0.00000000 / 17 15 16 16 / 170 214 254 255 / -0.39460510 -0.91643110 0.06663830 1.00000000 / 0.74824520 0.70710750 / 0.0 0.0
				-0.06103515 0.02929688 0.52490230 / -0.68359370 0.55859380 0.46875000 / 0.01176471 0.02352941 0.96470590 0.00000000 / 17 15 16 16 / 171 214 255 255 / -0.48968030 -0.82815030 0.27272740 1.00000000 / 0.69032290 0.77799990 / 0.0 0.0
				-0.05957031 -0.01074219 0.57031250 / -0.96093750 -0.23828120 0.13281250 / 0.02745098 0.05098039 0.92156870 0.00000000 / 15 17 16 16 / 167 214 249 255 / 0.23053500 -0.97031960 -0.07303001 1.00000000 / 0.80314640 0.65666200 / 0.0 0.0
				-0.06103515 0.00976563 0.55908200 / -0.98437500 0.17578120 0.05468750 / 0.01176471 0.09803922 0.88235290 0.00784314 / 15 29 16 17 / 165 214 246 255 / -0.18314020 -0.96215270 -0.20179680 1.00000000 / 0.74522400 0.68278500 / 0.0 0.0
				-0.05566406 0.02734375 0.53417970 / -0.70703130 0.59765620 0.38281250 / 0.00000000 0.01176471 0.98823530 0.00000000 / 17 15 16 16 / 170 214 252 255 / -0.62367280 -0.77899750 0.06477113 1.00000000 / 0.67826850 0.74703980 / 0.0 0.0
				-0.06005860 0.04638672 0.50830080 / -0.39843750 0.76171880 0.51171880 / 0.01176471 0.08235295 0.90588230 0.00000000 / 17 15 16 16 / 171 214 255 255 / -0.82646430 -0.53978860 0.15995300 1.00000000 / 0.62852480 0.80746460 / 0.0 0.0
				-0.05419922 0.02685547 0.54638670 / -0.86328130 0.50390620 0.05859375 / 0.00784314 0.09803922 0.89019610 0.00392157 / 15 29 16 17 / 165 214 246 255 / -0.50083860 -0.82929660 -0.24784650 1.00000000 / 0.67279050 0.72325130 / 0.0 0.0
				-0.06152343 0.01074219 0.57226560 / -0.99218750 0.07421875 -0.09375000 / 0.15294120 0.37647060 0.47058820 0.00000000 / 17 29 16 15 / 161 214 240 255 / -0.03410303 -0.92728850 -0.37279110 1.00000000 / 0.74528510 0.66006470 / 0.0 0.0
				-0.05126953 0.04150391 0.52099610 / -0.48828130 0.76562500 0.41406250 / 0.01568628 0.04313726 0.94117650 0.00000000 / 17 15 16 16 / 170 214 252 255 / -0.84950750 -0.52686520 -0.02738620 1.00000000 / 0.61943060 0.77502440 / 0.0 0.0
				-0.05957031 -0.00830078 0.58251950 / -0.95312500 -0.30468750 -0.04687500 / 0.00000000 0.45490200 0.54509810 0.00000000 / 15 17 16 16 / 163 214 242 255 / 0.30714930 -0.92913270 -0.20584410 1.00000000 / 0.79885860 0.63029480 / 0.0 0.0
				-0.04101563 0.04931641 0.51367190 / -0.29296880 0.89062500 0.34375000 / 0.03137255 0.09803922 0.87058820 0.00000000 / 17 15 16 16 / 169 214 252 255 / -0.94340610 -0.32833040 0.04673312 1.00000000 / 0.58135980 0.79212950 / 0.0 0.0
				-0.04736328 0.05468750 0.49853520 / -0.18750000 0.89843750 0.39843750 / 0.03529412 0.14901960 0.81568630 0.00000000 / 17 15 16 16 / 171 214 255 255 / -0.96424920 -0.24549270 0.09978420 1.00000000 / 0.59036260 0.82316590 / 0.0 0.0
				-0.04589844 0.03955078 0.53515630 / -0.67578120 0.71484380 0.18750000 / 0.01176471 0.09803922 0.88235290 0.00784314 / 15 29 16 17 / 166 214 246 255 / -0.73775710 -0.65821400 -0.14989620 1.00000000 / 0.61465460 0.74705510 / 0.0 0.0
				-0.03662109 0.04687500 0.52832030 / -0.44921870 0.87109370 0.19140620 / 0.02352941 0.09803922 0.86666670 0.01176471 / 15 29 16 17 / 164 214 245 255 / -0.89276990 -0.44523330 -0.06877018 1.00000000 / 0.57516480 0.76307680 / 0.0 0.0
				-0.02734375 0.05371094 0.50927730 / -0.20703130 0.94531250 0.25390630 / 0.05098039 0.16078430 0.78823530 0.00000000 / 17 15 16 16 / 168 214 249 255 / -0.97207460 -0.22790740 0.05593860 1.00000000 / 0.55625920 0.79803470 / 0.0 0.0
				-0.03320312 0.05908203 0.49365230 / -0.12890630 0.92968750 0.34375000 / 0.05490196 0.22352940 0.72156870 0.00000000 / 17 15 16 16 / 171 214 255 255 / -0.98409160 -0.16277090 0.07119972 1.00000000 / 0.56588740 0.83033750 / 0.0 0.0
				-0.02392578 0.05273437 0.52441410 / -0.39062500 0.91796870 0.05468750 / 0.04313726 0.09803922 0.83529410 0.02352941 / 15 29 16 17 / 162 214 240 255 / -0.92040260 -0.39021200 -0.02436894 1.00000000 / 0.55038450 0.77035520 / 0.0 0.0
				-0.03466797 0.04687500 0.54296870 / -0.58984370 0.80859380 -0.04296875 / 0.00392157 0.37647060 0.61568630 0.00392157 / 17 29 16 15 / 158 214 234 255 / -0.80206580 -0.58999510 -0.09271679 1.00000000 / 0.57673650 0.73855590 / 0.0 0.0
				-0.04443359 0.03808594 0.54931640 / -0.72656250 0.68750000 -0.00781250 / 0.01568628 0.37647060 0.60392160 0.00392157 / 17 29 16 15 / 160 214 237 255 / -0.67660520 -0.71695410 -0.16787500 1.00000000 / 0.62144470 0.72320560 / 0.0 0.0
				-0.05468750 0.02734375 0.55908200 / -0.88281250 0.46093750 -0.07421875 / 0.03529412 0.37647060 0.57647060 0.01176471 / 17 29 16 15 / 161 214 239 255 / -0.42221940 -0.85629020 -0.29748580 1.00000000 / 0.67150880 0.70164490 / 0.0 0.0
				-0.04589844 0.03857422 0.55957030 / -0.77343750 0.60546880 -0.17968750 / 0.05882353 0.29411760 0.64705880 0.00000000 / 17 16 29 15 / 154 192 228 255 / -0.59270480 -0.79520600 -0.12786020 1.00000000 / 0.62934880 0.70208740 / 0.0 0.0
				-0.05615234 0.02734375 0.57031250 / -0.89843750 0.41406250 -0.14843750 / 0.14509800 0.21176470 0.64313730 0.00000000 / 17 16 29 15 / 156 195 231 255 / -0.39078230 -0.90610790 -0.16204210 1.00000000 / 0.67312620 0.68171690 / 0.0 0.0
				-0.03466797 0.04882813 0.55273440 / -0.70703130 0.66015630 -0.25781250 / 0.02352941 0.32549020 0.64705880 0.00392157 / 17 16 29 15 / 150 190 222 255 / -0.66632380 -0.74208610 -0.07294344 1.00000000 / 0.58319090 0.72189330 / 0.0 0.0
				-0.06396484 0.01220703 0.58642580 / -0.98437500 0.00390625 -0.17187500 / 0.07450981 0.28235300 0.64313730 0.00000000 / 16 17 29 15 / 158 202 234 255 / 0.04866337 -0.95248880 -0.30066110 1.00000000 / 0.74479670 0.63774110 / 0.0 0.0
				-0.04687500 0.04003906 0.56591800 / -0.81640630 0.44921870 -0.35937500 / 0.09411765 0.10196080 0.80392160 0.00000000 / 17 16 29 15 / 146 153 218 255 / -0.46813680 -0.88275260 -0.03994603 1.00000000 / 0.63420110 0.69097900 / 0.0 0.0
				-0.06152343 -0.00585938 0.59667970 / -0.90625000 -0.41406250 -0.09375000 / 0.00000000 0.07058824 0.92941180 0.00000000 / 16 16 17 16 / 160 214 237 255 / 0.42390660 -0.87366190 -0.23878430 1.00000000 / 0.79161070 0.59828190 / 0.0 0.0
				-0.05615234 0.02880859 0.57617190 / -0.90234380 0.33984380 -0.26171870 / 0.05098039 0.14509800 0.80392160 0.00000000 / 16 17 29 15 / 151 162 224 255 / -0.35359130 -0.93538940 0.00445427 1.00000000 / 0.67924500 0.66740420 / 0.0 0.0
				-0.06591797 0.01025391 0.59960940 / -0.98437500 -0.12109380 -0.13671870 / 0.00000000 0.19607840 0.80392160 0.00000000 / 16 17 29 16 / 157 192 233 255 / 0.15371490 -0.95257120 -0.26264040 1.00000000 / 0.75912470 0.60397340 / 0.0 0.0
				-0.03613281 0.05126953 0.55810550 / -0.72656250 0.50781250 -0.46093750 / 0.05490196 0.13725490 0.80784310 0.00000000 / 17 16 29 15 / 141 147 210 255 / -0.56691220 -0.82366110 -0.01388826 1.00000000 / 0.58489990 0.71093750 / 0.0 0.0
				-0.06347657 0.01757812 0.58984370 / -0.96093750 0.18359380 -0.21093750 / 0.01176471 0.18431370 0.80392160 0.00000000 / 16 17 29 16 / 154 173 230 255 / -0.14450320 -0.97162070 -0.18727510 1.00000000 / 0.73045350 0.63313290 / 0.0 0.0
				-0.06738281 0.01367187 0.61035150 / -0.98828130 -0.07812500 -0.14062500 / 0.00000000 0.31372550 0.68627450 0.00000000 / 16 17 29 16 / 154 179 230 255 / 0.08037364 -0.99670590 -0.01084199 1.00000000 / 0.76557920 0.57882690 / 0.0 0.0
				-0.06347657 0.02099609 0.59375000 / -0.94531250 0.11328120 -0.31250000 / 0.00000000 0.11764710 0.88235290 0.00000000 / 16 17 29 16 / 151 154 225 255 / -0.17653670 -0.96700440 0.18367680 1.00000000 / 0.72549440 0.62435910 / 0.0 0.0
				-0.04833984 0.04248047 0.56982420 / -0.82031250 0.28906250 -0.49609370 / 0.02745098 0.09019608 0.88235290 0.00000000 / 16 17 29 16 / 140 125 207 255 / -0.36029230 -0.93132720 0.05309703 1.00000000 / 0.63812250 0.68136600 / 0.0 0.0
				-0.05664062 0.03076172 0.57958980 / -0.87890620 0.19140620 -0.43359380 / 0.01176471 0.10588240 0.88235290 0.00000000 / 16 17 29 16 / 146 137 216 255 / -0.27794140 -0.94973080 0.14408360 1.00000000 / 0.68147280 0.65766910 / 0.0 0.0
				-0.03710938 0.05419922 0.56201170 / -0.71875000 0.35546870 -0.59765620 / 0.04705882 0.06666667 0.88627450 0.00000000 / 16 17 29 15 / 134 116 198 255 / -0.49432090 -0.86562390 0.07963592 1.00000000 / 0.58618170 0.70185850 / 0.0 0.0
				-0.04931641 0.04687500 0.57324220 / -0.76562500 0.19921870 -0.60937500 / 0.00000000 0.03529412 0.96470590 0.00000000 / 16 17 29 16 / 135 112 200 255 / -0.33660160 -0.93429300 0.11745590 1.00000000 / 0.64175420 0.67070010 / 0.0 0.0
				-0.05712891 0.03466797 0.58203120 / -0.85156250 0.08593750 -0.51562500 / 0.00000000 0.03529412 0.96470590 0.00000000 / 16 17 29 16 / 142 126 210 255 / -0.20478290 -0.96251910 0.17782310 1.00000000 / 0.68402100 0.64822390 / 0.0 0.0
				-0.06396484 0.02587891 0.59423830 / -0.93359370 -0.04687500 -0.35546870 / 0.00000000 0.03921569 0.96078430 0.00000000 / 16 17 29 16 / 149 144 221 255 / -0.05180824 -0.96337570 0.26310280 1.00000000 / 0.71975710 0.61604310 / 0.0 0.0
				-0.05029297 0.05371094 0.57617190 / -0.76171880 0.20312500 -0.61328130 / 0.00000000 0.00000000 1.00000000 0.00000000 / 16 16 29 16 / 134 118 200 255 / -0.33562690 -0.93589980 0.10698690 1.00000000 / 0.64442450 0.65907290 / 0.0 0.0
				-0.05859375 0.04052734 0.58447270 / -0.86328130 0.11718750 -0.48828130 / 0.00000000 0.00000000 1.00000000 0.00000000 / 16 16 29 16 / 141 132 210 255 / -0.20392020 -0.97062230 0.12770620 1.00000000 / 0.68652340 0.63735960 / 0.0 0.0
				-0.03759766 0.05908203 0.56494140 / -0.65234380 0.28515620 -0.70312500 / 0.00392157 0.03137255 0.96470590 0.00000000 / 16 17 29 16 / 128 100 189 255 / -0.52720960 -0.83639930 0.14995410 1.00000000 / 0.58624270 0.69108580 / 0.0 0.0
				-0.03808594 0.06640625 0.56738280 / -0.65234380 0.26562500 -0.71093750 / 0.00000000 0.00000000 1.00000000 0.00000000 / 16 16 29 16 / 126 104 188 255 / -0.51257370 -0.84457360 0.15480230 1.00000000 / 0.58833310 0.67924500 / 0.0 0.0
				-0.02294922 0.06542969 0.55468750 / -0.58593750 0.44140630 -0.67968750 / 0.04313726 0.07058824 0.88627450 0.00000000 / 17 16 29 15 / 128 109 191 255 / -0.67082770 -0.73467770 0.10118690 1.00000000 / 0.55122380 0.71566770 / 0.0 0.0
				-0.02246094 0.07031250 0.55712890 / -0.51953120 0.32421880 -0.78906250 / 0.01176471 0.02352941 0.96470590 0.00000000 / 16 17 29 16 / 121 90 180 255 / -0.66949890 -0.72928950 0.14109620 1.00000000 / 0.55215450 0.70771790 / 0.0 0.0
				-0.02246094 0.06250000 0.55175780 / -0.62109380 0.58984370 -0.51562500 / 0.02745098 0.16862750 0.80392160 0.00000000 / 17 16 29 15 / 137 143 203 255 / -0.70774200 -0.70496890 0.04604481 1.00000000 / 0.54878230 0.72268680 / 0.0 0.0
				-0.01171875 0.07568359 0.55419920 / -0.39453130 0.40625000 -0.82421870 / 0.01568628 0.01960784 0.96470590 0.00000000 / 16 17 29 15 / 116 83 171 255 / -0.79510710 -0.60054000 0.08459623 1.00000000 / 0.52891540 0.71348570 / 0.0 0.0
				-0.02246094 0.05859375 0.54687500 / -0.61328130 0.71093750 -0.35156250 / 0.00784314 0.34509800 0.64705880 0.00000000 / 17 16 29 15 / 145 189 216 255 / -0.75895420 -0.65110220 0.00738099 1.00000000 / 0.54765320 0.73294070 / 0.0 0.0
				-0.01123047 0.07177734 0.55175780 / -0.44921870 0.55468750 -0.69921880 / 0.03137255 0.08627451 0.88235290 0.00000000 / 17 16 29 15 / 124 104 185 255 / -0.80188250 -0.59597960 0.04234087 1.00000000 / 0.52803040 0.72195430 / 0.0 0.0
				-0.01123047 0.06933594 0.54882810 / -0.50390620 0.67187500 -0.54296870 / 0.00784314 0.18431370 0.80784310 0.00000000 / 17 16 29 15 / 133 141 198 255 / -0.81048200 -0.58508490 0.02818768 1.00000000 / 0.52584840 0.72811890 / 0.0 0.0
				-0.02343750 0.05419922 0.53808590 / -0.52734370 0.81640630 -0.23828120 / 0.00392157 0.37647060 0.61568630 0.00392157 / 17 29 16 15 / 154 214 228 255 / -0.83003090 -0.55425580 -0.06204290 1.00000000 / 0.54826350 0.74784850 / 0.0 0.0
				-0.01171875 0.06494140 0.54394530 / -0.47265620 0.73437500 -0.48828130 / 0.00000000 0.35686280 0.64313730 0.00000000 / 17 16 29 15 / 141 188 209 255 / -0.83878440 -0.54442020 -0.00688060 1.00000000 / 0.52507020 0.73779300 / 0.0 0.0
				-0.01269531 0.05908203 0.53613280 / -0.39453130 0.89062500 -0.22656250 / 0.00392157 0.37647060 0.61960790 0.00000000 / 17 29 16 15 / 150 214 222 255 / -0.90606010 -0.41804060 -0.06555241 1.00000000 / 0.52767940 0.75398250 / 0.0 0.0
				-0.01367187 0.05664062 0.52197270 / -0.31250000 0.94921880 -0.00390625 / 0.03137255 0.06274510 0.90588230 0.00000000 / 17 15 16 16 / 159 214 237 255 / -0.94983150 -0.31273170 -0.00435581 1.00000000 / 0.53216550 0.77465820 / 0.0 0.0
				-0.01708984 0.05615234 0.50683590 / -0.16406250 0.96875000 0.18750000 / 0.06666667 0.21176470 0.72156870 0.00000000 / 17 15 16 16 / 166 214 248 255 / -0.98396240 -0.17412640 0.03870433 1.00000000 / 0.53666690 0.80229190 / 0.0 0.0
				-0.02148437 0.06103515 0.49072270 / -0.10546870 0.94140630 0.32031250 / 0.05882353 0.29411760 0.64705880 0.00000000 / 17 15 16 16 / 170 214 254 255 / -0.99167320 -0.12350850 0.03646823 1.00000000 / 0.54478450 0.83384710 / 0.0 0.0
				-0.00634766 0.05908203 0.52050780 / -0.22265630 0.97265620 -0.08984375 / 0.03921569 0.07058824 0.89019610 0.00000000 / 17 15 16 16 / 157 214 234 255 / -0.97321880 -0.22641410 -0.03977123 1.00000000 / 0.51469420 0.77696230 / 0.0 0.0
				-0.00781250 0.05761719 0.50585940 / -0.11328120 0.97656250 0.19140620 / 0.07450981 0.24705880 0.67843140 0.00000000 / 17 15 16 16 / 165 214 246 255 / -0.99321560 -0.11617650 0.00508779 1.00000000 / 0.51911930 0.80360410 / 0.0 0.0
				-0.00927734 0.06298828 0.48925780 / -0.10937500 0.94140630 0.31640630 / 0.05882353 0.34509800 0.59607840 0.00000000 / 17 15 16 16 / 170 214 254 255 / -0.99322860 -0.11615550 0.00219913 1.00000000 / 0.52287290 0.83711240 / 0.0 0.0
				0.00000000 0.06445312 0.48876950 / 0.00000000 0.94531250 0.32812500 / 0.05490196 0.37254900 0.57254900 0.00000000 / 17 15 16 16 / 170 214 254 255 / -1.00000000 -0.00000320 0.00000930 1.00000000 / 0.50003050 0.83784480 / 0.0 0.0
				-0.00585938 0.06152343 0.53417970 / -0.30078130 0.87500000 -0.37500000 / 0.00392157 0.37647060 0.61960790 0.00000000 / 17 29 16 15 / 147 214 219 255 / -0.93780430 -0.34362490 -0.04944766 1.00000000 / 0.51327520 0.75772090 / 0.0 0.0
				0.00000000 0.05957031 0.52001950 / 0.00000000 0.99218750 -0.12890630 / 0.03921569 0.07450981 0.88627450 0.00000000 / 17 15 16 16 / 157 214 233 255 / -0.99999900 -0.00019179 -0.00132325 1.00000000 / 0.50003050 0.77867120 / 0.0 0.0
				0.00000000 0.05859375 0.50537110 / 0.00000000 0.98828130 0.15234370 / 0.07843137 0.26274510 0.65882350 0.00000000 / 17 15 16 16 / 165 214 246 255 / -1.00000000 -0.00000186 0.00001202 1.00000000 / 0.50003050 0.80433650 / 0.0 0.0
				0.00781250 0.05761719 0.50585940 / 0.11718750 0.97265620 0.19140620 / 0.07843137 0.25882350 0.66274510 0.00000000 / 17 15 16 16 / 165 214 246 255 / -0.99266470 0.12076700 -0.00568351 1.00000000 / 0.48092650 0.80360410 / 0.0 0.0
				0.00976563 0.06298828 0.48925780 / 0.11328120 0.94140630 0.31640630 / 0.05490196 0.37254900 0.57254900 0.00000000 / 17 15 16 16 / 170 214 254 255 / -0.99283390 0.11950250 -0.00008581 1.00000000 / 0.47718810 0.83711240 / 0.0 0.0
				0.02197266 0.06103515 0.49072270 / 0.10937500 0.94140630 0.32031250 / 0.06274510 0.33725490 0.60000000 0.00000000 / 17 15 16 16 / 170 214 254 255 / -0.99087680 0.12871160 -0.03995499 1.00000000 / 0.45527650 0.83384710 / 0.0 0.0
				0.01708984 0.05615234 0.50683590 / 0.16796870 0.96875000 0.18750000 / 0.07843137 0.23921570 0.68235290 0.00000000 / 17 15 16 16 / 166 214 248 255 / -0.98334320 0.17779940 -0.03773011 1.00000000 / 0.46337890 0.80229190 / 0.0 0.0
				0.03320312 0.05859375 0.49365230 / 0.13281250 0.92968750 0.34375000 / 0.06666667 0.27843140 0.65490200 0.00000000 / 17 15 16 16 / 171 214 255 255 / -0.98314270 0.16752980 -0.07324101 1.00000000 / 0.43417360 0.83033750 / 0.0 0.0
				0.00634766 0.05859375 0.52050780 / 0.22656250 0.96875000 -0.08984375 / 0.04313726 0.07058824 0.88627450 0.00000000 / 17 15 16 16 / 157 214 234 255 / -0.97193960 0.23129480 0.04285085 1.00000000 / 0.48536680 0.77696230 / 0.0 0.0
				0.02734375 0.05371094 0.50927730 / 0.21093750 0.94531250 0.25390630 / 0.07450981 0.19607840 0.72941180 0.00000000 / 17 15 16 16 / 168 214 249 255 / -0.97293510 0.22768540 -0.03945527 1.00000000 / 0.44380190 0.79803470 / 0.0 0.0
				0.04736328 0.05468750 0.49853520 / 0.19140620 0.89843750 0.39843750 / 0.04705882 0.20784310 0.74509810 0.00000000 / 17 15 16 16 / 171 214 255 255 / -0.96513910 0.24567750 -0.09027180 1.00000000 / 0.40968320 0.82316590 / 0.0 0.0
				0.01416016 0.05664062 0.52197270 / 0.31250000 0.94921880 -0.00390625 / 0.04313726 0.06274510 0.89411760 0.00000000 / 17 15 16 16 / 159 214 237 255 / -0.94983890 0.31270770 0.00448743 1.00000000 / 0.46789550 0.77465820 / 0.0 0.0
				0.04101563 0.04931641 0.51367190 / 0.29687500 0.89062500 0.34375000 / 0.05098039 0.14117650 0.80784310 0.00000000 / 17 15 16 16 / 169 214 252 255 / -0.94208390 0.33209480 -0.04680920 1.00000000 / 0.41764830 0.79061890 / 0.0 0.0
				0.06005860 0.04589844 0.50830080 / 0.40234370 0.75781250 0.51171880 / 0.03529412 0.12156860 0.84313730 0.00000000 / 17 15 16 16 / 171 214 255 255 / -0.81547050 0.55150270 -0.17564900 1.00000000 / 0.37153620 0.80746460 / 0.0 0.0
				0.02392578 0.05273437 0.52441410 / 0.39062500 0.91796870 0.05468750 / 0.04705882 0.09803922 0.81568630 0.03921569 / 15 29 16 17 / 162 214 240 255 / -0.92025160 0.39128730 0.00560088 1.00000000 / 0.44966130 0.77035520 / 0.0 0.0
				0.01318359 0.05908203 0.53613280 / 0.39843750 0.89062500 -0.22656250 / 0.00392157 0.37647060 0.61960790 0.00000000 / 17 29 16 15 / 150 214 224 255 / -0.90409800 0.42183560 0.06827600 1.00000000 / 0.47196960 0.75401310 / 0.0 0.0
				0.00585938 0.06152343 0.53417970 / 0.30468750 0.87500000 -0.37500000 / 0.00392157 0.37647060 0.61960790 0.00000000 / 17 29 16 15 / 148 214 219 255 / -0.93714060 0.34594220 0.04573210 1.00000000 / 0.48677060 0.75798040 / 0.0 0.0
				0.00000000 0.06250000 0.53320310 / 0.00000000 0.91406250 -0.40234370 / 0.00392157 0.37647060 0.61568630 0.00392157 / 17 29 16 15 / 146 214 218 255 / -0.99988950 -0.00598987 -0.01360384 1.00000000 / 0.50006100 0.75987240 / 0.0 0.0
				0.00000000 0.06933594 0.54150390 / 0.00000000 0.78515620 -0.62109380 / 0.00000000 0.35686280 0.64313730 0.00000000 / 17 16 29 15 / 137 187 204 255 / -0.99985290 -0.01064444 -0.01344492 1.00000000 / 0.49975590 0.74305720 / 0.0 0.0
				0.01171875 0.06494140 0.54394530 / 0.47656250 0.73437500 -0.48828130 / 0.00000000 0.35686280 0.64313730 0.00000000 / 17 16 29 15 / 142 188 210 255 / -0.83527690 0.54970880 0.01152070 1.00000000 / 0.47502140 0.73794550 / 0.0 0.0
				-0.00537109 0.06787109 0.54248050 / -0.35937500 0.73437500 -0.57421870 / 0.00000000 0.35686280 0.64313730 0.00000000 / 17 16 29 15 / 138 188 206 255 / -0.89542930 -0.44511530 -0.00887873 1.00000000 / 0.51109310 0.74113470 / 0.0 0.0
				0.00537109 0.06787109 0.54248050 / 0.36328130 0.73046870 -0.57421870 / 0.00000000 0.35686280 0.64313730 0.00000000 / 17 16 29 15 / 139 188 206 255 / -0.89687310 0.44226300 -0.00468367 1.00000000 / 0.48869320 0.74151610 / 0.0 0.0
				0.00000000 0.07324219 0.54687500 / 0.00000000 0.77343750 -0.63281250 / 0.00392157 0.19215690 0.80392160 0.00000000 / 17 16 29 15 / 130 139 194 255 / -0.99997020 -0.00488975 -0.00598066 1.00000000 / 0.49987790 0.73202520 / 0.0 0.0
				-0.00488281 0.07226562 0.54736330 / -0.37890620 0.71875000 -0.58203120 / 0.00392157 0.18823530 0.80784310 0.00000000 / 17 16 29 15 / 131 139 194 255 / -0.88762650 -0.46047230 0.00918886 1.00000000 / 0.51167300 0.73052980 / 0.0 0.0
				0.00537109 0.07226562 0.54736330 / 0.38281250 0.71875000 -0.58203120 / 0.00392157 0.19215690 0.80392160 0.00000000 / 17 16 29 15 / 131 139 195 255 / -0.88378370 0.46788200 -0.00356162 1.00000000 / 0.48823550 0.73054510 / 0.0 0.0
				0.00000000 0.07617188 0.54980470 / 0.00000000 0.72265620 -0.69140620 / 0.02352941 0.09411765 0.88235290 0.00000000 / 17 16 29 15 / 121 100 180 255 / -1.00000000 0.00002139 0.00002260 1.00000000 / 0.50012210 0.72569270 / 0.0 0.0
				-0.00488281 0.07470703 0.55078120 / -0.34375000 0.62500000 -0.69921880 / 0.02745098 0.09019608 0.88235290 0.00000000 / 17 16 29 15 / 122 101 180 255 / -0.88668720 -0.46179010 0.02314611 1.00000000 / 0.51356510 0.72422790 / 0.0 0.0
				0.00537109 0.07470703 0.55078120 / 0.34375000 0.62500000 -0.69921880 / 0.01960784 0.09803922 0.88235290 0.00000000 / 17 16 29 15 / 122 101 182 255 / -0.88359640 0.46797340 -0.01606880 1.00000000 / 0.48680110 0.72422790 / 0.0 0.0
				-0.00488281 0.07861328 0.55322260 / -0.29296880 0.42578120 -0.85546880 / 0.01568628 0.01960784 0.96470590 0.00000000 / 16 17 29 15 / 112 78 167 255 / -0.87089900 -0.48835550 0.05517164 1.00000000 / 0.51402280 0.71635440 / 0.0 0.0
				0.00000000 0.07958985 0.55273440 / -0.03515625 0.46875000 -0.88281250 / 0.01960784 0.01960784 0.96078430 0.00000000 / 17 16 29 15 / 111 77 165 255 / -0.99765520 -0.06835403 0.00343618 1.00000000 / 0.50018310 0.71794130 / 0.0 0.0
				-0.01220703 0.08203125 0.55712890 / -0.35937500 0.35156250 -0.86718750 / 0.00000000 0.00000000 1.00000000 0.00000000 / 16 16 29 16 / 111 79 165 255 / -0.81766680 -0.56513450 0.10974560 1.00000000 / 0.52885440 0.70057680 / 0.0 0.0
				-0.00537109 0.08447265 0.55566410 / -0.26171870 0.37890620 -0.88671870 / 0.00000000 0.00000000 1.00000000 0.00000000 / 16 16 29 16 / 106 73 158 255 / -0.89126360 -0.44777860 0.07171820 1.00000000 / 0.51376340 0.70372010 / 0.0 0.0
				-0.02246094 0.07714844 0.56005860 / -0.53125000 0.31250000 -0.78906250 / 0.00000000 0.00000000 1.00000000 0.00000000 / 16 16 29 16 / 118 91 176 255 / -0.68592830 -0.70429860 0.18293640 1.00000000 / 0.55152890 0.69471740 / 0.0 0.0
				-0.01318359 0.08935547 0.56054690 / -0.35937500 0.42578120 -0.83203120 / 0.00000000 0.00000000 1.00000000 0.00000000 / 16 16 29 16 / 109 92 162 255 / -0.82749860 -0.55676640 0.07250583 1.00000000 / 0.52996820 0.68368530 / 0.0 0.0
				-0.03759766 0.07568359 0.57128910 / -0.68750000 0.33593750 -0.64453120 / 0.00000000 0.00000000 1.00000000 0.00000000 / 16 16 29 16 / 130 134 192 255 / -0.57863420 -0.78916270 0.20592440 1.00000000 / 0.58390810 0.66447450 / 0.0 0.0
				-0.02246094 0.08544922 0.56298830 / -0.53125000 0.43359380 -0.72656250 / 0.00000000 0.00000000 1.00000000 0.00000000 / 16 16 29 16 / 119 108 176 255 / -0.74167480 -0.65319860 0.15248000 1.00000000 / 0.55369570 0.67767330 / 0.0 0.0
				-0.00585938 0.09228516 0.55908200 / -0.25390630 0.42578120 -0.86718750 / 0.00000000 0.00000000 1.00000000 0.00000000 / 16 16 29 16 / 102 84 152 255 / -0.89173540 -0.45081310 0.03969400 1.00000000 / 0.51364140 0.68699640 / 0.0 0.0
				-0.05175781 0.06103515 0.58056640 / -0.80859380 0.23828120 -0.53906250 / 0.00000000 0.00000000 1.00000000 0.00000000 / 16 16 29 16 / 137 141 203 255 / -0.28639090 -0.95809360 0.00607610 1.00000000 / 0.64384460 0.64285280 / 0.0 0.0
				0.00000000 0.08593750 0.55517580 / -0.01171875 0.39453130 -0.91796870 / 0.00000000 0.00000000 1.00000000 0.00000000 / 16 16 29 16 / 104 70 155 255 / -0.99919660 -0.03983811 -0.00438267 1.00000000 / 0.50039670 0.70532230 / 0.0 0.0
				-0.00683594 0.09960938 0.56396480 / -0.24609380 0.37500000 -0.89453130 / 0.00000000 0.00000000 1.00000000 0.00000000 / 16 16 29 16 / 97 110 144 255 / -0.89001690 -0.45258650 0.05509390 1.00000000 / 0.51562500 0.67245490 / 0.0 0.0
				0.00537109 0.07861328 0.55322260 / 0.27734380 0.41796880 -0.86328130 / 0.01568628 0.01960784 0.96470590 0.00000000 / 17 16 29 16 / 113 78 168 255 / -0.88119490 0.46945530 -0.05574324 1.00000000 / 0.48648070 0.71661380 / 0.0 0.0
				0.00000000 0.09326172 0.55859380 / -0.00390625 0.46875000 -0.88281250 / 0.00000000 0.00000000 1.00000000 0.00000000 / 16 16 29 16 / 99 81 147 255 / -0.99975500 -0.02107498 -0.00677382 1.00000000 / 0.50000000 0.68952940 / 0.0 0.0
				0.00537109 0.08447265 0.55566410 / 0.25781250 0.37890620 -0.88671870 / 0.00000000 0.00000000 1.00000000 0.00000000 / 16 16 29 16 / 107 73 158 255 / -0.90071910 0.42709180 -0.07935746 1.00000000 / 0.48643490 0.70417780 / 0.0 0.0
				-0.01416016 0.09521484 0.56494140 / -0.40234370 0.35156250 -0.84375000 / 0.00000000 0.00000000 1.00000000 0.00000000 / 16 16 29 16 / 107 119 159 255 / -0.72056200 -0.69114200 0.05579481 1.00000000 / 0.53239440 0.67050170 / 0.0 0.0
				0.00000000 0.10058590 0.56298830 / 0.03515625 0.26562500 -0.96484370 / 0.00000000 0.00000000 1.00000000 0.00000000 / 16 16 29 16 / 93 107 138 255 / -0.99921500 0.02693155 -0.02905122 1.00000000 / 0.49952700 0.67272950 / 0.0 0.0
				-0.02246094 0.08984375 0.56787110 / -0.55468750 0.36328130 -0.75000000 / 0.00000000 0.00000000 1.00000000 0.00000000 / 16 16 29 16 / 118 135 176 255 / -0.56005790 -0.82835600 0.01270540 1.00000000 / 0.55387880 0.66423040 / 0.0 0.0
				0.00634766 0.09228516 0.55908200 / 0.27343750 0.45703120 -0.84375000 / 0.00000000 0.00000000 1.00000000 0.00000000 / 16 16 29 16 / 102 84 152 255 / -0.90940310 0.40948370 -0.07286363 1.00000000 / 0.48648070 0.68865970 / 0.0 0.0
				-0.00781250 0.10449220 0.56347660 / -0.17968750 0.12890630 -0.97656250 / 0.00000000 0.00000000 1.00000000 0.00000000 / 16 16 29 16 / 96 147 143 255 / -0.88650120 -0.45099150 0.10354820 1.00000000 / 0.51544190 0.66841130 / 0.0 0.0
				-0.01464844 0.10009770 0.56542970 / -0.41406250 0.16796870 -0.89453130 / 0.00000000 0.00000000 1.00000000 0.00000000 / 16 16 29 16 / 106 153 158 255 / -0.62771680 -0.76443170 0.14702290 1.00000000 / 0.53338620 0.66677860 / 0.0 0.0
				-0.03466797 0.08349610 0.57373050 / -0.64843750 0.42578120 -0.63281250 / 0.00000000 0.00000000 1.00000000 0.00000000 / 16 16 29 16 / 129 160 191 255 / -0.61152810 -0.78509330 0.09829503 1.00000000 / 0.58546440 0.65127560 / 0.0 0.0
				-0.02343750 0.09375000 0.56884770 / -0.54296870 0.21093750 -0.81250000 / 0.00000000 0.00000000 1.00000000 0.00000000 / 16 16 29 16 / 118 166 174 255 / -0.46558060 -0.88116130 0.08239662 1.00000000 / 0.55488590 0.66128540 / 0.0 0.0
				-0.04882813 0.07861328 0.58642580 / -0.77343750 0.33984380 -0.53906250 / 0.00000000 0.00000000 1.00000000 0.00000000 / 16 16 29 16 / 138 194 206 255 / -0.51455990 -0.83012320 0.21476400 1.00000000 / 0.63034060 0.61953740 / 0.0 0.0
				-0.03417969 0.08740234 0.57519530 / -0.64062500 0.30078130 -0.70703130 / 0.00000000 0.00000000 1.00000000 0.00000000 / 16 16 29 16 / 129 187 192 255 / -0.46747170 -0.88270200 0.04803250 1.00000000 / 0.58332820 0.64764400 / 0.0 0.0
				-0.05322266 0.06787109 0.58642580 / -0.84375000 0.29296880 -0.44921870 / 0.00000000 0.00000000 1.00000000 0.00000000 / 16 16 29 16 / 140 181 207 255 / -0.41556730 -0.88680920 0.20217100 1.00000000 / 0.63597110 0.63232420 / 0.0 0.0
				-0.04736328 0.08349610 0.58691410 / -0.74218750 0.39453130 -0.54296870 / 0.00000000 0.00000000 1.00000000 0.00000000 / 16 16 29 16 / 138 207 206 255 / -0.48602010 -0.87344720 0.02956747 1.00000000 / 0.62730410 0.61695870 / 0.0 0.0
				-0.05517578 0.08056641 0.60107420 / -0.86718750 0.33203120 -0.36718750 / 0.00000000 0.00000000 1.00000000 0.00000000 / 16 16 29 16 / 145 214 215 255 / -0.38310770 -0.92091490 0.07172367 1.00000000 / 0.64016720 0.58160400 / 0.0 0.0
				-0.06054688 0.05566406 0.59570310 / -0.90234380 0.23046880 -0.36328130 / 0.00000000 0.00000000 1.00000000 0.00000000 / 16 16 29 16 / 146 192 216 255 / -0.24121210 -0.97033390 -0.01639885 1.00000000 / 0.68408200 0.60772710 / 0.0 0.0
				-0.03320312 0.09277344 0.57763670 / -0.69531250 0.43359380 -0.57031250 / 0.00000000 0.00000000 1.00000000 0.00000000 / 16 16 29 16 / 132 207 195 255 / -0.53801380 -0.84279920 0.01518162 1.00000000 / 0.57931520 0.64126590 / 0.0 0.0
				-0.05957031 0.04736328 0.58886720 / -0.89843750 0.17578120 -0.40625000 / 0.00000000 0.00000000 1.00000000 0.00000000 / 16 16 29 16 / 143 154 213 255 / -0.19902630 -0.97986110 0.01614991 1.00000000 / 0.68835450 0.62147520 / 0.0 0.0
				-0.06152343 0.06640625 0.60595700 / -0.91406250 0.23828120 -0.33203120 / 0.02745098 0.07058824 0.88627450 0.01568628 / 17 19 29 15 / 148 214 219 255 / -0.27671490 -0.95809640 0.07402929 1.00000000 / 0.68269350 0.55978390 / 0.0 0.0
				-0.06640625 0.04492187 0.60644530 / -0.94531250 0.16406250 -0.28125000 / 0.00000000 0.00000000 1.00000000 0.00000000 / 16 16 29 16 / 151 197 224 255 / -0.19360990 -0.97777960 0.08038842 1.00000000 / 0.71664430 0.57670590 / 0.0 0.0
				-0.06542969 0.03759766 0.60009760 / -0.94531250 0.11328120 -0.30468750 / 0.00000000 0.00000000 1.00000000 0.00000000 / 16 16 29 16 / 149 167 222 255 / -0.13946550 -0.98807020 0.06531964 1.00000000 / 0.71762090 0.59358210 / 0.0 0.0
				-0.06494140 0.03076172 0.59570310 / -0.94531250 0.04296875 -0.32812500 / 0.00000000 0.00000000 1.00000000 0.00000000 / 16 16 29 16 / 148 148 219 255 / -0.10697900 -0.97778080 0.18027840 1.00000000 / 0.71733090 0.60688780 / 0.0 0.0
				-0.06982422 0.03759766 0.61816410 / -0.97656250 0.07031250 -0.20312500 / 0.11372550 0.11372550 0.77254900 0.00000000 / 17 15 29 16 / 154 202 228 255 / -0.06930559 -0.99752210 -0.01209930 1.00000000 / 0.74070740 0.54745480 / 0.0 0.0
				-0.06933594 0.03076172 0.61328130 / -0.98046870 0.03515625 -0.19531250 / 0.07058824 0.07058824 0.85882350 0.00000000 / 17 15 29 16 / 153 181 227 255 / -0.06052578 -0.99023640 0.12557280 1.00000000 / 0.74696350 0.55972290 / 0.0 0.0
				-0.06884766 0.02490234 0.60986330 / -0.97656250 -0.06640625 -0.21093750 / 0.03137255 0.03137255 0.93725490 0.00000000 / 17 15 29 16 / 152 167 227 255 / -0.00019398 -0.95360220 0.30106950 1.00000000 / 0.74960330 0.57307430 / 0.0 0.0
				-0.06787109 0.05419922 0.61718750 / -0.94921880 0.13671870 -0.28515620 / 0.05882353 0.05882353 0.87843140 0.00392157 / 17 15 29 19 / 152 214 227 255 / -0.18714270 -0.96953020 0.15807810 1.00000000 / 0.70849610 0.54753110 / 0.0 0.0
				-0.07177734 0.03320312 0.62988280 / -0.98828130 0.01171875 -0.16406250 / 0.00000000 0.35686280 0.64313730 0.00000000 / 16 29 17 16 / 153 201 228 255 / -0.02935596 -0.99400190 0.10534850 1.00000000 / 0.75660710 0.51165770 / 0.0 0.0
				-0.07128906 0.06445312 0.63281250 / -0.94531250 0.19921870 -0.26171870 / 0.09803922 0.39607840 0.50588240 0.00000000 / 19 29 17 16 / 155 214 230 255 / -0.23252860 -0.96704880 0.10366800 1.00000000 / 0.69793700 0.51072690 / 0.0 0.0
				-0.07080078 0.04638672 0.62646480 / -0.97656250 0.01953125 -0.21484370 / 0.00000000 0.48235290 0.51764710 0.00000000 / 16 17 29 16 / 155 214 230 255 / 0.00520293 -0.99347090 -0.11396660 1.00000000 / 0.72779850 0.52578740 / 0.0 0.0
				-0.07373047 0.05615234 0.63769530 / -0.97265620 0.10937500 -0.19531250 / 0.00392157 0.25882350 0.73725490 0.00000000 / 19 29 17 16 / 157 214 233 255 / -0.11145970 -0.99376830 -0.00118435 1.00000000 / 0.71495060 0.50279240 / 0.0 0.0
				-0.06738281 0.07470703 0.62695310 / -0.92578120 0.25390630 -0.28515620 / 0.21176470 0.23529410 0.55294120 0.00000000 / 17 19 29 16 / 153 214 227 255 / -0.25008140 -0.96696840 -0.04930870 1.00000000 / 0.67890930 0.52471920 / 0.0 0.0
				-0.07226562 0.07177734 0.65136720 / -0.96875000 0.23046880 -0.09375000 / 0.00000000 0.20000000 0.80000000 0.00000000 / 29 19 17 16 / 159 214 236 255 / -0.24111700 -0.96229170 0.12592620 1.00000000 / 0.68800350 0.45883180 / 0.0 0.0
				-0.07421875 0.05126953 0.64111330 / -0.98828130 -0.00781250 -0.14062500 / 0.00000000 0.16470590 0.83529410 0.00000000 / 19 29 17 16 / 158 213 234 255 / 0.02392108 -0.99339470 -0.11222620 1.00000000 / 0.72718810 0.48941040 / 0.0 0.0
				-0.07470703 0.06250000 0.65283200 / -0.98828130 0.14843750 -0.04687500 / 0.02352941 0.05490196 0.92156870 0.00000000 / 29 19 17 16 / 159 214 237 255 / -0.15260450 -0.98265040 0.10540360 1.00000000 / 0.70567320 0.45968630 / 0.0 0.0
				-0.07275391 0.04296875 0.63574220 / -0.98828130 -0.03906250 -0.15625000 / 0.00000000 0.24705880 0.75294120 0.00000000 / 16 29 17 16 / 156 209 231 255 / 0.05519166 -0.99337640 -0.10078290 1.00000000 / 0.74026490 0.50132750 / 0.0 0.0
				-0.07519531 0.05419922 0.65234380 / -1.00000000 0.00390625 -0.05468750 / 0.00000000 0.03921569 0.96078430 0.00000000 / 19 29 17 16 / 159 210 237 255 / -0.00624638 -0.99912900 0.04125939 1.00000000 / 0.72785950 0.46324160 / 0.0 0.0
				-0.07421875 0.04345703 0.64697260 / -0.99218750 -0.01562500 -0.12109380 / 0.00000000 0.03921569 0.96078430 0.00000000 / 16 29 17 16 / 157 192 233 255 / 0.00679931 -0.99730810 0.07300970 1.00000000 / 0.74693300 0.47470090 / 0.0 0.0
				-0.07080078 0.02783203 0.62646480 / -0.98828130 -0.04687500 -0.14453130 / 0.00000000 0.49803920 0.50196080 0.00000000 / 16 17 29 16 / 150 193 224 255 / -0.01135983 -0.92576410 0.37793100 1.00000000 / 0.76274110 0.52603150 / 0.0 0.0
				-0.07373047 0.03222656 0.64208980 / -0.92578120 0.28125000 -0.25000000 / 0.00000000 0.00000000 1.00000000 0.00000000 / 16 29 17 16 / 150 152 224 255 / -0.30550120 -0.95014770 0.06235556 1.00000000 / 0.76710510 0.49060060 / 0.0 0.0
				-0.07519531 0.04541016 0.66113280 / -1.00000000 0.03515625 -0.03125000 / 0.00000000 0.00000000 1.00000000 0.00000000 / 16 16 17 16 / 159 163 236 255 / -0.03781899 -0.99490720 0.09343130 1.00000000 / 0.74714660 0.44464110 / 0.0 0.0
				-0.07470703 0.05712891 0.66650390 / -0.99609380 0.06640625 0.04296875 / 0.00000000 0.00000000 1.00000000 0.00000000 / 16 16 17 16 / 161 207 239 255 / -0.05870991 -0.98517590 0.16118770 1.00000000 / 0.72706600 0.42744450 / 0.0 0.0
				-0.07373047 0.06640625 0.66943360 / -0.98046870 0.18359380 0.03515625 / 0.00000000 0.00000000 1.00000000 0.00000000 / 16 19 17 16 / 161 214 240 255 / -0.17640880 -0.97190940 0.15579470 1.00000000 / 0.71150210 0.41586300 / 0.0 0.0
				-0.07421875 0.05810547 0.67822270 / -0.99218750 0.10937500 0.00390625 / 0.00000000 0.00000000 1.00000000 0.00000000 / 16 16 17 16 / 160 207 239 255 / -0.10804060 -0.98436740 0.13909670 1.00000000 / 0.73068240 0.39636230 / 0.0 0.0
				-0.07080078 0.07812500 0.67138670 / -0.96875000 0.24609380 0.02734375 / 0.00000000 0.09411765 0.90588230 0.00000000 / 16 19 17 16 / 162 214 242 255 / -0.24751000 -0.96592900 -0.07563045 1.00000000 / 0.69613650 0.40600590 / 0.0 0.0
				-0.07470703 0.04687500 0.67480470 / -0.99609380 0.07421875 -0.01171875 / 0.00000000 0.00000000 1.00000000 0.00000000 / 16 16 17 16 / 160 175 237 255 / -0.07524818 -0.98782510 0.13615910 1.00000000 / 0.74993890 0.41157530 / 0.0 0.0
				-0.07226562 0.06738281 0.68212890 / -0.97656250 0.21875000 0.02343750 / 0.00000000 0.00000000 1.00000000 0.00000000 / 16 16 17 16 / 162 214 240 255 / -0.21618080 -0.97334150 0.07663011 1.00000000 / 0.71586610 0.38584900 / 0.0 0.0
				-0.07519531 0.05810547 0.68701170 / -0.96484370 0.21484370 -0.16406250 / 0.00000000 0.00000000 1.00000000 0.00000000 / 16 16 17 16 / 158 210 236 255 / -0.22807270 -0.97116890 0.06938063 1.00000000 / 0.73356630 0.37472530 / 0.0 0.0
				-0.06933594 0.08251953 0.64599610 / -0.94140630 0.32031250 -0.12109380 / 0.00000000 0.46274510 0.53725490 0.00000000 / 29 19 17 16 / 157 214 234 255 / -0.30469150 -0.94380200 -0.12806600 1.00000000 / 0.67008970 0.47138980 / 0.0 0.0
				-0.07031250 0.07617188 0.68554690 / -0.96093750 0.26562500 0.06640625 / 0.00000000 0.00392157 0.99607840 0.00000000 / 16 20 17 16 / 163 214 242 255 / -0.26738570 -0.96346310 -0.01561853 1.00000000 / 0.70310970 0.37692260 / 0.0 0.0
				-0.06250000 0.08544922 0.62304690 / -0.89843750 0.32421880 -0.29296880 / 0.21568630 0.24705880 0.53333340 0.00392157 / 17 19 29 21 / 151 214 224 255 / -0.32370140 -0.94467130 -0.05304372 1.00000000 / 0.65243530 0.53182980 / 0.0 0.0
				-0.06787109 0.08935547 0.66259770 / -0.93359370 0.35546870 -0.02343750 / 0.00000000 0.31372550 0.68627450 0.00000000 / 16 19 17 16 / 162 214 240 255 / -0.33600460 -0.90064870 -0.27555920 1.00000000 / 0.66780090 0.43939210 / 0.0 0.0
				-0.05957031 0.09033203 0.62207030 / -0.83984370 0.42578120 -0.33593750 / 0.20000000 0.21960780 0.54509810 0.03529412 / 19 17 29 21 / 150 214 222 255 / -0.41461910 -0.90349690 -0.10855540 1.00000000 / 0.63960270 0.53575130 / 0.0 0.0
				-0.06445312 0.09277344 0.64160160 / -0.89843750 0.40234370 -0.16796870 / 0.28627450 0.34901960 0.36470590 0.00000000 / 29 17 19 21 / 156 214 231 255 / -0.37467980 -0.91022060 -0.17639010 1.00000000 / 0.63986200 0.49028010 / 0.0 0.0
				-0.06054688 0.10253910 0.65820310 / -0.84765630 0.53125000 -0.02734375 / 0.10980390 0.39215690 0.49803920 0.00000000 / 29 19 17 21 / 162 209 240 255 / -0.53055220 -0.84748600 -0.01678831 1.00000000 / 0.62461850 0.45619200 / 0.0 0.0
				-0.06152343 0.09765625 0.63818360 / -0.85937500 0.47656250 -0.19140620 / 0.26274510 0.31764710 0.41176470 0.00784314 / 19 29 17 21 / 154 214 230 255 / -0.45524930 -0.87869200 -0.14369540 1.00000000 / 0.63114930 0.49989320 / 0.0 0.0
				-0.06835937 0.08593750 0.67871090 / -0.92578120 0.36718750 0.10937500 / 0.00000000 0.16078430 0.83921570 0.00000000 / 20 19 17 16 / 164 208 243 255 / -0.37634670 -0.92206130 -0.09036729 1.00000000 / 0.68486020 0.39591980 / 0.0 0.0
				-0.06542969 0.09423828 0.67089840 / -0.85546880 0.51171880 0.10156250 / 0.00000000 0.29411760 0.70588230 0.00000000 / 20 19 17 16 / 165 207 245 255 / -0.51628210 -0.85553800 -0.03882840 1.00000000 / 0.66043090 0.41894530 / 0.0 0.0
				-0.05810547 0.10449220 0.66699220 / -0.71093750 0.69140620 0.12500000 / 0.00000000 0.41568630 0.58431370 0.00000000 / 16 19 17 16 / 166 199 248 255 / -0.68708670 -0.72169930 0.08403481 1.00000000 / 0.63044740 0.43052670 / 0.0 0.0
				-0.06103515 0.09863281 0.67578120 / -0.76562500 0.60156250 0.22656250 / 0.00000000 0.29803920 0.70196080 0.00000000 / 20 19 17 16 / 166 175 248 255 / -0.60570980 -0.79343030 0.05986815 1.00000000 / 0.65518190 0.40414430 / 0.0 0.0
				-0.06787109 0.08398437 0.68847660 / -0.92578120 0.37109380 0.07031250 / 0.00000000 0.01176471 0.98823530 0.00000000 / 16 20 17 16 / 163 211 242 255 / -0.35890580 -0.92241290 0.14262200 1.00000000 / 0.68936160 0.36923220 / 0.0 0.0
				-0.06347657 0.09326172 0.68115230 / -0.82421870 0.54687500 0.13281250 / 0.00000000 0.21568630 0.78431370 0.00000000 / 20 19 17 16 / 163 177 243 255 / -0.53783220 -0.83627780 0.10665760 1.00000000 / 0.66772460 0.38441470 / 0.0 0.0
				-0.05810547 0.09863281 0.68359370 / -0.73828120 0.65625000 0.14843750 / 0.00000000 0.17254900 0.82745100 0.00000000 / 20 19 17 16 / 161 111 240 255 / -0.65707220 -0.75176920 0.05567193 1.00000000 / 0.65473940 0.37500000 / 0.0 0.0
				-0.06298828 0.09228516 0.68847660 / -0.83984370 0.53906250 -0.05078125 / 0.00392157 0.07058824 0.92549020 0.00000000 / 20 19 17 16 / 159 184 237 255 / -0.53889340 -0.82247660 0.18200590 1.00000000 / 0.67002870 0.36549380 / 0.0 0.0
				-0.06933594 0.07617188 0.69531250 / -0.93359370 0.35546870 0.05078125 / 0.00000000 0.03529412 0.96470590 0.00000000 / 16 20 17 16 / 163 214 242 255 / -0.35377230 -0.93455620 0.03807745 1.00000000 / 0.70097350 0.35444640 / 0.0 0.0
				-0.05664062 0.10156250 0.67919920 / -0.68359370 0.68750000 0.24609380 / 0.00000000 0.25490200 0.74509810 0.00000000 / 20 19 17 16 / 166 109 246 255 / -0.70152760 -0.71156260 0.03921055 1.00000000 / 0.64739990 0.38848880 / 0.0 0.0
				-0.07275391 0.06738281 0.69238280 / -0.93359370 0.34765630 -0.06640625 / 0.00000000 0.00000000 1.00000000 0.00000000 / 16 20 17 16 / 161 213 239 255 / -0.34833880 -0.93732380 -0.00917110 1.00000000 / 0.71496580 0.36125180 / 0.0 0.0
				-0.05517578 0.10595700 0.67236320 / -0.63671870 0.73437500 0.24218750 / 0.00000000 0.35686280 0.64313730 0.00000000 / 16 19 17 16 / 168 165 251 255 / -0.72848290 -0.67330250 0.12639830 1.00000000 / 0.63052370 0.41302490 / 0.0 0.0
				-0.07861328 0.05566406 0.69726560 / -0.94140630 0.24609380 -0.23828120 / 0.00000000 0.00000000 1.00000000 0.00000000 / 16 16 17 16 / 157 207 233 255 / -0.27381630 -0.95725030 0.09325521 1.00000000 / 0.73886110 0.34684750 / 0.0 0.0
				-0.04736328 0.11376950 0.66748050 / -0.56250000 0.79687500 0.21093750 / 0.00000000 0.46666670 0.53333340 0.00000000 / 21 19 17 16 / 168 165 249 255 / -0.78359980 -0.59781830 0.16907020 1.00000000 / 0.60137940 0.42405700 / 0.0 0.0
				-0.07568359 0.04687500 0.68115230 / -0.96093750 0.15625000 -0.23828120 / 0.00000000 0.00000000 1.00000000 0.00000000 / 16 16 17 16 / 158 188 234 255 / -0.18813110 -0.97490550 0.11902060 1.00000000 / 0.75082400 0.39358520 / 0.0 0.0
				-0.04833984 0.11376950 0.66259770 / -0.63281250 0.76562500 0.10546870 / 0.01176471 0.46274510 0.52549020 0.00000000 / 29 19 17 21 / 165 175 246 255 / -0.73581300 -0.63897540 0.22425360 1.00000000 / 0.59965520 0.43601990 / 0.0 0.0
				-0.05761719 0.10644530 0.65234380 / -0.74218750 0.66796880 -0.03906250 / 0.12549020 0.35294120 0.51764710 0.00392157 / 29 19 17 21 / 159 208 237 255 / -0.66865130 -0.73726430 0.09667929 1.00000000 / 0.61927790 0.46824650 / 0.0 0.0
				-0.03759766 0.11962890 0.66650390 / -0.49218750 0.85156250 0.19140620 / 0.00000000 0.40392160 0.59607840 0.00000000 / 21 19 17 16 / 167 109 248 255 / -0.83532010 -0.52183190 0.17300780 1.00000000 / 0.58070380 0.41986090 / 0.0 0.0
				-0.04736328 0.11474610 0.65869140 / -0.57031250 0.81640630 0.07421875 / 0.03921569 0.39607840 0.55686280 0.00784314 / 29 19 17 21 / 162 176 242 255 / -0.78819670 -0.57131560 0.22878910 1.00000000 / 0.59867860 0.44419860 / 0.0 0.0
				-0.05859375 0.10058590 0.63574220 / -0.77734370 0.58203120 -0.23046880 / 0.20000000 0.33333330 0.42745100 0.03921569 / 19 29 17 21 / 153 214 227 255 / -0.57144040 -0.81145190 -0.12248130 1.00000000 / 0.62245180 0.50949100 / 0.0 0.0
				-0.03662109 0.11914060 0.66943360 / -0.45703120 0.81640630 0.35156250 / 0.00000000 0.40392160 0.59607840 0.00000000 / 21 19 17 16 / 170 102 252 255 / -0.85122170 -0.51651480 0.09291993 1.00000000 / 0.58157350 0.41078190 / 0.0 0.0
				-0.05712891 0.09472656 0.62060550 / -0.80468750 0.47656250 -0.35546870 / 0.13725490 0.22745100 0.56862750 0.06666667 / 19 17 29 21 / 149 214 221 255 / -0.48581240 -0.87138360 -0.06838893 1.00000000 / 0.62675480 0.53967280 / 0.0 0.0
				-0.05566406 0.10791020 0.64794920 / -0.66015630 0.73046870 -0.16406250 / 0.13333330 0.30588230 0.52941180 0.03137255 / 29 19 17 21 / 157 208 233 255 / -0.74730740 -0.66159970 0.06178618 1.00000000 / 0.61395270 0.48030090 / 0.0 0.0
				-0.05273437 0.08593750 0.60302740 / -0.79687500 0.46484380 -0.38671880 / 0.00000000 0.00000000 1.00000000 0.00000000 / 16 16 29 16 / 145 214 216 255 / -0.48977280 -0.87103150 -0.03777384 1.00000000 / 0.62930300 0.57868960 / 0.0 0.0
				-0.05566406 0.10253910 0.63281250 / -0.69140620 0.67187500 -0.26953130 / 0.15686280 0.34117650 0.39607840 0.10588240 / 19 29 17 21 / 151 214 225 255 / -0.70028890 -0.71364430 0.01753027 1.00000000 / 0.61549380 0.51502990 / 0.0 0.0
				-0.04492187 0.08837891 0.58837890 / -0.75781250 0.51953120 -0.39453130 / 0.00000000 0.00000000 1.00000000 0.00000000 / 16 16 29 16 / 140 214 207 255 / -0.56402670 -0.82574700 -0.00399549 1.00000000 / 0.61344910 0.61264040 / 0.0 0.0
				-0.04199219 0.09326172 0.58984370 / -0.76953130 0.45703120 -0.44921870 / 0.00000000 0.00000000 1.00000000 0.00000000 / 16 16 29 16 / 141 214 210 255 / -0.51006860 -0.86013260 -0.00130374 1.00000000 / 0.60179140 0.60876470 / 0.0 0.0
				-0.05029297 0.09179687 0.60449220 / -0.79296870 0.46093750 -0.39843750 / 0.01568628 0.01568628 0.95294120 0.01568628 / 21 17 29 19 / 145 214 216 255 / -0.50710100 -0.86179970 0.01224737 1.00000000 / 0.61727900 0.57518010 / 0.0 0.0
				-0.05419922 0.09814453 0.61962890 / -0.78906250 0.49218750 -0.37109380 / 0.12941180 0.21176470 0.55294120 0.10588240 / 21 17 29 19 / 149 214 221 255 / -0.52864870 -0.84883920 -0.00158474 1.00000000 / 0.61740110 0.54191590 / 0.0 0.0
				-0.04052734 0.09814453 0.59228510 / -0.79296870 0.44921870 -0.41406250 / 0.00000000 0.00000000 1.00000000 0.00000000 / 16 16 29 16 / 143 214 213 255 / -0.46237760 -0.88365890 -0.07317028 1.00000000 / 0.59387210 0.60321040 / 0.0 0.0
				-0.04785156 0.09619141 0.60546880 / -0.81250000 0.42968750 -0.39843750 / 0.06666667 0.10588240 0.77647060 0.05098039 / 17 21 29 19 / 146 214 218 255 / -0.45346960 -0.89055990 -0.03561187 1.00000000 / 0.60957340 0.57296750 / 0.0 0.0
				-0.04589844 0.10156250 0.60644530 / -0.77343750 0.52734370 -0.35546870 / 0.08235295 0.23529410 0.60392160 0.07843137 / 17 21 29 19 / 149 214 221 255 / -0.55243260 -0.83287920 -0.03362184 1.00000000 / 0.60168460 0.57090760 / 0.0 0.0
				-0.03906250 0.10449220 0.59570310 / -0.78515620 0.47265620 -0.39843750 / 0.01176471 0.06666667 0.90980400 0.01176471 / 17 19 29 21 / 147 214 218 255 / -0.53207580 -0.84546930 0.04557543 1.00000000 / 0.58435060 0.59823610 / 0.0 0.0
				-0.03125000 0.10400390 0.58300780 / -0.76171880 0.42578120 -0.48828130 / 0.00000000 0.00000000 1.00000000 0.00000000 / 16 16 29 16 / 140 214 207 255 / -0.52106650 -0.85054170 0.07119287 1.00000000 / 0.56999210 0.62603760 / 0.0 0.0
				-0.05126953 0.10156250 0.61865230 / -0.66796880 0.69140620 -0.27343750 / 0.19215690 0.23529410 0.47843140 0.09411765 / 17 21 29 19 / 150 214 224 255 / -0.72178620 -0.69198490 0.01347645 1.00000000 / 0.60803220 0.54414370 / 0.0 0.0
				-0.04296875 0.10644530 0.60791020 / -0.71875000 0.64843750 -0.25390630 / 0.07450981 0.37254900 0.48235290 0.07058824 / 19 21 29 17 / 153 210 228 255 / -0.67573990 -0.73643100 0.03232701 1.00000000 / 0.59404000 0.56846620 / 0.0 0.0
				-0.04638672 0.10546870 0.61718750 / -0.64843750 0.73046870 -0.21875000 / 0.17254900 0.36078430 0.38431370 0.08235295 / 17 29 21 19 / 154 209 228 255 / -0.74310090 -0.66852390 -0.02961097 1.00000000 / 0.59938050 0.54730230 / 0.0 0.0
				-0.05224610 0.10498050 0.62988280 / -0.53906250 0.80078130 -0.26171870 / 0.21176470 0.31764710 0.34901960 0.12156860 / 21 17 29 19 / 152 214 225 255 / -0.83712850 -0.54360240 0.06092853 1.00000000 / 0.60853580 0.52055360 / 0.0 0.0
				-0.04638672 0.10742190 0.62597660 / -0.51953120 0.83203120 -0.20703130 / 0.27450980 0.27843140 0.36862750 0.07843137 / 17 29 21 19 / 153 210 228 255 / -0.85353180 -0.51703830 0.06445963 1.00000000 / 0.59974670 0.52841190 / 0.0 0.0
				-0.04248047 0.10791020 0.61621090 / -0.52343750 0.84375000 -0.12500000 / 0.14509800 0.25882350 0.54509810 0.05098039 / 17 29 21 19 / 157 183 234 255 / -0.85189050 -0.52168110 0.04616623 1.00000000 / 0.59239200 0.54991150 / 0.0 0.0
				-0.04931641 0.10986330 0.64013670 / -0.50390620 0.81640630 -0.28125000 / 0.18431370 0.20000000 0.45490200 0.16078430 / 21 29 17 19 / 153 208 227 255 / -0.86306440 -0.48857210 0.12812920 1.00000000 / 0.60325620 0.49919130 / 0.0 0.0
				-0.04394531 0.11132810 0.63476570 / -0.43750000 0.85546880 -0.28125000 / 0.21176470 0.31372550 0.38431370 0.09019608 / 29 21 17 19 / 153 206 227 255 / -0.89670430 -0.38938880 0.21047060 1.00000000 / 0.59701540 0.50827030 / 0.0 0.0
				-0.05322266 0.10888670 0.64404300 / -0.57031250 0.79687500 -0.20703130 / 0.15686280 0.24705880 0.50588240 0.09019608 / 29 19 17 21 / 154 208 230 255 / -0.81965600 -0.56862980 0.06945543 1.00000000 / 0.60859680 0.48974610 / 0.0 0.0
				-0.03955078 0.11621090 0.64257810 / -0.28906250 0.91796870 -0.27734380 / 0.13333330 0.25098040 0.51372550 0.10196080 / 29 21 17 19 / 153 176 227 255 / -0.94875670 -0.23474470 0.21155530 1.00000000 / 0.58840940 0.48605350 / 0.0 0.0
				-0.04638672 0.11523440 0.65527350 / -0.53125000 0.84375000 -0.07031250 / 0.03137255 0.32941180 0.61176470 0.02745098 / 29 19 17 21 / 159 176 237 255 / -0.84505250 -0.52267120 0.11269990 1.00000000 / 0.59770200 0.45236210 / 0.0 0.0
				-0.04296875 0.11621090 0.64746100 / -0.37500000 0.90234380 -0.21875000 / 0.14509800 0.18039220 0.57254900 0.10196080 / 21 19 17 29 / 154 176 228 255 / -0.92530940 -0.34793090 0.15082010 1.00000000 / 0.59439090 0.47525030 / 0.0 0.0
				-0.04492187 0.11572270 0.65185550 / -0.47656250 0.87109370 -0.12109380 / 0.07058824 0.25882350 0.62352940 0.04705882 / 21 19 17 29 / 156 176 233 255 / -0.87917900 -0.47048110 0.07544273 1.00000000 / 0.59603880 0.46380620 / 0.0 0.0
				-0.03759766 0.12011720 0.66357420 / -0.42578120 0.90234380 0.06250000 / 0.00784314 0.35294120 0.63921570 0.00000000 / 21 19 17 16 / 164 110 243 255 / -0.89842230 -0.43007980 0.08870581 1.00000000 / 0.57983400 0.42680360 / 0.0 0.0
				-0.03564453 0.12060550 0.65820310 / -0.32812500 0.93750000 -0.11328120 / 0.04313726 0.20392160 0.74901960 0.00392157 / 21 19 17 29 / 157 110 234 255 / -0.94441510 -0.32340160 0.05908859 1.00000000 / 0.57791140 0.44163510 / 0.0 0.0
				-0.03710938 0.12060550 0.66113280 / -0.32812500 0.94140630 -0.07812500 / 0.01568628 0.27843140 0.70588230 0.00000000 / 21 19 17 16 / 160 110 239 255 / -0.94445490 -0.32855180 0.00766397 1.00000000 / 0.57896420 0.43376160 / 0.0 0.0
				-0.02929688 0.12255860 0.66992190 / -0.41406250 0.87890620 0.23046880 / 0.00000000 0.33725490 0.66274510 0.00000000 / 21 19 17 16 / 168 42 249 255 / -0.90635070 -0.42211620 -0.01860823 1.00000000 / 0.56561280 0.40904230 / 0.0 0.0
				-0.02783203 0.12255860 0.66455080 / -0.16406250 0.97265620 -0.16015630 / 0.00000000 0.12156860 0.87843140 0.00000000 / 21 19 17 16 / 157 42 233 255 / -0.98202970 -0.17659800 -0.06656516 1.00000000 / 0.56253050 0.42506410 / 0.0 0.0
				-0.02880859 0.12304690 0.66601560 / -0.25000000 0.96484370 -0.08203125 / 0.00000000 0.21960780 0.78039220 0.00000000 / 21 19 17 16 / 160 42 237 255 / -0.96217530 -0.25699820 -0.09039122 1.00000000 / 0.56423950 0.41963190 / 0.0 0.0
				-0.02929688 0.12304690 0.66796880 / -0.33984380 0.93750000 0.06250000 / 0.00000000 0.29803920 0.70196080 0.00000000 / 21 19 17 16 / 164 42 243 255 / -0.94037420 -0.33913660 -0.02612819 1.00000000 / 0.56492620 0.41433710 / 0.0 0.0
				-0.03417969 0.12060550 0.65527350 / -0.14453130 0.96484370 -0.21484370 / 0.08627451 0.13333330 0.72941180 0.05098039 / 21 19 17 29 / 155 109 230 255 / -0.98942490 -0.13896800 0.04154814 1.00000000 / 0.57687380 0.44952390 / 0.0 0.0
				-0.02392578 0.12451170 0.67138670 / -0.36328130 0.92968750 0.04296875 / 0.00000000 0.23921570 0.76078430 0.00000000 / 16 19 17 16 / 164 7 245 255 / -0.92995240 -0.35984070 -0.07552018 1.00000000 / 0.55596920 0.40623470 / 0.0 0.0
				-0.03173828 0.11962890 0.65185550 / -0.14843750 0.96093750 -0.23437500 / 0.09019608 0.16470590 0.66274510 0.08235295 / 29 21 17 19 / 155 112 230 255 / -0.98877220 -0.14832940 0.01810751 1.00000000 / 0.57495120 0.45855710 / 0.0 0.0
				-0.02636719 0.12255860 0.66259770 / -0.12500000 0.96875000 -0.21875000 / 0.00000000 0.04705882 0.95294120 0.00000000 / 21 19 17 16 / 155 41 231 255 / -0.99134180 -0.13070220 -0.01258581 1.00000000 / 0.56083680 0.43051150 / 0.0 0.0
				-0.02441406 0.12207030 0.65966790 / -0.17578120 0.96875000 -0.18359380 / 0.00784314 0.04313726 0.94901960 0.00000000 / 19 21 17 16 / 156 36 233 255 / -0.97374520 -0.19781090 -0.11265520 1.00000000 / 0.55638120 0.43768310 / 0.0 0.0
				-0.02294922 0.12451170 0.66845700 / -0.22656250 0.94921880 -0.21093750 / 0.00000000 0.10588240 0.89411760 0.00000000 / 16 19 17 16 / 157 7 234 255 / -0.96799890 -0.24406000 -0.05841875 1.00000000 / 0.55392450 0.41534420 / 0.0 0.0
				-0.02343750 0.12451170 0.66992190 / -0.32421880 0.94140630 -0.09375000 / 0.00000000 0.18431370 0.81568630 0.00000000 / 16 19 17 16 / 160 7 239 255 / -0.94335800 -0.32908680 -0.04216144 1.00000000 / 0.55506900 0.41081240 / 0.0 0.0
				-0.02246094 0.12402340 0.66699220 / -0.32421880 0.91796870 -0.22265630 / 0.00000000 0.04313726 0.95686280 0.00000000 / 16 19 17 16 / 156 7 231 255 / -0.94463040 -0.30346900 0.12481950 1.00000000 / 0.55279540 0.41986090 / 0.0 0.0
				-0.02001953 0.12646480 0.67285160 / -0.47265620 0.87890620 -0.07812500 / 0.00000000 0.13725490 0.86274510 0.00000000 / 16 19 17 16 / 163 5 242 255 / -0.87787200 -0.46037730 0.13188430 1.00000000 / 0.54957580 0.40139770 / 0.0 0.0
				-0.02099609 0.12402340 0.66455080 / -0.32421880 0.91796870 -0.22265630 / 0.00000000 0.00392157 0.99607840 0.00000000 / 16 19 17 16 / 157 5 233 255 / -0.93606650 -0.34613490 -0.06300966 1.00000000 / 0.55206300 0.42489620 / 0.0 0.0
				-0.01953125 0.12646480 0.67138670 / -0.50390620 0.85546880 -0.12890630 / 0.00000000 0.10588240 0.89411760 0.00000000 / 16 19 17 16 / 160 6 237 255 / -0.86415340 -0.49811830 0.07153506 1.00000000 / 0.54864500 0.40567020 / 0.0 0.0
				-0.02001953 0.12646480 0.67431640 / -0.53515630 0.83203120 0.14843750 / 0.00000000 0.15686280 0.84313730 0.00000000 / 16 19 17 16 / 166 2 248 255 / -0.83393200 -0.54800550 0.06517126 1.00000000 / 0.55052190 0.39744570 / 0.0 0.0
				-0.01660156 0.12890630 0.67529300 / -0.66015630 0.74218750 0.11718750 / 0.00000000 0.07843137 0.92156870 0.00000000 / 16 19 17 16 / 166 29 248 255 / -0.73020590 -0.67033310 0.13210910 1.00000000 / 0.54327390 0.39163210 / 0.0 0.0
				-0.01953125 0.12646480 0.66992190 / -0.60156250 0.78515620 -0.14062500 / 0.00000000 0.07058824 0.92941180 0.00000000 / 16 19 17 16 / 158 5 236 255 / -0.79758290 -0.58453110 0.14894530 1.00000000 / 0.54771420 0.40995790 / 0.0 0.0
				-0.02392578 0.12451170 0.67285160 / -0.47656250 0.83984370 0.26171870 / 0.00000000 0.25490200 0.74509810 0.00000000 / 16 19 17 16 / 168 7 251 255 / -0.87633500 -0.47751590 -0.06336888 1.00000000 / 0.55685430 0.40164180 / 0.0 0.0
				-0.01855469 0.12646480 0.66748050 / -0.56640620 0.79687500 -0.20703130 / 0.00000000 0.03529412 0.96470590 0.00000000 / 16 19 17 16 / 159 3 237 255 / -0.81999690 -0.52167280 0.23550500 1.00000000 / 0.54582210 0.41532900 / 0.0 0.0
				-0.02880859 0.12158200 0.67236320 / -0.45703120 0.78906250 0.41015630 / 0.00000000 0.32549020 0.67450980 0.00000000 / 21 19 17 16 / 171 39 255 255 / -0.86712540 -0.49802350 -0.00812505 1.00000000 / 0.56718440 0.40115360 / 0.0 0.0
				-0.02001953 0.12597660 0.67529300 / -0.54687500 0.76953130 0.32421880 / 0.00000000 0.16470590 0.83529410 0.00000000 / 16 19 17 16 / 170 0 254 255 / -0.81116100 -0.58451090 0.01909965 1.00000000 / 0.55148310 0.39349370 / 0.0 0.0
				-0.02392578 0.12353520 0.67529300 / -0.51562500 0.72656250 0.45312500 / 0.00000000 0.25098040 0.74901960 0.00000000 / 16 19 17 16 / 172 7 255 255 / -0.82241770 -0.56835600 -0.02450569 1.00000000 / 0.55859380 0.39411930 / 0.0 0.0
				-0.03515625 0.11816410 0.67285160 / -0.43359380 0.77734370 0.45312500 / 0.00000000 0.36078430 0.63921570 0.00000000 / 21 19 17 16 / 171 81 255 255 / -0.85232150 -0.51790880 0.07292895 1.00000000 / 0.58396910 0.40219110 / 0.0 0.0
				-0.02832031 0.12060550 0.67529300 / -0.46093750 0.73046870 0.50390620 / 0.00000000 0.29803920 0.70196080 0.00000000 / 16 19 17 16 / 173 29 255 255 / -0.84108660 -0.54070750 0.01445049 1.00000000 / 0.56958010 0.39384460 / 0.0 0.0
				-0.02001953 0.12500000 0.67773440 / -0.57031250 0.64453120 0.50781250 / 0.00000000 0.16470590 0.83529410 0.00000000 / 16 19 17 16 / 173 0 255 255 / -0.73666490 -0.67558480 0.03016989 1.00000000 / 0.55369570 0.38714600 / 0.0 0.0
				-0.02343750 0.12207030 0.67724610 / -0.49609370 0.65234380 0.57421870 / 0.00000000 0.23529410 0.76470590 0.00000000 / 16 19 17 16 / 174 5 255 255 / -0.80068770 -0.59897700 -0.01121449 1.00000000 / 0.56098940 0.38757320 / 0.0 0.0
				-0.01611328 0.12792970 0.67822270 / -0.60937500 0.68750000 0.39453130 / 0.00000000 0.09803922 0.90196080 0.00000000 / 16 19 17 16 / 171 4 255 255 / -0.71719980 -0.69033210 0.09521602 1.00000000 / 0.54605100 0.38333130 / 0.0 0.0
				-0.01611328 0.12841800 0.67675780 / -0.69531250 0.60156250 0.39453130 / 0.00000000 0.08627451 0.91372550 0.00000000 / 16 19 17 16 / 169 15 252 255 / -0.57476530 -0.79405870 0.19777640 1.00000000 / 0.54466250 0.38748170 / 0.0 0.0
				-0.01611328 0.12646480 0.68017580 / -0.62500000 0.58203120 0.51953120 / 0.00000000 0.11372550 0.88627450 0.00000000 / 16 19 17 16 / 173 0 255 255 / -0.65717470 -0.75195790 0.05177469 1.00000000 / 0.54727170 0.37715150 / 0.0 0.0
				-0.01269531 0.12988280 0.68115230 / -0.71484380 0.53515630 0.45312500 / 0.00000000 0.05490196 0.94509810 0.00000000 / 16 19 17 16 / 172 16 255 255 / -0.55696390 -0.82501900 0.09557664 1.00000000 / 0.53691100 0.37316900 / 0.0 0.0
				-0.01367187 0.13183590 0.67773440 / -0.79296870 0.49609370 0.35546870 / 0.00000000 0.02745098 0.97254900 0.00000000 / 16 19 17 16 / 170 81 254 255 / -0.54437600 -0.83761110 -0.04541459 1.00000000 / 0.53462220 0.38272100 / 0.0 0.0
				-0.01953125 0.12353520 0.67919920 / -0.55859380 0.54687500 0.62500000 / 0.00000000 0.16078430 0.83921570 0.00000000 / 16 19 17 16 / 174 0 255 255 / -0.68044600 -0.73207980 0.03244075 1.00000000 / 0.55615240 0.38108830 / 0.0 0.0
				-0.01318359 0.13085940 0.67919920 / -0.77343750 0.42578120 0.46875000 / 0.00000000 0.03921569 0.96078430 0.00000000 / 16 19 17 16 / 171 47 255 255 / -0.44142920 -0.89342900 0.08321564 1.00000000 / 0.53576660 0.37794500 / 0.0 0.0
				-0.01269531 0.12792970 0.68310550 / -0.72265620 0.53125000 0.44140630 / 0.00000000 0.08627451 0.91372550 0.00000000 / 16 19 17 16 / 172 2 255 255 / -0.59752790 -0.80173630 -0.01338681 1.00000000 / 0.53979490 0.36718750 / 0.0 0.0
				-0.00976563 0.13183590 0.68359370 / -0.80468750 0.40234370 0.43750000 / 0.00000000 0.00000000 1.00000000 0.00000000 / 16 16 17 16 / 172 40 255 255 / -0.48362810 -0.87076170 -0.08875867 1.00000000 / 0.52815250 0.36598210 / 0.0 0.0
				-0.01025391 0.13330080 0.68164070 / -0.80859380 0.37500000 0.45703120 / 0.00000000 0.00000000 1.00000000 0.00000000 / 16 16 17 16 / 173 89 255 255 / -0.47991090 -0.86637560 -0.13812600 1.00000000 / 0.52648930 0.37115480 / 0.0 0.0
				-0.01611328 0.12451170 0.68164070 / -0.67968750 0.51171880 0.52734370 / 0.00000000 0.11372550 0.88627450 0.00000000 / 16 19 17 16 / 173 0 255 255 / -0.58802010 -0.80840870 0.02660397 1.00000000 / 0.54904170 0.37129210 / 0.0 0.0
				-0.00976563 0.12988280 0.68603510 / -0.80859380 0.48046870 0.33984380 / 0.00000000 0.08627451 0.91372550 0.00000000 / 20 18 17 16 / 170 14 254 255 / -0.53924950 -0.83606490 -0.10102250 1.00000000 / 0.53204350 0.35900880 / 0.0 0.0
				-0.01269531 0.12646480 0.68457030 / -0.74218750 0.59765620 0.30859370 / 0.00000000 0.10588240 0.89411760 0.00000000 / 18 19 17 20 / 170 0 254 255 / -0.63392240 -0.77290830 -0.02747977 1.00000000 / 0.54095460 0.36248780 / 0.0 0.0
				-0.00781250 0.13427730 0.68652340 / -0.78125000 0.48046870 0.39453130 / 0.00000000 0.05098039 0.94901960 0.00000000 / 16 18 17 16 / 172 80 255 255 / -0.56939850 -0.80975680 -0.14170130 1.00000000 / 0.52091980 0.36126710 / 0.0 0.0
				-0.01025391 0.12841800 0.68798830 / -0.78125000 0.59765620 0.17968750 / 0.00000000 0.14117650 0.85882350 0.00000000 / 20 18 17 19 / 168 8 249 255 / -0.61883990 -0.77931210 -0.09853887 1.00000000 / 0.53340150 0.35414120 / 0.0 0.0
				-0.00732422 0.13183590 0.68896480 / -0.80468750 0.51953120 0.28515620 / 0.00000000 0.11764710 0.88235290 0.00000000 / 20 18 17 16 / 170 50 252 255 / -0.57151560 -0.80867880 -0.13931460 1.00000000 / 0.52384950 0.35176090 / 0.0 0.0
				-0.01074219 0.12744140 0.68945310 / -0.76171880 0.64843750 0.01171875 / 0.00000000 0.18431370 0.81568630 0.00000000 / 20 18 17 19 / 164 8 243 255 / -0.64458480 -0.75503990 -0.12010480 1.00000000 / 0.53419490 0.34843440 / 0.0 0.0
				-0.00781250 0.13085940 0.69091800 / -0.74609370 0.66015630 0.09375000 / 0.00000000 0.19607840 0.80392160 0.00000000 / 20 18 17 16 / 166 41 248 255 / -0.66629720 -0.73616020 -0.11881200 1.00000000 / 0.52494810 0.34558100 / 0.0 0.0
				-0.00439453 0.13427730 0.69189460 / -0.57812500 0.73046870 0.36328130 / 0.00000000 0.14509800 0.85490200 0.00000000 / 20 18 17 16 / 170 103 254 255 / -0.80750330 -0.57609650 -0.12669450 1.00000000 / 0.51348880 0.34510800 / 0.0 0.0
				-0.01367187 0.12451170 0.68652340 / -0.80468750 0.53515630 0.26171870 / 0.02352941 0.08235295 0.89411760 0.00000000 / 18 19 17 20 / 168 0 249 255 / -0.55392360 -0.83256700 -0.00088939 1.00000000 / 0.54280090 0.35743710 / 0.0 0.0
				-0.00830078 0.13037110 0.69335940 / -0.65234380 0.75781250 -0.06250000 / 0.00392157 0.27450980 0.72156870 0.00000000 / 20 18 17 16 / 162 41 240 255 / -0.74786360 -0.65337490 -0.11747880 1.00000000 / 0.52555850 0.33905030 / 0.0 0.0
				-0.01611328 0.12207030 0.68359370 / -0.75000000 0.44531250 0.49218750 / 0.00000000 0.09803922 0.90196080 0.00000000 / 16 19 17 16 / 172 0 255 255 / -0.46673350 -0.88029600 0.08508096 1.00000000 / 0.55136110 0.36520390 / 0.0 0.0
				-0.00488281 0.13378910 0.69384760 / -0.44140630 0.88671870 0.14453130 / 0.00000000 0.23137260 0.76862750 0.00000000 / 20 18 17 16 / 166 95 248 255 / -0.89759830 -0.43600830 -0.06491724 1.00000000 / 0.51403810 0.33929440 / 0.0 0.0
				-0.00927734 0.13037110 0.69628900 / -0.61718750 0.76953130 -0.14843750 / 0.02745098 0.34509800 0.62745100 0.00000000 / 20 18 17 16 / 157 44 233 255 / -0.76467500 -0.63467320 -0.11163350 1.00000000 / 0.52757260 0.33139040 / 0.0 0.0
				-0.01171875 0.12646480 0.69091800 / -0.77734370 0.62500000 -0.09375000 / 0.01176471 0.20392160 0.78431370 0.00000000 / 20 18 17 19 / 157 8 234 255 / -0.62443440 -0.78062690 -0.02652165 1.00000000 / 0.53712460 0.34292600 / 0.0 0.0
				-0.00537109 0.13281250 0.69824220 / -0.35937500 0.93359370 -0.00390625 / 0.00784314 0.33333330 0.65882350 0.00000000 / 20 18 17 16 / 162 95 242 255 / -0.93009850 -0.35833820 -0.08068734 1.00000000 / 0.51455690 0.32893370 / 0.0 0.0
				-0.01464844 0.12207030 0.68798830 / -0.88281250 0.45703120 0.11718750 / 0.00000000 0.08235295 0.91764700 0.00000000 / 18 19 17 20 / 162 0 242 255 / -0.43377790 -0.88337710 0.17743060 1.00000000 / 0.54724120 0.35308840 / 0.0 0.0
				-0.01074219 0.12988280 0.69873050 / -0.41406250 0.83593750 -0.35937500 / 0.07843137 0.34901960 0.57254900 0.00000000 / 20 18 17 16 / 150 47 224 255 / -0.88743800 -0.45876760 -0.04456693 1.00000000 / 0.52975460 0.32620240 / 0.0 0.0
				-0.01318359 0.12500000 0.69287110 / -0.75000000 0.60156250 -0.28125000 / 0.05882353 0.17254900 0.76862750 0.00000000 / 20 18 17 16 / 147 8 218 255 / -0.64815190 -0.75203340 0.11976960 1.00000000 / 0.54083250 0.33860780 / 0.0 0.0
				-0.00634766 0.13330080 0.70117190 / -0.25390630 0.95703130 -0.13281250 / 0.03137255 0.42352940 0.54509810 0.00000000 / 20 18 17 24 / 158 103 236 255 / -0.96525780 -0.25990000 -0.02700453 1.00000000 / 0.51535030 0.31954960 / 0.0 0.0
				0.00000000 0.13427730 0.69824220 / 0.00000000 0.98828130 0.16015630 / 0.00000000 0.34901960 0.65098040 0.00000000 / 20 18 17 24 / 163 124 243 255 / -0.99999410 -0.00054758 0.00337324 1.00000000 / 0.50003050 0.32807920 / 0.0 0.0
				0.00000000 0.13378910 0.70166010 / 0.00000000 1.00000000 0.01171875 / 0.01176471 0.43529410 0.54509810 0.00784314 / 20 18 17 24 / 160 133 237 255 / -0.99999870 -0.00002240 0.00160016 1.00000000 / 0.50004580 0.31864930 / 0.0 0.0
				0.00000000 0.13525390 0.69433600 / 0.00000000 0.95703130 0.29687500 / 0.00000000 0.23921570 0.76078430 0.00000000 / 20 18 17 16 / 167 123 249 255 / -0.99995690 0.00273472 -0.00887516 1.00000000 / 0.49996950 0.33862310 / 0.0 0.0
				0.00585938 0.13281250 0.69824220 / 0.36328130 0.93359370 -0.00390625 / 0.00392157 0.32941180 0.66666670 0.00000000 / 24 18 17 16 / 162 95 242 255 / -0.92855260 0.36156010 0.08404997 1.00000000 / 0.48559570 0.32872010 / 0.0 0.0
				0.00537109 0.13378910 0.69384760 / 0.44531250 0.88281250 0.14453130 / 0.00000000 0.21960780 0.78039220 0.00000000 / 24 18 17 16 / 166 95 248 255 / -0.89498080 0.43652120 0.09196989 1.00000000 / 0.48580930 0.33944700 / 0.0 0.0
				0.00000000 0.13574220 0.69287110 / 0.00000000 0.85546880 0.51562500 / 0.00000000 0.14509800 0.85490200 0.00000000 / 16 18 17 16 / 170 129 254 255 / -0.99983490 0.00939385 -0.01555719 1.00000000 / 0.49945070 0.34341430 / 0.0 0.0
				0.00488281 0.13427730 0.69189460 / 0.58203120 0.72656250 0.36328130 / 0.00000000 0.12549020 0.87450980 0.00000000 / 16 18 17 16 / 170 103 254 255 / -0.80630390 0.57350210 0.14480830 1.00000000 / 0.48614500 0.34564210 / 0.0 0.0
				0.00878906 0.13037110 0.69335940 / 0.65234380 0.75390630 -0.06250000 / 0.00392157 0.25490200 0.74117650 0.00000000 / 24 18 17 16 / 162 41 240 255 / -0.74637260 0.65543050 0.11549380 1.00000000 / 0.47436520 0.33850100 / 0.0 0.0
				-0.00439453 0.13671870 0.68847660 / -0.50000000 0.72265620 0.47265620 / 0.00000000 0.07450981 0.92549020 0.00000000 / 16 18 17 16 / 172 126 255 255 / -0.84825820 -0.51935330 -0.10358580 1.00000000 / 0.51136780 0.35655210 / 0.0 0.0
				0.00830078 0.13085940 0.69091800 / 0.75000000 0.65625000 0.09375000 / 0.00000000 0.16470590 0.83529410 0.00000000 / 24 18 17 16 / 166 41 248 255 / -0.66188530 0.73655260 0.13927710 1.00000000 / 0.47486880 0.34558100 / 0.0 0.0
				-0.00781250 0.13574220 0.68408200 / -0.70703130 0.54296870 0.45703120 / 0.00000000 0.01960784 0.98039220 0.00000000 / 16 18 17 16 / 173 130 255 255 / -0.65360560 -0.74657710 -0.12418640 1.00000000 / 0.52000430 0.36643980 / 0.0 0.0
				0.00000000 0.13818360 0.68945310 / 0.00000000 0.83593750 0.55078120 / 0.00000000 0.07450981 0.92549020 0.00000000 / 16 18 17 16 / 173 148 255 255 / -0.99997040 -0.00423699 0.00642234 1.00000000 / 0.49995420 0.35604860 / 0.0 0.0
				-0.01074219 0.13476560 0.68017580 / -0.80859380 0.41015630 0.42578120 / 0.00000000 0.00000000 1.00000000 0.00000000 / 16 16 17 16 / 172 137 255 255 / -0.50844200 -0.84809790 -0.14905220 1.00000000 / 0.52552790 0.37670900 / 0.0 0.0
				-0.00390625 0.13818360 0.68603510 / -0.46875000 0.74609370 0.47265620 / 0.00000000 0.02745098 0.97254900 0.00000000 / 16 18 17 16 / 174 165 255 255 / -0.87474760 -0.46647890 -0.13120220 1.00000000 / 0.51129150 0.36364750 / 0.0 0.0
				-0.00781250 0.13720700 0.68212890 / -0.70703130 0.51171880 0.48828130 / 0.00000000 0.00000000 1.00000000 0.00000000 / 16 16 17 16 / 173 178 255 255 / -0.64105770 -0.75520270 -0.13679880 1.00000000 / 0.51914980 0.37179570 / 0.0 0.0
				0.00439453 0.13671870 0.68847660 / 0.50390620 0.72265620 0.47265620 / 0.00000000 0.05882353 0.94117650 0.00000000 / 16 18 17 16 / 172 126 255 255 / -0.84594840 0.52352040 0.10147840 1.00000000 / 0.48852540 0.35673520 / 0.0 0.0
				-0.00390625 0.14013670 0.68408200 / -0.50000000 0.67187500 0.54687500 / 0.00000000 0.00000000 1.00000000 0.00000000 / 16 16 17 16 / 174 199 255 255 / -0.83850240 -0.53342470 -0.11122880 1.00000000 / 0.51042170 0.36894230 / 0.0 0.0
				0.00000000 0.13964840 0.68701170 / 0.00000000 0.83593750 0.54687500 / 0.00000000 0.02352941 0.97647060 0.00000000 / 16 18 17 16 / 174 179 255 255 / -0.99954490 -0.01651072 0.02525140 1.00000000 / 0.50006100 0.36235040 / 0.0 0.0
				0.00439453 0.13818360 0.68603510 / 0.47265620 0.74218750 0.47265620 / 0.00000000 0.00000000 1.00000000 0.00000000 / 16 16 17 16 / 174 165 255 255 / -0.87402860 0.46311960 0.14694940 1.00000000 / 0.48925780 0.36280820 / 0.0 0.0
				0.00781250 0.13427730 0.68652340 / 0.78515620 0.47656250 0.39453130 / 0.00000000 0.03137255 0.96862750 0.00000000 / 16 18 17 16 / 172 80 255 255 / -0.56624190 0.81096410 0.14733400 1.00000000 / 0.47862240 0.36076350 / 0.0 0.0
				0.00830078 0.13574220 0.68408200 / 0.70703130 0.53906250 0.45703120 / 0.00000000 0.00000000 1.00000000 0.00000000 / 16 16 17 16 / 173 130 255 255 / -0.64858750 0.75222300 0.11616680 1.00000000 / 0.47958370 0.36610410 / 0.0 0.0
				0.00439453 0.14013670 0.68408200 / 0.50000000 0.66796880 0.54687500 / 0.00000000 0.00000000 1.00000000 0.00000000 / 16 16 17 16 / 174 199 255 255 / -0.84194320 0.52352240 0.13059790 1.00000000 / 0.48970030 0.36900330 / 0.0 0.0
				0.00781250 0.13183590 0.68896480 / 0.80859380 0.51562500 0.28515620 / 0.00000000 0.08235295 0.91764700 0.00000000 / 16 18 17 16 / 170 50 252 255 / -0.56799300 0.80993500 0.14625020 1.00000000 / 0.47584530 0.35168460 / 0.0 0.0
				0.00000000 0.14111330 0.68457030 / 0.00000000 0.77734370 0.62890620 / 0.00000000 0.00000000 1.00000000 0.00000000 / 16 16 17 16 / 175 205 255 255 / -0.99998820 0.00304598 -0.00376481 1.00000000 / 0.50003050 0.36822510 / 0.0 0.0
				0.01074219 0.12841800 0.68798830 / 0.78515620 0.59375000 0.17968750 / 0.00000000 0.09411765 0.90588230 0.00000000 / 16 18 17 16 / 168 8 249 255 / -0.61427200 0.78320370 0.09623752 1.00000000 / 0.46664430 0.35414120 / 0.0 0.0
				-0.00439453 0.14208980 0.68115230 / -0.46875000 0.65234380 0.59375000 / 0.00000000 0.00000000 1.00000000 0.00000000 / 16 16 17 16 / 175 212 255 255 / -0.84239920 -0.53293510 -0.07964760 1.00000000 / 0.51019290 0.37805170 / 0.0 0.0
				0.01025391 0.12988280 0.68603510 / 0.80859380 0.48046870 0.33984380 / 0.00000000 0.00000000 1.00000000 0.00000000 / 16 16 17 16 / 170 14 254 255 / -0.53804330 0.83740120 0.09627390 1.00000000 / 0.46800230 0.35900880 / 0.0 0.0
				0.01123047 0.12744140 0.68945310 / 0.76562500 0.64453120 0.01171875 / 0.00000000 0.15294120 0.84705880 0.00000000 / 24 18 17 16 / 164 8 243 255 / -0.64105820 0.75955800 0.11007300 1.00000000 / 0.46585080 0.34843440 / 0.0 0.0
				0.01318359 0.12646480 0.68457030 / 0.74218750 0.59375000 0.30859370 / 0.00000000 0.05882353 0.94117650 0.00000000 / 16 19 17 16 / 170 0 254 255 / -0.63334950 0.77303460 0.03585974 1.00000000 / 0.45910640 0.36248780 / 0.0 0.0
				0.00976563 0.13037110 0.69628900 / 0.62109380 0.76953130 -0.14843750 / 0.02352941 0.33333330 0.64313730 0.00000000 / 24 18 17 16 / 157 44 233 255 / -0.76722010 0.63568420 0.08531670 1.00000000 / 0.47248840 0.33139040 / 0.0 0.0
				0.01416016 0.12451170 0.68652340 / 0.80468750 0.53125000 0.26171870 / 0.02352941 0.03137255 0.94509810 0.00000000 / 19 18 17 16 / 168 0 251 255 / -0.55138150 0.83425150 0.00172318 1.00000000 / 0.45726010 0.35743710 / 0.0 0.0
				0.00683594 0.13281250 0.70117190 / 0.25781250 0.95703130 -0.13281250 / 0.02352941 0.41960790 0.55686280 0.00000000 / 24 18 17 16 / 158 103 236 255 / -0.96489670 0.26214480 0.01595134 1.00000000 / 0.48474120 0.31954960 / 0.0 0.0
				0.01220703 0.12646480 0.69091800 / 0.77734370 0.62109380 -0.09375000 / 0.01176471 0.18431370 0.80392160 0.00000000 / 24 18 17 16 / 157 8 234 255 / -0.62208140 0.78251620 0.02613351 1.00000000 / 0.46292110 0.34292600 / 0.0 0.0
				0.01123047 0.12988280 0.69873050 / 0.41796880 0.83203120 -0.35937500 / 0.06666667 0.32156860 0.61176470 0.00000000 / 24 18 17 16 / 150 47 224 255 / -0.88447310 0.46433210 0.04585845 1.00000000 / 0.47029120 0.32620240 / 0.0 0.0
				0.00000000 0.13378910 0.70458990 / 0.00000000 0.99218750 -0.12890630 / 0.03529412 0.43529410 0.49803920 0.03137255 / 20 18 17 24 / 160 161 237 255 / -0.99999610 -0.00037175 -0.00278100 1.00000000 / 0.50003050 0.31098940 / 0.0 0.0
				0.00732422 0.13378910 0.70507810 / 0.11328120 0.97656250 -0.18359380 / 0.06666667 0.40392160 0.52941180 0.00000000 / 24 18 17 20 / 157 127 234 255 / -0.99343890 0.11424250 -0.00529184 1.00000000 / 0.48371890 0.31016540 / 0.0 0.0
				-0.00683594 0.13378910 0.70507810 / -0.10937500 0.97656250 -0.18359380 / 0.07843137 0.41176470 0.50588240 0.00392157 / 20 18 17 24 / 157 127 234 255 / -0.99358340 -0.11281650 -0.00803380 1.00000000 / 0.51626590 0.30987550 / 0.0 0.0
				0.00585938 0.13427730 0.71289060 / 0.10937500 0.99218750 0.05078125 / 0.08235295 0.32549020 0.58431370 0.00784314 / 24 18 17 20 / 164 190 245 255 / -0.98751680 0.11438600 -0.10828790 1.00000000 / 0.48805240 0.29138190 / 0.0 0.0
				-0.00537109 0.13427730 0.71289060 / -0.10546870 0.99218750 0.05078125 / 0.09019608 0.34117650 0.53725490 0.03137255 / 20 18 17 24 / 164 190 245 255 / -0.98782280 -0.11058970 0.10943460 1.00000000 / 0.51200870 0.29138190 / 0.0 0.0
				0.01074219 0.13378910 0.70654290 / 0.17187500 0.97656250 -0.12500000 / 0.12549020 0.27058820 0.60392160 0.00000000 / 24 18 17 16 / 156 116 233 255 / -0.98251130 0.16092490 -0.09367320 1.00000000 / 0.47747800 0.30632020 / 0.0 0.0
				0.00000000 0.13525390 0.71289060 / 0.00000000 0.98828130 0.15625000 / 0.05098039 0.34901960 0.55686280 0.04313726 / 24 18 17 20 / 164 196 245 255 / -1.00000000 0.00000000 0.00000000 1.00000000 / 0.50003050 0.29208380 / 0.0 0.0
				0.00976563 0.13378910 0.71435550 / 0.16796870 0.95703130 0.23828120 / 0.12156860 0.25098040 0.62745100 0.00000000 / 24 18 17 20 / 165 181 245 255 / -0.95766670 0.21560970 -0.19075400 1.00000000 / 0.48242190 0.29084780 / 0.0 0.0
				0.00537109 0.13134770 0.72119140 / 0.17968750 0.91406250 0.36328130 / 0.07450981 0.19607840 0.72941180 0.00000000 / 24 18 17 20 / 169 211 252 255 / -0.96767330 0.23071050 -0.10188690 1.00000000 / 0.48768610 0.27146910 / 0.0 0.0
				0.00000000 0.13281250 0.72070310 / 0.00000000 0.93359370 0.35546870 / 0.05098039 0.20000000 0.71372550 0.03529412 / 24 18 17 20 / 169 212 252 255 / -1.00000000 0.00000000 0.00000000 1.00000000 / 0.50003050 0.27104190 / 0.0 0.0
				-0.00488281 0.13134770 0.72119140 / -0.17578120 0.91406250 0.36328130 / 0.08235295 0.20392160 0.67058820 0.04313726 / 20 18 17 24 / 169 211 252 255 / -0.96724450 -0.22926670 0.10897120 1.00000000 / 0.51237490 0.27146910 / 0.0 0.0
				0.00000000 0.12890630 0.72949220 / 0.00000000 0.89453130 0.44921870 / 0.04313726 0.11764710 0.80392160 0.03529412 / 20 18 17 24 / 172 214 255 255 / -0.99999990 -0.00000813 0.00001623 1.00000000 / 0.50003050 0.25158690 / 0.0 0.0
				0.00927734 0.13037110 0.72167970 / 0.15234370 0.90625000 0.39453130 / 0.10588240 0.16078430 0.73333340 0.00000000 / 24 18 17 20 / 170 209 254 255 / -0.95971770 0.23097400 -0.15997810 1.00000000 / 0.48051450 0.27095030 / 0.0 0.0
				-0.00927734 0.13378910 0.71435550 / -0.16406250 0.95703130 0.23828120 / 0.14509800 0.32549020 0.52156870 0.00784314 / 20 18 17 24 / 165 181 245 255 / -0.95845310 -0.21185100 0.19101530 1.00000000 / 0.51762390 0.29084780 / 0.0 0.0
				0.00537109 0.12792970 0.72998050 / 0.17968750 0.88671870 0.42578120 / 0.05490196 0.11372550 0.81960790 0.01176471 / 24 18 17 20 / 172 214 255 255 / -0.96296550 0.24702520 -0.10805570 1.00000000 / 0.48645020 0.25167850 / 0.0 0.0
				-0.01025391 0.13378910 0.70654290 / -0.16796870 0.97656250 -0.12500000 / 0.14901960 0.36862750 0.48235290 0.00000000 / 20 18 17 24 / 156 116 233 255 / -0.98252950 -0.15598140 0.10151600 1.00000000 / 0.52253720 0.30606080 / 0.0 0.0
				-0.00878906 0.13037110 0.72167970 / -0.14843750 0.90625000 0.39453130 / 0.12941180 0.20000000 0.65490200 0.01568628 / 20 18 17 24 / 170 209 254 255 / -0.95928640 -0.22907710 0.16520670 1.00000000 / 0.51954650 0.27095030 / 0.0 0.0
				-0.01269531 0.13037110 0.70019530 / -0.19531250 0.85546880 -0.48046870 / 0.14117650 0.32156860 0.53725490 0.00000000 / 20 18 17 16 / 145 46 216 255 / -0.96153080 -0.26336920 -0.07807312 1.00000000 / 0.53268430 0.32209780 / 0.0 0.0
				-0.00537109 0.12792970 0.72998050 / -0.17578120 0.88671870 0.42578120 / 0.08235295 0.10588240 0.79215690 0.01960784 / 20 18 17 24 / 172 214 255 255 / -0.96170870 -0.24735530 0.11803250 1.00000000 / 0.51361080 0.25167850 / 0.0 0.0
				-0.01416016 0.13232420 0.71582030 / -0.08203125 0.96093750 0.26953130 / 0.21176470 0.27450980 0.51372550 0.00000000 / 20 18 17 24 / 166 177 248 255 / -0.98741500 -0.11473200 0.10884850 1.00000000 / 0.52734370 0.28904720 / 0.0 0.0
				-0.01464844 0.13330080 0.70849610 / -0.10546870 0.98828130 -0.12500000 / 0.22745100 0.29411760 0.47843140 0.00000000 / 20 18 17 24 / 157 111 233 255 / -0.99417990 -0.10142020 0.03633672 1.00000000 / 0.52900700 0.30332950 / 0.0 0.0
				-0.01464844 0.12548830 0.69482420 / -0.33593750 0.66015630 -0.67578120 / 0.11764710 0.16078430 0.72156870 0.00000000 / 20 18 17 16 / 136 8 201 255 / -0.87565150 -0.48166430 -0.03513039 1.00000000 / 0.54307560 0.33378600 / 0.0 0.0
				-0.01611328 0.13085940 0.70214850 / -0.15234370 0.90234380 -0.40625000 / 0.22745100 0.26666670 0.50588240 0.00000000 / 20 18 17 16 / 143 43 213 255 / -0.95881200 -0.23421900 -0.16068890 1.00000000 / 0.53927610 0.31651300 / 0.0 0.0
				-0.01611328 0.11816410 0.69042970 / -0.82031250 0.46875000 -0.33593750 / 0.00392157 0.00784314 0.98823530 0.00000000 / 19 20 17 16 / 149 0 222 255 / -0.56201290 -0.77338290 0.29329190 1.00000000 / 0.55581670 0.35021970 / 0.0 0.0
				-0.01806641 0.12646480 0.69677740 / -0.25781250 0.68750000 -0.67578120 / 0.13725490 0.18823530 0.67450980 0.00000000 / 18 20 17 16 / 129 8 192 255 / -0.92699420 -0.37411800 -0.02678583 1.00000000 / 0.54875180 0.32756040 / 0.0 0.0
				-0.01806641 0.11962890 0.69189460 / -0.52343750 0.38281250 -0.76171880 / 0.00000000 0.07450981 0.92549020 0.00000000 / 19 20 17 23 / 130 0 192 255 / -0.77860780 -0.57791470 0.24450880 1.00000000 / 0.55528260 0.34390260 / 0.0 0.0
				-0.02343750 0.13281250 0.71142580 / -0.20703130 0.97656250 -0.00781250 / 0.14901960 0.33333330 0.51764710 0.00000000 / 18 20 17 16 / 159 110 236 255 / -0.97804330 -0.20754970 -0.01882820 1.00000000 / 0.55731200 0.29641720 / 0.0 0.0
				-0.02392578 0.13085940 0.70458990 / -0.25781250 0.89453130 -0.36328130 / 0.12156860 0.33333330 0.54509810 0.00000000 / 18 20 17 16 / 144 42 215 255 / -0.95409880 -0.29528510 -0.05002271 1.00000000 / 0.55946350 0.30854800 / 0.0 0.0
				-0.02441406 0.13085940 0.71875000 / -0.23046880 0.90625000 0.35546870 / 0.14901960 0.29411760 0.55686280 0.00000000 / 18 20 17 16 / 168 176 249 255 / -0.96464660 -0.26063830 0.03904779 1.00000000 / 0.55697630 0.28286740 / 0.0 0.0
				-0.03613281 0.12792970 0.71240240 / -0.41796880 0.90625000 0.08203125 / 0.00000000 0.43137260 0.56862750 0.00000000 / 16 20 17 16 / 161 110 239 255 / -0.90870770 -0.41543460 -0.04079494 1.00000000 / 0.58131410 0.29673770 / 0.0 0.0
				-0.01416016 0.12890630 0.72314450 / -0.08984375 0.89843750 0.42578120 / 0.17647060 0.18431370 0.63921570 0.00000000 / 18 20 17 24 / 171 208 255 255 / -0.96187410 -0.18957380 0.19712940 1.00000000 / 0.53216550 0.27099610 / 0.0 0.0
				-0.03662109 0.12500000 0.72021480 / -0.44531250 0.82812500 0.33984380 / 0.00000000 0.37254900 0.62745100 0.00000000 / 16 20 17 16 / 168 176 251 255 / -0.88842020 -0.45594910 -0.05310238 1.00000000 / 0.58293150 0.27967830 / 0.0 0.0
				-0.00927734 0.12646480 0.73046870 / -0.14843750 0.89062500 0.43359380 / 0.10588240 0.10980390 0.77647060 0.00784314 / 18 20 17 24 / 172 214 255 255 / -0.94110840 -0.26127750 0.21459040 1.00000000 / 0.52325440 0.25201420 / 0.0 0.0
				-0.02539063 0.12646480 0.72656250 / -0.22656250 0.86328130 0.44921870 / 0.12941180 0.24313730 0.62745100 0.00000000 / 18 20 17 16 / 172 208 255 255 / -0.95552010 -0.28672370 0.06907250 1.00000000 / 0.55870050 0.26763920 / 0.0 0.0
				-0.01562500 0.12500000 0.73242190 / -0.12890630 0.88281250 0.45703120 / 0.09803922 0.12941180 0.77254900 0.00000000 / 18 20 17 16 / 173 214 255 255 / -0.94146440 -0.25292900 0.22287160 1.00000000 / 0.53630060 0.25198360 / 0.0 0.0
				-0.00537109 0.12402340 0.73681640 / -0.14453130 0.87109370 0.46484380 / 0.00392157 0.07450981 0.92156870 0.00000000 / 24 20 17 18 / 172 214 255 255 / -0.97025370 -0.21761020 0.10608250 1.00000000 / 0.51422120 0.23651120 / 0.0 0.0
				-0.01025391 0.12255860 0.73779300 / -0.13671870 0.87890620 0.45703120 / 0.00784314 0.09803922 0.89411760 0.00000000 / 18 20 17 24 / 172 214 255 255 / -0.95548900 -0.23875380 0.17331320 1.00000000 / 0.52546690 0.23530580 / 0.0 0.0
				-0.02587891 0.12158200 0.73486330 / -0.26171870 0.83203120 0.49218750 / 0.00000000 0.14901960 0.85098040 0.00000000 / 18 20 17 16 / 173 214 255 255 / -0.93905860 -0.33660820 0.06974202 1.00000000 / 0.56039430 0.25117490 / 0.0 0.0
				-0.01611328 0.12060550 0.73974610 / -0.16406250 0.85937500 0.48437500 / 0.00392157 0.11372550 0.88235290 0.00000000 / 18 20 17 16 / 173 213 255 255 / -0.94586650 -0.27643030 0.17006660 1.00000000 / 0.53955080 0.23429870 / 0.0 0.0
				-0.00634766 0.11962890 0.74560550 / -0.14453130 0.90234380 0.41015630 / 0.00000000 0.02745098 0.97254900 0.00000000 / 16 20 17 16 / 170 213 254 255 / -0.98588750 -0.16636660 0.01865583 1.00000000 / 0.51580810 0.21586610 / 0.0 0.0
				-0.03710938 0.12109380 0.72753910 / -0.44531250 0.78125000 0.43750000 / 0.00000000 0.29803920 0.70196080 0.00000000 / 16 20 17 16 / 172 208 255 255 / -0.88012500 -0.47171980 -0.05348364 1.00000000 / 0.58471680 0.26498410 / 0.0 0.0
				-0.01074219 0.11816410 0.74609370 / -0.19140620 0.89453130 0.40625000 / 0.00000000 0.05490196 0.94509810 0.00000000 / 16 20 17 16 / 171 213 254 255 / -0.96343080 -0.24994220 0.09659151 1.00000000 / 0.52777100 0.21452330 / 0.0 0.0
				-0.02636719 0.11767580 0.74121100 / -0.28125000 0.82421870 0.49218750 / 0.00000000 0.11764710 0.88235290 0.00000000 / 16 20 17 16 / 173 212 255 255 / -0.93527400 -0.35010630 0.05184746 1.00000000 / 0.56291200 0.23381040 / 0.0 0.0
				-0.01660156 0.11621090 0.74707030 / -0.22656250 0.86328130 0.44921870 / 0.00000000 0.06274510 0.93725490 0.00000000 / 16 20 17 16 / 171 210 255 255 / -0.95389200 -0.29020600 0.07661772 1.00000000 / 0.54191590 0.21337890 / 0.0 0.0
				-0.03710938 0.11621090 0.73486330 / -0.46875000 0.74609370 0.47656250 / 0.00000000 0.20392160 0.79607840 0.00000000 / 16 20 17 16 / 173 213 255 255 / -0.86001390 -0.50770530 -0.05110279 1.00000000 / 0.58666990 0.25019840 / 0.0 0.0
				-0.04785156 0.11767580 0.71875000 / -0.60546880 0.73046870 0.32031250 / 0.00000000 0.32941180 0.67058820 0.00000000 / 16 20 17 16 / 168 176 251 255 / -0.77542930 -0.63085380 -0.02707611 1.00000000 / 0.60874940 0.28074650 / 0.0 0.0
				-0.04736328 0.11376950 0.72656250 / -0.62890620 0.64453120 0.43359380 / 0.00000000 0.24313730 0.75686280 0.00000000 / 16 20 17 16 / 171 208 255 255 / -0.71770850 -0.69631860 -0.00591370 1.00000000 / 0.61233520 0.26467900 / 0.0 0.0
				-0.04687500 0.12158200 0.71044920 / -0.56250000 0.80468750 0.17968750 / 0.00000000 0.43137260 0.56862750 0.00000000 / 16 20 17 16 / 161 110 240 255 / -0.82566620 -0.55635360 -0.09352056 1.00000000 / 0.60646060 0.29644770 / 0.0 0.0
				-0.05468750 0.11572270 0.70654290 / -0.71484380 0.69531250 0.09375000 / 0.00000000 0.35686280 0.64313730 0.00000000 / 16 20 17 16 / 159 110 236 255 / -0.68358860 -0.71941310 0.12309080 1.00000000 / 0.62573240 0.30241390 / 0.0 0.0
				-0.04541016 0.12255860 0.70507810 / -0.47656250 0.86718750 -0.14843750 / 0.00000000 0.43529410 0.56470590 0.00000000 / 16 20 17 16 / 148 42 219 255 / -0.86298370 -0.49308320 -0.11012810 1.00000000 / 0.60633850 0.30523680 / 0.0 0.0
				-0.03466797 0.12792970 0.70654290 / -0.35937500 0.89453130 -0.25781250 / 0.00000000 0.41960790 0.58039220 0.00000000 / 16 20 17 16 / 146 42 218 255 / -0.92051860 -0.38640480 -0.05776496 1.00000000 / 0.58163450 0.30532840 / 0.0 0.0
				-0.03369141 0.12597660 0.70166010 / -0.28515620 0.75781250 -0.58593750 / 0.00000000 0.34117650 0.65882350 0.00000000 / 16 20 17 16 / 125 7 186 255 / -0.93402270 -0.35713750 -0.00738301 1.00000000 / 0.58346560 0.31524660 / 0.0 0.0
				-0.05566406 0.11181640 0.71484380 / -0.77734370 0.57031250 0.26562500 / 0.00000000 0.27058820 0.72941180 0.00000000 / 16 20 17 16 / 166 176 246 255 / -0.53569660 -0.82138230 0.19585770 1.00000000 / 0.63038640 0.28919980 / 0.0 0.0
				-0.02441406 0.12744140 0.69970700 / -0.29687500 0.53515630 -0.79296870 / 0.00000000 0.29803920 0.70196080 0.00000000 / 18 20 17 16 / 126 7 186 255 / -0.93641190 -0.32553210 0.13100210 1.00000000 / 0.56239320 0.31864930 / 0.0 0.0
				-0.04296875 0.12255860 0.70068360 / -0.25781250 0.75390630 -0.60156250 / 0.00000000 0.36078430 0.63921570 0.00000000 / 16 20 17 16 / 127 7 189 255 / -0.89976770 -0.41507790 -0.13464160 1.00000000 / 0.60534670 0.31510920 / 0.0 0.0
				-0.02001953 0.12011720 0.69433600 / -0.51953120 0.25000000 -0.81640630 / 0.00000000 0.12549020 0.87450980 0.00000000 / 23 20 17 16 / 120 0 177 255 / -0.81519920 -0.43094470 0.38695840 1.00000000 / 0.55943300 0.33961490 / 0.0 0.0
				-0.03271484 0.12109380 0.69970700 / -0.11718750 0.22656250 -0.96875000 / 0.00392157 0.21176470 0.78431370 0.00000000 / 23 20 17 16 / 112 0 167 255 / -0.96999600 -0.23494460 0.06252114 1.00000000 / 0.58732610 0.32881160 / 0.0 0.0
				-0.02539063 0.12109380 0.69775390 / -0.37500000 0.08593750 -0.92187500 / 0.00000000 0.16470590 0.83529410 0.00000000 / 23 20 17 16 / 114 0 170 255 / -0.90517050 -0.24814990 0.34509120 1.00000000 / 0.57035830 0.33204650 / 0.0 0.0
				-0.05224610 0.11718750 0.70117190 / -0.63281250 0.74218750 -0.22656250 / 0.00000000 0.39215690 0.60784320 0.00000000 / 16 20 17 16 / 147 42 219 255 / -0.77115520 -0.63057420 0.08772594 1.00000000 / 0.62431340 0.31022640 / 0.0 0.0
				-0.04101563 0.11914060 0.69873050 / 0.11328120 0.27343750 -0.95703130 / 0.00392157 0.21568630 0.78039220 0.00000000 / 23 20 17 16 / 114 0 168 255 / -0.94488110 -0.26795670 -0.18814580 1.00000000 / 0.60292050 0.32962040 / 0.0 0.0
				-0.05810547 0.10986330 0.70214850 / -0.84765630 0.51953120 -0.12109380 / 0.00000000 0.27058820 0.72941180 0.00000000 / 16 20 17 16 / 155 110 230 255 / -0.52733640 -0.78444110 0.32644840 1.00000000 / 0.63815300 0.31437680 / 0.0 0.0
				-0.04931641 0.11767580 0.69775390 / -0.37890620 0.68750000 -0.61718750 / 0.00000000 0.32941180 0.67058820 0.00000000 / 16 20 17 16 / 131 7 194 255 / -0.83804060 -0.53886530 -0.08551162 1.00000000 / 0.62263490 0.32101440 / 0.0 0.0
				-0.05517578 0.11181640 0.69873050 / -0.71875000 0.56250000 -0.41015630 / 0.00000000 0.27058820 0.72941180 0.00000000 / 16 20 17 16 / 145 42 216 255 / -0.66808160 -0.72176240 0.18090370 1.00000000 / 0.63427730 0.32136540 / 0.0 0.0
				-0.06005860 0.10644530 0.70751950 / -0.90625000 0.39453130 0.14453130 / 0.00000000 0.20784310 0.79215690 0.00000000 / 16 20 17 16 / 161 176 240 255 / -0.33340260 -0.88493700 0.32516040 1.00000000 / 0.64419550 0.30714420 / 0.0 0.0
				-0.05224610 0.11328120 0.69580080 / -0.48437500 0.62109380 -0.61718750 / 0.00000000 0.22352940 0.77647060 0.00000000 / 23 20 17 16 / 134 7 198 255 / -0.77081610 -0.63608710 -0.03515190 1.00000000 / 0.63197320 0.33238220 / 0.0 0.0
				-0.05517578 0.10644530 0.72314450 / -0.81640630 0.44531250 0.36718750 / 0.00000000 0.20392160 0.79607840 0.00000000 / 16 20 17 16 / 169 208 252 255 / -0.42511830 -0.89433840 0.13940310 1.00000000 / 0.63735960 0.27368160 / 0.0 0.0
				-0.04589844 0.11669920 0.69677740 / 0.08593750 0.44921870 -0.89062500 / 0.00784314 0.20784310 0.78431370 0.00000000 / 23 20 17 16 / 119 0 177 255 / -0.88406290 -0.37752220 -0.27551710 1.00000000 / 0.61753840 0.33348080 / 0.0 0.0
				-0.04687500 0.10937500 0.73339840 / -0.65625000 0.61718750 0.43359380 / 0.00000000 0.19607840 0.80392160 0.00000000 / 16 20 17 16 / 172 213 255 255 / -0.69799760 -0.71505960 -0.03858757 1.00000000 / 0.61352540 0.25146480 / 0.0 0.0
				-0.06103515 0.10058590 0.71191410 / -0.92968750 0.30078130 0.21093750 / 0.00000000 0.16862750 0.83137260 0.00000000 / 16 20 17 16 / 166 208 246 255 / -0.24771130 -0.93736850 0.24490700 1.00000000 / 0.65211480 0.30154420 / 0.0 0.0
				-0.03710938 0.11230470 0.74169920 / -0.48046870 0.75000000 0.45703120 / 0.00000000 0.12941180 0.87058820 0.00000000 / 16 20 17 16 / 173 210 255 255 / -0.84982150 -0.52622390 -0.02986501 1.00000000 / 0.58811950 0.23286440 / 0.0 0.0
				-0.05468750 0.10205080 0.72900390 / -0.82421870 0.44140630 0.35156250 / 0.00000000 0.15686280 0.84313730 0.00000000 / 16 20 17 16 / 170 213 254 255 / -0.44628250 -0.89187160 0.07346482 1.00000000 / 0.63955690 0.26083370 / 0.0 0.0
				-0.04687500 0.10498050 0.74023440 / -0.67968750 0.61328130 0.40234370 / 0.00000000 0.11372550 0.88627450 0.00000000 / 16 20 17 16 / 172 209 255 255 / -0.68624430 -0.72539450 -0.05358790 1.00000000 / 0.61386110 0.23371890 / 0.0 0.0
				-0.02734375 0.11279300 0.74853510 / -0.30468750 0.82812500 0.46875000 / 0.00000000 0.06274510 0.93725490 0.00000000 / 16 20 17 16 / 172 207 255 255 / -0.92538300 -0.37429490 0.05974638 1.00000000 / 0.56658940 0.21150210 / 0.0 0.0
				-0.03759766 0.10791020 0.74853510 / -0.51562500 0.73046870 0.44531250 / 0.00000000 0.05098039 0.94901960 0.00000000 / 16 20 17 16 / 172 205 255 255 / -0.81285360 -0.58230010 0.01398535 1.00000000 / 0.59034730 0.21362300 / 0.0 0.0
				-0.05468750 0.09667969 0.73583980 / -0.84375000 0.42187500 0.32812500 / 0.00000000 0.08235295 0.91764700 0.00000000 / 16 20 17 16 / 170 209 254 255 / -0.42801150 -0.90185180 0.05890333 1.00000000 / 0.63990790 0.24366760 / 0.0 0.0
				-0.01611328 0.11279300 0.75488280 / -0.29687500 0.91015630 0.28906250 / 0.00000000 0.00000000 1.00000000 0.00000000 / 16 20 17 16 / 167 204 249 255 / -0.94611580 -0.32133730 0.04009133 1.00000000 / 0.54159540 0.18931580 / 0.0 0.0
				-0.04638672 0.10107420 0.74707030 / -0.71875000 0.56640620 0.40625000 / 0.00000000 0.02745098 0.97254900 0.00000000 / 16 20 17 16 / 171 204 255 255 / -0.62119970 -0.78362480 -0.00654832 1.00000000 / 0.61360170 0.21691890 / 0.0 0.0
				-0.02832031 0.10888670 0.75488280 / -0.37109380 0.87890620 0.30078130 / 0.00000000 0.00000000 1.00000000 0.00000000 / 16 20 17 16 / 169 202 252 255 / -0.90602380 -0.41346850 0.09035836 1.00000000 / 0.57061770 0.19178770 / 0.0 0.0
				-0.01074219 0.11474610 0.75488280 / -0.28125000 0.93359370 0.21484370 / 0.00000000 0.00000000 1.00000000 0.00000000 / 16 20 17 16 / 166 209 248 255 / -0.95490400 -0.29517550 0.03208658 1.00000000 / 0.52778630 0.18931580 / 0.0 0.0
				-0.01562500 0.11279300 0.76171880 / -0.39453130 0.91796870 -0.02343750 / 0.00000000 0.00000000 1.00000000 0.00000000 / 16 16 17 16 / 163 174 242 255 / -0.91604920 -0.39146570 0.08722583 1.00000000 / 0.54045110 0.16690060 / 0.0 0.0
				-0.03808594 0.10449220 0.75439450 / -0.52343750 0.79296870 0.30859370 / 0.00000000 0.00392157 0.99607840 0.00000000 / 16 20 17 16 / 170 200 252 255 / -0.82377480 -0.56443520 0.05299010 1.00000000 / 0.59397890 0.19648740 / 0.0 0.0
				-0.00634766 0.11621090 0.75439450 / -0.15625000 0.97656250 0.15234370 / 0.00000000 0.00000000 1.00000000 0.00000000 / 16 16 17 16 / 165 195 246 255 / -0.98733890 -0.15856920 0.00420640 1.00000000 / 0.51602170 0.19032290 / 0.0 0.0
				-0.02978515 0.10644530 0.76171880 / -0.49218750 0.85546880 0.16015630 / 0.00000000 0.00000000 1.00000000 0.00000000 / 16 16 17 16 / 164 168 245 255 / -0.85695670 -0.50862630 0.08321393 1.00000000 / 0.57524110 0.17373660 / 0.0 0.0
				-0.04589844 0.09765625 0.75292970 / -0.72656250 0.61328130 0.31640630 / 0.00000000 0.00000000 1.00000000 0.00000000 / 16 20 17 16 / 169 199 252 255 / -0.64429910 -0.76476880 0.00270815 1.00000000 / 0.61325080 0.20109560 / 0.0 0.0
				-0.04003906 0.10107420 0.75976560 / -0.58593750 0.75390630 0.30078130 / 0.00000000 0.00000000 1.00000000 0.00000000 / 16 16 17 16 / 167 181 248 255 / -0.78289750 -0.62130790 0.03237290 1.00000000 / 0.59968570 0.18046570 / 0.0 0.0
				-0.05468750 0.09082031 0.74316400 / -0.82812500 0.46484380 0.30859370 / 0.00000000 0.01960784 0.98039220 0.00000000 / 16 20 17 16 / 169 203 252 255 / -0.48260680 -0.87551470 0.02376526 1.00000000 / 0.64094550 0.22724910 / 0.0 0.0
				-0.04541016 0.09619141 0.75830080 / -0.77343750 0.61328130 0.16015630 / 0.00000000 0.00000000 1.00000000 0.00000000 / 16 16 17 16 / 167 184 248 255 / -0.61507310 -0.78723180 0.04417256 1.00000000 / 0.61424260 0.18513490 / 0.0 0.0
				-0.05468750 0.08642578 0.74951170 / -0.80468750 0.52343750 0.27343750 / 0.00000000 0.00000000 1.00000000 0.00000000 / 16 16 17 16 / 168 197 251 255 / -0.54244240 -0.84001110 0.01172871 1.00000000 / 0.64089960 0.21113590 / 0.0 0.0
				-0.04589844 0.09423828 0.76464840 / -0.68750000 0.69921880 0.19140620 / 0.00000000 0.00000000 1.00000000 0.00000000 / 16 16 17 16 / 162 156 242 255 / -0.70087100 -0.70939640 0.07440753 1.00000000 / 0.61494450 0.16804500 / 0.0 0.0
				-0.05517578 0.08349610 0.75488280 / -0.78125000 0.60546880 0.14062500 / 0.00000000 0.00000000 1.00000000 0.00000000 / 16 16 17 16 / 166 183 246 255 / -0.60608140 -0.79377140 0.05091503 1.00000000 / 0.64381410 0.19750980 / 0.0 0.0
				-0.03808594 0.10009770 0.76660160 / -0.64843750 0.73437500 -0.20703130 / 0.00000000 0.00000000 1.00000000 0.00000000 / 16 16 17 16 / 161 137 239 255 / -0.75805730 -0.64765640 0.07674819 1.00000000 / 0.59931950 0.16368100 / 0.0 0.0
				-0.05761719 0.08056641 0.76025390 / -0.76171880 0.64453120 0.07812500 / 0.00000000 0.00000000 1.00000000 0.00000000 / 16 16 17 16 / 162 161 242 255 / -0.63504450 -0.76420110 0.11276180 1.00000000 / 0.65370180 0.18397520 / 0.0 0.0
				-0.06298828 0.07763672 0.74121100 / -0.78906250 0.58593750 0.19140620 / 0.00000000 0.00000000 1.00000000 0.00000000 / 16 16 17 16 / 166 199 246 255 / -0.59993510 -0.79964550 -0.02539567 1.00000000 / 0.66889950 0.23110960 / 0.0 0.0
				-0.06201172 0.07666016 0.75244140 / -0.71875000 0.68359370 0.12890630 / 0.00000000 0.00000000 1.00000000 0.00000000 / 16 16 17 16 / 164 181 243 255 / -0.69282840 -0.71955370 -0.04723701 1.00000000 / 0.66423040 0.20506290 / 0.0 0.0
				-0.04638672 0.09228516 0.77001950 / -0.64453120 0.67968750 -0.35156250 / 0.00000000 0.00000000 1.00000000 0.00000000 / 16 16 17 16 / 159 126 237 255 / -0.75929590 -0.62333740 0.18686930 1.00000000 / 0.62187200 0.15982060 / 0.0 0.0
				-0.06787109 0.07080078 0.74951170 / -0.47656250 0.87500000 -0.06640625 / 0.00000000 0.00000000 1.00000000 0.00000000 / 16 16 17 16 / 162 169 240 255 / -0.87713810 -0.47965430 -0.02367272 1.00000000 / 0.67951960 0.20980830 / 0.0 0.0
				-0.06103515 0.07617188 0.76464840 / -0.55468750 0.78906250 -0.26171870 / 0.00000000 0.00000000 1.00000000 0.00000000 / 16 16 17 16 / 160 138 237 255 / -0.82824520 -0.49517240 0.26232450 1.00000000 / 0.66641230 0.17904660 / 0.0 0.0
				-0.06689453 0.07666016 0.76806640 / -0.83984370 0.51171880 0.17187500 / 0.00000000 0.00000000 1.00000000 0.00000000 / 16 16 17 16 / 164 102 245 255 / -0.53352890 -0.83969010 -0.10132910 1.00000000 / 0.67724610 0.17483520 / 0.0 0.0
				-0.05029297 0.09326172 0.77392580 / -0.71875000 0.67578120 0.16406250 / 0.00000000 0.00000000 1.00000000 0.00000000 / 16 16 17 16 / 164 92 243 255 / -0.66548640 -0.73680340 0.11936850 1.00000000 / 0.62794500 0.15264890 / 0.0 0.0
				-0.03125000 0.10595700 0.76855470 / -0.51953120 0.84375000 -0.13671870 / 0.00000000 0.00000000 1.00000000 0.00000000 / 16 16 17 16 / 162 118 240 255 / -0.85201760 -0.49892180 0.15856580 1.00000000 / 0.57823180 0.15779110 / 0.0 0.0
				-0.07128906 0.07080078 0.73437500 / -0.67968750 0.72265620 0.14453130 / 0.00000000 0.00000000 1.00000000 0.00000000 / 16 16 17 16 / 163 194 243 255 / -0.73412120 -0.67448940 -0.07829446 1.00000000 / 0.69114680 0.24560550 / 0.0 0.0
				-0.01416016 0.11523440 0.76806640 / -0.42578120 0.89843750 -0.09375000 / 0.00000000 0.00000000 1.00000000 0.00000000 / 16 16 17 16 / 162 124 242 255 / -0.90057200 -0.41242170 0.13739920 1.00000000 / 0.54026800 0.14709470 / 0.0 0.0
				-0.07226562 0.06787109 0.73974610 / -0.58203120 0.81250000 0.05078125 / 0.00000000 0.00000000 1.00000000 0.00000000 / 16 16 17 16 / 162 189 242 255 / -0.81350810 -0.58040130 -0.03659175 1.00000000 / 0.69259650 0.23222350 / 0.0 0.0
				-0.00976563 0.11523440 0.76269530 / -0.29687500 0.94531250 -0.13671870 / 0.00000000 0.00000000 1.00000000 0.00000000 / 16 16 17 16 / 161 177 240 255 / -0.95463740 -0.29725270 0.01755998 1.00000000 / 0.52616880 0.16406250 / 0.0 0.0
				-0.07519531 0.06933594 0.74658200 / -0.59375000 0.80468750 -0.05468750 / 0.00000000 0.00000000 1.00000000 0.00000000 / 16 16 17 16 / 162 153 242 255 / -0.79757120 -0.59548730 -0.09630740 1.00000000 / 0.69450380 0.21444700 / 0.0 0.0
				-0.00488281 0.11669920 0.76318360 / -0.16796870 0.96484370 -0.20312500 / 0.00000000 0.00000000 1.00000000 0.00000000 / 16 16 17 16 / 160 182 239 255 / -0.98542560 -0.16993440 0.00765948 1.00000000 / 0.51385500 0.16192630 / 0.0 0.0
				-0.08007813 0.06201172 0.73095700 / -0.71875000 0.69140620 -0.08593750 / 0.00000000 0.00000000 1.00000000 0.00000000 / 16 16 17 16 / 161 172 240 255 / -0.68789640 -0.72299980 -0.06379487 1.00000000 / 0.71614070 0.25512700 / 0.0 0.0
				-0.00683594 0.11816410 0.76904300 / -0.27343750 0.94531250 -0.16796870 / 0.00000000 0.00000000 1.00000000 0.00000000 / 16 16 17 16 / 161 129 240 255 / -0.96174550 -0.27032260 0.04439877 1.00000000 / 0.52261350 0.14248660 / 0.0 0.0
				-0.08007813 0.06494140 0.72656250 / -0.83593750 0.55078120 0.00000000 / 0.00000000 0.00000000 1.00000000 0.00000000 / 16 16 17 16 / 161 186 239 255 / -0.54971530 -0.83431680 -0.04157489 1.00000000 / 0.71472170 0.26657100 / 0.0 0.0
				-0.08251953 0.06201172 0.73583980 / -0.90234380 0.43359380 0.00000000 / 0.00000000 0.00000000 1.00000000 0.00000000 / 16 16 17 16 / 162 149 240 255 / -0.43063730 -0.89667070 -0.10263100 1.00000000 / 0.71798710 0.24028020 / 0.0 0.0
				-0.07080078 0.07324219 0.72119140 / -0.76171880 0.64843750 0.00390625 / 0.00000000 0.00000000 1.00000000 0.00000000 / 16 16 17 16 / 163 205 242 255 / -0.64742850 -0.76018980 -0.05429439 1.00000000 / 0.69171140 0.28793340 / 0.0 0.0
				-0.08691406 0.04833984 0.72607420 / -0.96875000 0.21875000 -0.10156250 / 0.00000000 0.00000000 1.00000000 0.00000000 / 16 16 17 16 / 160 135 237 255 / -0.22012600 -0.97546950 -0.00195642 1.00000000 / 0.74946600 0.26559450 / 0.0 0.0
				-0.08349610 0.05761719 0.74316400 / -0.91796870 0.31640630 0.23828120 / 0.00000000 0.00000000 1.00000000 0.00000000 / 16 16 17 16 / 164 112 243 255 / -0.35183660 -0.92791410 -0.12323310 1.00000000 / 0.72120660 0.21897890 / 0.0 0.0
				-0.08740234 0.04296875 0.73486330 / -1.00000000 0.05859375 0.01953125 / 0.00000000 0.00000000 1.00000000 0.00000000 / 16 16 17 16 / 163 96 242 255 / -0.05862355 -0.99826850 -0.00482268 1.00000000 / 0.76014710 0.24005130 / 0.0 0.0
				-0.08447265 0.04931641 0.71630860 / -0.97656250 0.14453130 -0.16796870 / 0.00000000 0.00000000 1.00000000 0.00000000 / 16 16 17 16 / 157 168 234 255 / -0.15504240 -0.98652840 0.05218921 1.00000000 / 0.74966430 0.29541020 / 0.0 0.0
				-0.08105468 0.05126953 0.75537110 / -0.90625000 0.18359380 0.37890620 / 0.00000000 0.00000000 1.00000000 0.00000000 / 16 16 17 16 / 167 77 249 255 / -0.25370320 -0.95660350 -0.14333260 1.00000000 / 0.73078920 0.18417360 / 0.0 0.0
				-0.08496094 0.03613281 0.72070310 / -0.98046870 -0.03906250 -0.18359380 / 0.00000000 0.00000000 1.00000000 0.00000000 / 16 16 17 16 / 157 133 233 255 / 0.03720807 -0.99921000 0.01395920 1.00000000 / 0.77359010 0.28593440 / 0.0 0.0
				-0.08105468 0.06005860 0.71142580 / -0.87890620 0.44140630 -0.18359380 / 0.00000000 0.00000000 1.00000000 0.00000000 / 16 16 17 16 / 158 198 236 255 / -0.44643470 -0.89470570 -0.01406668 1.00000000 / 0.73016350 0.30812070 / 0.0 0.0
				-0.08300782 0.03027344 0.71142580 / -0.95703130 -0.06250000 -0.28515620 / 0.00000000 0.00000000 1.00000000 0.00000000 / 16 16 17 16 / 156 152 231 255 / 0.06242240 -0.99800690 0.00924795 1.00000000 / 0.78698730 0.31604000 / 0.0 0.0
				-0.08300782 0.04248047 0.70800780 / -0.97265620 0.03515625 -0.23437500 / 0.00000000 0.00000000 1.00000000 0.00000000 / 16 16 17 16 / 156 181 231 255 / -0.05984897 -0.99326880 0.09917205 1.00000000 / 0.76469420 0.32609560 / 0.0 0.0
				-0.07373047 0.06738281 0.70410150 / -0.84765630 0.52343750 -0.08984375 / 0.00000000 0.00000000 1.00000000 0.00000000 / 16 20 17 16 / 160 209 239 255 / -0.51974770 -0.85213110 -0.06111369 1.00000000 / 0.71406550 0.33132930 / 0.0 0.0
				-0.06738281 0.07812500 0.70605470 / -0.89062500 0.44921870 0.05078125 / 0.00000000 0.10196080 0.89803920 0.00000000 / 16 20 17 16 / 164 213 243 255 / -0.44519630 -0.89190130 0.07944960 1.00000000 / 0.69007870 0.32699590 / 0.0 0.0
				-0.06396484 0.08203125 0.72656250 / -0.88281250 0.42968750 0.17968750 / 0.00000000 0.09803922 0.90196080 0.00000000 / 16 20 17 16 / 166 209 248 255 / -0.42714740 -0.90227130 0.05874974 1.00000000 / 0.67204290 0.27098080 / 0.0 0.0
				-0.06738281 0.08251953 0.69531250 / -0.96093750 0.25781250 0.11718750 / 0.00000000 0.03137255 0.96862750 0.00000000 / 16 20 17 16 / 164 214 243 255 / -0.22824310 -0.94917120 0.21674720 1.00000000 / 0.68827820 0.35241700 / 0.0 0.0
				-0.06591797 0.08398437 0.70507810 / -0.96093750 0.25390630 0.12109380 / 0.00000000 0.07843137 0.92156870 0.00000000 / 16 20 17 16 / 165 214 246 255 / -0.23068640 -0.95698230 0.17597930 1.00000000 / 0.68109130 0.32748410 / 0.0 0.0
				-0.06640625 0.08740234 0.69433600 / -0.93750000 0.34375000 0.03515625 / 0.00000000 0.03529412 0.96470590 0.00000000 / 16 20 17 16 / 163 213 242 255 / -0.33005820 -0.92126900 0.20573060 1.00000000 / 0.68069460 0.35057070 / 0.0 0.0
				-0.06250000 0.08886719 0.72216800 / -0.93750000 0.28906250 0.19531250 / 0.00000000 0.10588240 0.89411760 0.00000000 / 16 20 17 16 / 167 213 249 255 / -0.27247080 -0.95616450 0.10728090 1.00000000 / 0.66380310 0.28289800 / 0.0 0.0
				-0.06494140 0.08886719 0.70263670 / -0.96484370 0.24218750 0.10156250 / 0.00000000 0.09019608 0.90980400 0.00000000 / 16 20 17 16 / 165 214 245 255 / -0.22285670 -0.95967530 0.17134240 1.00000000 / 0.67445380 0.33049010 / 0.0 0.0
				-0.06201172 0.09472656 0.71728520 / -0.92578120 0.30468750 0.21875000 / 0.00000000 0.14117650 0.85882350 0.00000000 / 16 20 17 16 / 167 214 249 255 / -0.27063060 -0.94690050 0.17360450 1.00000000 / 0.65902710 0.29315190 / 0.0 0.0
				-0.06347657 0.09521484 0.70117190 / -0.96875000 0.24218750 0.06640625 / 0.00000000 0.09411765 0.90588230 0.00000000 / 16 20 17 16 / 162 208 240 255 / -0.22069300 -0.94692900 0.23370960 1.00000000 / 0.66539000 0.33090210 / 0.0 0.0
				-0.06396484 0.09228516 0.69384760 / -0.94140630 0.33593750 -0.05468750 / 0.00000000 0.02745098 0.97254900 0.00000000 / 16 20 17 16 / 160 206 237 255 / -0.33916480 -0.91498830 0.21854930 1.00000000 / 0.67196650 0.35075380 / 0.0 0.0
				-0.06201172 0.10058590 0.69970700 / -0.92968750 0.34765630 -0.10156250 / 0.00000000 0.10196080 0.89803920 0.00000000 / 16 20 17 16 / 157 176 234 255 / -0.36301880 -0.89048670 0.27431870 1.00000000 / 0.65664680 0.33102420 / 0.0 0.0
				-0.06250000 0.09570313 0.69287110 / -0.80859380 0.50390620 -0.29687500 / 0.00000000 0.01568628 0.98431370 0.00000000 / 16 20 17 16 / 156 176 231 255 / -0.56962970 -0.79752100 0.19870100 1.00000000 / 0.66632080 0.34989930 / 0.0 0.0
				-0.05859375 0.09814453 0.68798830 / -0.75390630 0.62109380 -0.21093750 / 0.00784314 0.05098039 0.94117650 0.00000000 / 20 19 17 16 / 155 111 230 255 / -0.64141840 -0.76634240 0.03607905 1.00000000 / 0.65641790 0.36233520 / 0.0 0.0
				-0.05908203 0.10009770 0.69238280 / -0.76953130 0.50390620 -0.39062500 / 0.00000000 0.05490196 0.94509810 0.00000000 / 16 20 17 16 / 150 110 224 255 / -0.56822070 -0.82062390 0.06084117 1.00000000 / 0.65635680 0.35017390 / 0.0 0.0
				-0.05957031 0.10449220 0.69775390 / -0.80078130 0.46093750 -0.38281250 / 0.00000000 0.14901960 0.85098040 0.00000000 / 16 20 17 16 / 150 110 224 255 / -0.56128070 -0.80047590 0.21024360 1.00000000 / 0.64971920 0.33399960 / 0.0 0.0
				-0.05664062 0.10742190 0.69531250 / -0.75000000 0.48828130 -0.44531250 / 0.00000000 0.15686280 0.84313730 0.00000000 / 16 20 17 16 / 143 42 213 255 / -0.62073990 -0.75237220 0.22049520 1.00000000 / 0.64466860 0.33752440 / 0.0 0.0
				-0.05664062 0.10400390 0.69189460 / -0.71875000 0.50000000 -0.48046870 / 0.00000000 0.06666667 0.93333340 0.00000000 / 16 20 17 16 / 144 42 215 255 / -0.60361230 -0.79352610 0.07725660 1.00000000 / 0.64968870 0.35063170 / 0.0 0.0
				-0.05566406 0.10205080 0.68847660 / -0.72656250 0.58593750 -0.36328130 / 0.01568628 0.01960784 0.96470590 0.00000000 / 19 20 17 16 / 150 42 222 255 / -0.62217360 -0.78267070 -0.01807504 1.00000000 / 0.65164190 0.36123660 / 0.0 0.0
				-0.05468750 0.10205080 0.68554690 / -0.73046870 0.68359370 0.03515625 / 0.00000000 0.12156860 0.87843140 0.00000000 / 20 19 17 16 / 157 42 234 255 / -0.68379330 -0.72840150 -0.04310408 1.00000000 / 0.64921570 0.37020870 / 0.0 0.0
				-0.05322266 0.10546870 0.68896480 / -0.69531250 0.53515630 -0.48046870 / 0.01568628 0.02352941 0.96078430 0.00000000 / 20 19 17 16 / 144 7 213 255 / -0.59252720 -0.80462330 -0.03863713 1.00000000 / 0.64450070 0.35993960 / 0.0 0.0
				-0.05371094 0.10400390 0.68212890 / -0.67187500 0.71875000 0.17578120 / 0.00000000 0.21960780 0.78039220 0.00000000 / 20 19 17 16 / 163 42 243 255 / -0.72890310 -0.68450140 0.01257092 1.00000000 / 0.64361570 0.38041690 / 0.0 0.0
				-0.05371094 0.10693360 0.69140620 / -0.69140620 0.48828130 -0.52734370 / 0.00000000 0.05882353 0.94117650 0.00000000 / 16 20 17 16 / 138 7 206 255 / -0.61703550 -0.78243820 0.08401066 1.00000000 / 0.64305120 0.35224910 / 0.0 0.0
				-0.05224610 0.10498050 0.68701170 / -0.72265620 0.65234380 -0.23046880 / 0.00000000 0.10588240 0.89411760 0.00000000 / 20 19 17 16 / 152 7 225 255 / -0.64088900 -0.75634390 -0.13116780 1.00000000 / 0.64457700 0.36663820 / 0.0 0.0
				-0.05371094 0.10986330 0.69335940 / -0.63671870 0.55859380 -0.53125000 / 0.00000000 0.12941180 0.87058820 0.00000000 / 16 20 17 16 / 136 7 201 255 / -0.67893420 -0.73293640 0.04303952 1.00000000 / 0.63923650 0.34303290 / 0.0 0.0
				-0.05175781 0.10742190 0.68945310 / -0.57421870 0.60156250 -0.55859380 / 0.01176471 0.01176471 0.97647060 0.00000000 / 20 19 17 16 / 140 0 209 255 / -0.67889480 -0.72907830 -0.08687155 1.00000000 / 0.64202880 0.35925290 / 0.0 0.0
				-0.05175781 0.10839840 0.69042970 / -0.47265620 0.61328130 -0.63281250 / 0.00000000 0.03529412 0.96470590 0.00000000 / 19 20 17 16 / 134 0 200 255 / -0.69613940 -0.70016760 -0.15860320 1.00000000 / 0.64006040 0.35449220 / 0.0 0.0
				-0.04931641 0.11376950 0.69482420 / -0.19921870 0.65625000 -0.72656250 / 0.00784314 0.14117650 0.85098040 0.00000000 / 23 20 17 16 / 126 0 186 255 / -0.81092670 -0.52716970 -0.25394840 1.00000000 / 0.62800600 0.34049990 / 0.0 0.0
				-0.05078125 0.11083980 0.69238280 / -0.36718750 0.68359370 -0.62890620 / 0.00000000 0.08235295 0.91764700 0.00000000 / 23 20 17 16 / 131 0 194 255 / -0.70588140 -0.64607050 -0.29038650 1.00000000 / 0.63494870 0.34840390 / 0.0 0.0
				-0.04931641 0.11132810 0.69287110 / 0.01562500 0.69140620 -0.72265620 / 0.00784314 0.04313726 0.94901960 0.00000000 / 23 20 17 16 / 131 0 195 255 / -0.82421100 -0.40011740 -0.40072720 1.00000000 / 0.63296510 0.35150150 / 0.0 0.0
				-0.05029297 0.10937500 0.69091800 / -0.25000000 0.72265620 -0.64453120 / 0.00000000 0.02352941 0.97647060 0.00000000 / 16 20 17 16 / 134 0 198 255 / -0.85176610 -0.48063390 -0.20853180 1.00000000 / 0.63737490 0.35638430 / 0.0 0.0
				-0.04736328 0.11376950 0.69531250 / 0.31640630 0.48828130 -0.81250000 / 0.02352941 0.07058824 0.90588230 0.00000000 / 23 20 17 16 / 128 0 191 255 / -0.82142740 -0.28754640 -0.49251810 1.00000000 / 0.62463380 0.34327700 / 0.0 0.0
				-0.04833984 0.11132810 0.69238280 / -0.22656250 0.80468750 -0.55078120 / 0.01568628 0.01960784 0.96470590 0.00000000 / 23 20 17 16 / 138 0 204 255 / -0.85943590 -0.43054360 -0.27568470 1.00000000 / 0.63296510 0.35319520 / 0.0 0.0
				-0.04980469 0.10937500 0.69042970 / -0.46484380 0.74218750 -0.48046870 / 0.00000000 0.00784314 0.99215690 0.00000000 / 19 20 17 16 / 139 0 207 255 / -0.76964580 -0.60801070 -0.19485480 1.00000000 / 0.63743590 0.35729980 / 0.0 0.0
				-0.04394531 0.11572270 0.69824220 / 0.36328130 0.15234370 -0.91796870 / 0.03137255 0.09803922 0.87058820 0.00000000 / 23 20 17 16 / 125 0 185 255 / -0.87537620 -0.28124850 -0.39321210 1.00000000 / 0.61518860 0.33869930 / 0.0 0.0
				-0.04638672 0.11376950 0.69531250 / -0.35546870 0.85546880 -0.37890620 / 0.03529412 0.05490196 0.90980400 0.00000000 / 20 23 17 16 / 139 0 206 255 / -0.70824010 -0.51035890 -0.48778050 1.00000000 / 0.62431340 0.34800720 / 0.0 0.0
				-0.03857422 0.11767580 0.70019530 / 0.15234370 -0.02734375 -0.98828130 / 0.02745098 0.06274510 0.90980400 0.00000000 / 23 20 17 16 / 121 0 180 255 / -0.96122470 -0.23663190 -0.14160680 1.00000000 / 0.60185240 0.33515930 / 0.0 0.0
				-0.04345703 0.11572270 0.69726560 / -0.40625000 0.91015630 -0.08593750 / 0.05490196 0.08627451 0.85882350 0.00000000 / 20 23 17 16 / 141 0 209 255 / -0.86451230 -0.41292150 -0.28655620 1.00000000 / 0.61424260 0.34405520 / 0.0 0.0
				-0.04785156 0.11132810 0.69238280 / -0.40625000 0.80468750 -0.42968750 / 0.00784314 0.02352941 0.96862750 0.00000000 / 20 23 17 16 / 143 0 212 255 / -0.75110450 -0.56311980 -0.34458380 1.00000000 / 0.63291930 0.35456850 / 0.0 0.0
				-0.03271484 0.11914060 0.70019530 / -0.19921870 0.03906250 -0.98046870 / 0.02745098 0.05882353 0.91372550 0.00000000 / 23 20 17 16 / 120 0 177 255 / -0.97221870 -0.13326390 0.19243590 1.00000000 / 0.58827210 0.33445740 / 0.0 0.0
				-0.03857422 0.11767580 0.69921880 / -0.29687500 0.95312500 0.01171875 / 0.03137255 0.10196080 0.86666670 0.00000000 / 20 23 17 16 / 141 0 210 255 / -0.94719790 -0.29342310 -0.12930270 1.00000000 / 0.60095220 0.34091190 / 0.0 0.0
				-0.02587891 0.11816410 0.69873050 / -0.44921870 0.16015630 -0.87890620 / 0.01568628 0.03137255 0.95294120 0.00000000 / 23 20 17 16 / 118 0 176 255 / -0.89297480 -0.11137590 0.43610950 1.00000000 / 0.57331850 0.33744810 / 0.0 0.0
				-0.03271484 0.11914060 0.69970700 / -0.00781250 1.00000000 0.00000000 / 0.03529412 0.09411765 0.87058820 0.00000000 / 20 23 17 16 / 139 0 206 255 / -0.99400790 -0.00776445 0.10903330 1.00000000 / 0.58786010 0.33946230 / 0.0 0.0
				-0.04345703 0.11572270 0.69677740 / -0.39453130 0.91406250 -0.09765625 / 0.04313726 0.16470590 0.79215690 0.00000000 / 20 23 17 16 / 148 0 219 255 / -0.86822110 -0.40532170 -0.28619320 1.00000000 / 0.61437990 0.34696960 / 0.0 0.0
				-0.02099609 0.11718750 0.69482420 / -0.56640620 0.25390630 -0.78515620 / 0.00000000 0.00392157 0.99607840 0.00000000 / 20 23 17 16 / 119 0 176 255 / -0.78703230 -0.44941830 0.42261470 1.00000000 / 0.56420900 0.34349060 / 0.0 0.0
				-0.03808594 0.11767580 0.69873050 / -0.28125000 0.95703130 -0.08593750 / 0.01960784 0.20784310 0.77254900 0.00000000 / 20 23 17 16 / 149 0 222 255 / -0.95772020 -0.28498360 -0.03945271 1.00000000 / 0.60046380 0.34355170 / 0.0 0.0
				-0.04638672 0.11376950 0.69482420 / -0.46484380 0.83203120 -0.30468750 / 0.01960784 0.10196080 0.87843140 0.00000000 / 20 23 17 16 / 144 0 215 255 / -0.73606000 -0.55373560 -0.38934890 1.00000000 / 0.62414550 0.35037230 / 0.0 0.0
				-0.02587891 0.11767580 0.69775390 / 0.04296875 0.95312500 -0.29687500 / 0.01176471 0.07058824 0.91764700 0.00000000 / 20 23 17 16 / 130 0 194 255 / -0.95067980 0.13047030 0.28139930 1.00000000 / 0.57406620 0.34089660 / 0.0 0.0
				-0.03271484 0.11914060 0.69873050 / -0.00390625 0.99218750 -0.12890630 / 0.03137255 0.19607840 0.77254900 0.00000000 / 20 23 17 16 / 145 0 216 255 / -0.98763700 0.01639698 0.15589840 1.00000000 / 0.58802800 0.34176640 / 0.0 0.0
				-0.02148437 0.11621090 0.69433600 / -0.17187500 0.67578120 -0.71484380 / 0.00000000 0.01960784 0.98039220 0.00000000 / 16 23 17 16 / 120 0 179 255 / -0.98385920 -0.08318849 0.15843250 1.00000000 / 0.56613160 0.34445190 / 0.0 0.0
				-0.04345703 0.11572270 0.69628900 / -0.28515620 0.87109370 -0.39843750 / 0.02745098 0.28627450 0.68627450 0.00000000 / 20 23 17 16 / 140 0 207 255 / -0.89162530 -0.39394850 -0.22317890 1.00000000 / 0.61453240 0.34989930 / 0.0 0.0
				-0.02587891 0.11767580 0.69726560 / 0.13281250 0.93359370 -0.33203120 / 0.00784314 0.14509800 0.84705880 0.00000000 / 20 23 17 16 / 132 0 197 255 / -0.92988960 0.23338920 0.28431440 1.00000000 / 0.57485960 0.34243770 / 0.0 0.0
				-0.03808594 0.11767580 0.69775390 / -0.20312500 0.88281250 -0.42187500 / 0.00784314 0.37254900 0.61960790 0.00000000 / 20 23 17 16 / 139 0 206 255 / -0.97672240 -0.21311030 0.02444289 1.00000000 / 0.59996030 0.34619140 / 0.0 0.0
				-0.03222656 0.11914060 0.69775390 / -0.03906250 0.84375000 -0.53515630 / 0.01568628 0.35686280 0.62745100 0.00000000 / 20 23 17 16 / 133 0 198 255 / -0.99135390 0.03441203 0.12662270 1.00000000 / 0.58819580 0.34407040 / 0.0 0.0
				-0.02197266 0.11572270 0.69433600 / -0.13671870 0.60937500 -0.78125000 / 0.00000000 0.05490196 0.94509810 0.00000000 / 16 23 17 16 / 117 0 174 255 / -0.98932630 -0.04355580 0.13905560 1.00000000 / 0.56700130 0.34501650 / 0.0 0.0
				-0.02636719 0.11767580 0.69628900 / -0.01171875 0.71875000 -0.69531250 / 0.00000000 0.27058820 0.72941180 0.00000000 / 20 23 17 16 / 122 0 180 255 / -0.91078810 0.27929770 0.30406900 1.00000000 / 0.57566830 0.34396360 / 0.0 0.0
				-0.03759766 0.11718750 0.69677740 / -0.08203125 0.65234380 -0.75390630 / 0.00000000 0.33725490 0.66274510 0.00000000 / 20 17 23 16 / 119 0 177 255 / -0.98874120 -0.14820630 -0.02063594 1.00000000 / 0.59913630 0.34991460 / 0.0 0.0
				-0.02001953 0.11474610 0.69335940 / -0.45703120 0.27343750 -0.84765630 / 0.00000000 0.00000000 1.00000000 0.00000000 / 16 23 17 16 / 123 0 182 255 / -0.78631860 -0.56900710 0.24069510 1.00000000 / 0.56571960 0.34741210 / 0.0 0.0
				-0.03222656 0.11816410 0.69726560 / -0.04296875 0.57812500 -0.81250000 / 0.00000000 0.35686280 0.64313730 0.00000000 / 20 17 23 16 / 114 0 168 255 / -0.98053420 0.13171430 0.14561640 1.00000000 / 0.58935550 0.34829710 / 0.0 0.0
				-0.01904297 0.11621090 0.69287110 / -0.67968750 0.07421875 -0.73046870 / 0.00000000 0.00000000 1.00000000 0.00000000 / 16 23 17 16 / 126 0 188 255 / -0.57666090 -0.66925860 0.46856690 1.00000000 / 0.56234740 0.34719850 / 0.0 0.0
				-0.01806641 0.11523440 0.69189460 / -0.80078130 0.25390630 -0.53906250 / 0.00000000 0.00000000 1.00000000 0.00000000 / 23 19 17 16 / 143 0 213 255 / -0.52391950 -0.73353290 0.43294120 1.00000000 / 0.56167600 0.35035700 / 0.0 0.0
				-0.01904297 0.11376950 0.69287110 / -0.74218750 0.46875000 -0.48046870 / 0.00000000 0.00000000 1.00000000 0.00000000 / 16 23 17 16 / 139 0 207 255 / -0.65428370 -0.66167730 0.36619110 1.00000000 / 0.56504820 0.35020450 / 0.0 0.0
				-0.01806641 0.11474610 0.69042970 / -0.64062500 0.74609370 0.17968750 / 0.00000000 0.01568628 0.98431370 0.00000000 / 16 19 17 16 / 160 0 239 255 / -0.64993070 -0.65203360 0.39043880 1.00000000 / 0.56201170 0.35408020 / 0.0 0.0
				-0.01708984 0.11669920 0.68798830 / -0.78125000 0.57031250 0.25390630 / 0.00000000 0.05098039 0.94901960 0.00000000 / 16 19 17 16 / 164 0 245 255 / -0.46491970 -0.80294470 0.37300090 1.00000000 / 0.55821230 0.35723880 / 0.0 0.0
				-0.02050781 0.11425780 0.69335940 / -0.27343750 0.32031250 -0.90625000 / 0.00000000 0.00000000 1.00000000 0.00000000 / 16 23 17 16 / 117 0 174 255 / -0.94550120 -0.26271000 0.19238260 1.00000000 / 0.56629940 0.34767150 / 0.0 0.0
				-0.01660156 0.11962890 0.68554690 / -0.76953130 0.46484380 0.43750000 / 0.00000000 0.07450981 0.92549020 0.00000000 / 16 19 17 16 / 169 0 252 255 / -0.38775250 -0.88487060 0.25817070 1.00000000 / 0.55441280 0.36109920 / 0.0 0.0
				-0.02197266 0.11523440 0.69433600 / -0.18750000 0.45312500 -0.87109370 / 0.00000000 0.14901960 0.85098040 0.00000000 / 16 23 17 16 / 109 0 162 255 / -0.93681290 0.18411650 0.29746040 1.00000000 / 0.56788630 0.34558100 / 0.0 0.0
				-0.01953125 0.11865230 0.68310550 / -0.51953120 0.57031250 0.63671870 / 0.00000000 0.13725490 0.86274510 0.00000000 / 16 19 17 16 / 173 0 255 255 / -0.62845870 -0.75959040 0.16751790 1.00000000 / 0.56250000 0.36962890 / 0.0 0.0
				-0.02685547 0.11669920 0.69580080 / -0.13281250 0.44921870 -0.88281250 / 0.00000000 0.45882350 0.54117650 0.00000000 / 16 23 17 16 / 107 0 158 255 / -0.88616850 0.34528380 0.30900560 1.00000000 / 0.57798770 0.34727480 / 0.0 0.0
				-0.01953125 0.11669920 0.68505860 / -0.42187500 0.74609370 0.51171880 / 0.00000000 0.10980390 0.89019610 0.00000000 / 16 19 17 16 / 171 0 255 255 / -0.70434950 -0.62663120 0.33350430 1.00000000 / 0.56427000 0.36621090 / 0.0 0.0
				-0.03222656 0.11767580 0.69677740 / -0.06640625 0.26953130 -0.96093750 / 0.00000000 0.35686280 0.64313730 0.00000000 / 20 17 23 16 / 96 0 144 255 / -0.98612300 0.12910970 0.10436550 1.00000000 / 0.58984370 0.34977720 / 0.0 0.0
				-0.02001953 0.11572270 0.68701170 / -0.18750000 0.91406250 0.35937500 / 0.00000000 0.08235295 0.91764700 0.00000000 / 16 19 17 16 / 169 0 251 255 / -0.87492420 -0.32176180 0.36190730 1.00000000 / 0.56494140 0.36291500 / 0.0 0.0
				-0.03759766 0.11669920 0.69677740 / 0.07421875 0.40234370 -0.91406250 / 0.00000000 0.33725490 0.66274510 0.00000000 / 20 17 23 16 / 100 0 150 255 / -0.99555370 -0.02365551 -0.09117730 1.00000000 / 0.59875490 0.35095220 / 0.0 0.0
				-0.02050781 0.11474610 0.68896480 / -0.04296875 0.92968750 0.35937500 / 0.00000000 0.07843137 0.92156870 0.00000000 / 16 19 17 16 / 167 0 249 255 / -0.86905320 -0.21284710 0.44659000 1.00000000 / 0.56645200 0.35888670 / 0.0 0.0
				-0.04248047 0.11523440 0.69531250 / -0.08984375 0.73437500 -0.67187500 / 0.00784314 0.49411760 0.49803920 0.00000000 / 20 23 17 16 / 124 0 183 255 / -0.97793660 -0.19285210 -0.08029938 1.00000000 / 0.61412050 0.35304260 / 0.0 0.0
				-0.01953125 0.11376950 0.69189460 / -0.26171870 0.91015630 0.32031250 / 0.00000000 0.00392157 0.99607840 0.00000000 / 16 19 17 16 / 158 0 234 255 / -0.85806790 -0.37151000 0.35454140 1.00000000 / 0.56488040 0.35247800 / 0.0 0.0
				-0.04492187 0.11376950 0.69384760 / -0.18359380 0.72656250 -0.66015630 / 0.00392157 0.25490200 0.74117650 0.00000000 / 20 23 17 16 / 130 0 194 255 / -0.90343000 -0.38986250 -0.17838600 1.00000000 / 0.62306210 0.35568240 / 0.0 0.0
				-0.02001953 0.11376950 0.69287110 / -0.55859380 0.67578120 -0.48046870 / 0.00000000 0.00000000 1.00000000 0.00000000 / 16 23 17 16 / 135 0 201 255 / -0.82922220 -0.46633320 0.30809760 1.00000000 / 0.56611630 0.34997560 / 0.0 0.0
				-0.04589844 0.11376950 0.69433600 / -0.20703130 0.77343750 -0.59765620 / 0.01176471 0.16470590 0.82352940 0.00000000 / 20 23 17 16 / 140 0 209 255 / -0.70420900 -0.54253220 -0.45798290 1.00000000 / 0.62399290 0.35273740 / 0.0 0.0
				-0.04199219 0.11474610 0.69531250 / 0.13671870 0.43359380 -0.89062500 / 0.00000000 0.49803920 0.50196080 0.00000000 / 20 23 17 16 / 109 0 162 255 / -0.98771390 -0.00902462 -0.15601260 1.00000000 / 0.61343380 0.35348510 / 0.0 0.0
				-0.04736328 0.11132810 0.69189460 / -0.22656250 0.85546880 -0.46875000 / 0.00392157 0.03137255 0.96470590 0.00000000 / 20 23 17 16 / 146 0 216 255 / -0.84548740 -0.41055360 -0.34146260 1.00000000 / 0.63288880 0.35594180 / 0.0 0.0
				-0.04589844 0.11181640 0.69238280 / -0.01562500 0.78906250 -0.61328130 / 0.00000000 0.09019608 0.90980400 0.00000000 / 20 23 17 16 / 141 1 210 255 / -0.84789770 -0.33552820 -0.41047560 1.00000000 / 0.62767030 0.35810850 / 0.0 0.0
				-0.04394531 0.11376950 0.69384760 / 0.21484370 0.48828130 -0.84765630 / 0.00000000 0.25882350 0.74117650 0.00000000 / 20 23 17 16 / 123 0 182 255 / -0.97142760 0.01650616 -0.23676180 1.00000000 / 0.62153630 0.35604860 / 0.0 0.0
				-0.03710938 0.11621090 0.69677740 / 0.18750000 0.01171875 -0.98046870 / 0.00000000 0.33725490 0.66274510 0.00000000 / 20 17 23 16 / 90 0 134 255 / -0.95875570 0.21949770 -0.18057730 1.00000000 / 0.59857180 0.35157770 / 0.0 0.0
				-0.04199219 0.11474610 0.69482420 / 0.41406250 -0.05078125 -0.91015630 / 0.00000000 0.49803920 0.50196080 0.00000000 / 20 23 17 16 / 102 0 152 255 / -0.57065050 0.76360420 -0.30210380 1.00000000 / 0.61256410 0.35398870 / 0.0 0.0
				-0.04394531 0.11328120 0.69384760 / 0.67187500 -0.00390625 -0.74218750 / 0.00000000 0.25490200 0.74509810 0.00000000 / 20 23 17 16 / 122 0 180 255 / -0.18537940 0.96743860 -0.17232800 1.00000000 / 0.62066650 0.35641480 / 0.0 0.0
				-0.03222656 0.11718750 0.69677740 / -0.05078125 -0.06640625 -0.99609380 / 0.00000000 0.35686280 0.64313730 0.00000000 / 20 17 23 16 / 87 0 131 255 / -0.94710680 0.31977920 0.02701711 1.00000000 / 0.59013370 0.35047910 / 0.0 0.0
				-0.04541016 0.11132810 0.69238280 / 0.92187500 0.16796870 -0.34765630 / 0.00000000 0.04313726 0.95686280 0.00000000 / 20 23 17 16 / 145 0 216 255 / -0.26699650 0.92805770 -0.25965700 1.00000000 / 0.62525940 0.35835270 / 0.0 0.0
				-0.04443359 0.11181640 0.69384760 / 0.53906250 0.07421875 -0.83984370 / 0.00000000 0.08235295 0.91764700 0.00000000 / 20 23 17 16 / 123 0 183 255 / -0.36657340 0.91760110 -0.15372820 1.00000000 / 0.61979680 0.35678100 / 0.0 0.0
				-0.04199219 0.11328120 0.69531250 / 0.32812500 0.07421875 -0.94140630 / 0.00000000 0.16078430 0.83921570 0.00000000 / 20 23 17 16 / 103 0 153 255 / -0.78981970 0.56834940 -0.23057210 1.00000000 / 0.61169430 0.35449220 / 0.0 0.0
				-0.04541016 0.10986330 0.69238280 / 0.78125000 0.19921870 -0.58984370 / 0.00000000 0.00392157 0.99607840 0.00000000 / 20 23 17 16 / 147 1 219 255 / -0.37013260 0.91075380 -0.18311010 1.00000000 / 0.62318420 0.35888670 / 0.0 0.0
				-0.04394531 0.11083980 0.69384760 / 0.43359380 0.26171870 -0.86328130 / 0.00000000 0.00784314 0.99215690 0.00000000 / 20 23 17 16 / 128 0 191 255 / -0.85237060 0.42980570 -0.29787800 1.00000000 / 0.61807250 0.35749820 / 0.0 0.0
				-0.04443359 0.10839840 0.69238280 / 0.78515620 0.42187500 -0.45312500 / 0.00000000 0.00000000 1.00000000 0.00000000 / 16 20 17 16 / 146 1 218 255 / -0.54140510 0.82300930 -0.17186100 1.00000000 / 0.62098690 0.35925290 / 0.0 0.0
				-0.04150391 0.11230470 0.69482420 / 0.23828120 0.23046880 -0.94531250 / 0.00000000 0.01960784 0.98039220 0.00000000 / 20 23 17 16 / 114 0 170 255 / -0.89607470 0.42666180 -0.12251500 1.00000000 / 0.60993960 0.35549930 / 0.0 0.0
				-0.04492187 0.10986330 0.69189460 / 0.73437500 0.23437500 0.64062500 / 0.00000000 0.00000000 1.00000000 0.00000000 / 20 23 17 16 / 165 0 245 255 / -0.23772280 0.96788120 -0.08181569 1.00000000 / 0.62338250 0.35981750 / 0.0 0.0
				-0.04394531 0.10791020 0.69238280 / 0.83203120 0.44140630 0.33203120 / 0.00000000 0.00000000 1.00000000 0.00000000 / 16 20 17 16 / 159 0 237 255 / -0.45040040 0.89104390 -0.05639309 1.00000000 / 0.61993410 0.35952760 / 0.0 0.0
				-0.04248047 0.10595700 0.69042970 / 0.58984370 0.17968750 0.78515620 / 0.00000000 0.00000000 1.00000000 0.00000000 / 16 20 17 16 / 166 0 248 255 / -0.47797620 0.86340460 0.16146580 1.00000000 / 0.61592100 0.36058040 / 0.0 0.0
				-0.04492187 0.11132810 0.69189460 / 0.59375000 0.29687500 0.74609370 / 0.00000000 0.00000000 1.00000000 0.00000000 / 19 23 17 20 / 164 1 245 255 / -0.28585740 0.94657950 -0.14924130 1.00000000 / 0.62580870 0.35960390 / 0.0 0.0
				-0.04296875 0.10986330 0.69042970 / 0.46093750 0.08203125 0.88281250 / 0.00000000 0.00000000 1.00000000 0.00000000 / 20 19 17 16 / 174 0 255 255 / -0.37941230 0.91831800 0.11286400 1.00000000 / 0.61903380 0.36161800 / 0.0 0.0
				-0.03955078 0.10546870 0.68896480 / 0.21484370 0.05078125 0.97656250 / 0.00000000 0.00000000 1.00000000 0.00000000 / 16 16 17 16 / 169 0 252 255 / -0.88758480 0.42695680 0.17291930 1.00000000 / 0.60884100 0.36158750 / 0.0 0.0
				-0.04541016 0.11181640 0.69140620 / -0.22265630 0.96484370 0.13671870 / 0.00000000 0.00784314 0.99215690 0.00000000 / 19 23 17 20 / 160 0 237 255 / -0.78652440 -0.09495299 -0.61021580 1.00000000 / 0.62854000 0.35946660 / 0.0 0.0
				-0.03955078 0.11035160 0.68896480 / 0.12890630 0.01171875 0.99218750 / 0.00000000 0.00000000 1.00000000 0.00000000 / 16 19 17 16 / 177 0 255 255 / -0.97630790 0.17684270 0.12469790 1.00000000 / 0.60903930 0.36373900 / 0.0 0.0
				-0.03369141 0.10791020 0.68896480 / -0.12890630 0.02734375 0.99218750 / 0.00000000 0.00000000 1.00000000 0.00000000 / 16 16 17 16 / 171 0 254 255 / -0.69846810 -0.71210210 -0.07108346 1.00000000 / 0.59480290 0.36074830 / 0.0 0.0
				-0.04296875 0.11181640 0.69042970 / 0.37109380 0.12500000 0.92187500 / 0.00000000 0.00000000 1.00000000 0.00000000 / 20 19 17 16 / 174 0 255 255 / -0.64564480 0.74700260 0.15852380 1.00000000 / 0.62083440 0.36236570 / 0.0 0.0
				-0.04345703 0.11230470 0.68994140 / -0.09375000 0.79687500 0.59765620 / 0.00000000 0.00392157 0.99607840 0.00000000 / 20 19 17 16 / 170 0 252 255 / -0.99383220 -0.03916365 -0.10374840 1.00000000 / 0.62260440 0.36329650 / 0.0 0.0
				-0.03906250 0.11328120 0.68896480 / 0.07031250 0.10937500 0.99218750 / 0.00000000 0.00000000 1.00000000 0.00000000 / 16 19 17 16 / 178 0 255 255 / -0.99404960 -0.07528114 0.07872706 1.00000000 / 0.60960390 0.36456300 / 0.0 0.0
				-0.03369141 0.11230470 0.68896480 / -0.10546870 -0.00390625 0.99609380 / 0.00000000 0.00000000 1.00000000 0.00000000 / 16 19 17 16 / 178 0 255 255 / -0.71633530 -0.69332190 -0.07853840 1.00000000 / 0.59410100 0.36291500 / 0.0 0.0
				-0.02832031 0.11279300 0.69042970 / -0.28906250 0.05468750 0.95703130 / 0.00000000 0.00000000 1.00000000 0.00000000 / 16 16 17 16 / 178 0 255 255 / -0.48007190 -0.87203630 -0.09530810 1.00000000 / 0.58360290 0.35969540 / 0.0 0.0
				-0.02783203 0.10937500 0.69091800 / -0.34765630 0.07812500 0.93359370 / 0.00000000 0.00000000 1.00000000 0.00000000 / 16 16 17 16 / 171 0 255 255 / -0.44814310 -0.88916610 -0.09247374 1.00000000 / 0.58551030 0.35797120 / 0.0 0.0
				-0.02539063 0.10986330 0.69189460 / -0.37500000 0.14453130 0.91796870 / 0.00000000 0.00000000 1.00000000 0.00000000 / 16 16 17 16 / 171 0 255 255 / -0.48762110 -0.87084420 -0.06209861 1.00000000 / 0.58064270 0.35551450 / 0.0 0.0
				-0.03369141 0.11474610 0.68896480 / -0.14453130 0.13671870 0.98046870 / 0.00000000 0.00000000 1.00000000 0.00000000 / 16 19 17 16 / 179 0 255 255 / -0.78543200 -0.61823980 -0.02959884 1.00000000 / 0.59375000 0.36399840 / 0.0 0.0
				-0.03955078 0.11425780 0.68847660 / -0.14062500 0.69140620 0.71093750 / 0.00000000 0.00000000 1.00000000 0.00000000 / 16 19 17 16 / 173 0 255 255 / -0.96896880 -0.24309780 0.04475333 1.00000000 / 0.61018370 0.36569210 / 0.0 0.0
				-0.02832031 0.11474610 0.68994140 / -0.26562500 0.18750000 0.94531250 / 0.00000000 0.00000000 1.00000000 0.00000000 / 16 16 17 16 / 179 0 255 255 / -0.64173840 -0.76639980 -0.02833971 1.00000000 / 0.58264160 0.36054990 / 0.0 0.0
				-0.02539063 0.11279300 0.69140620 / -0.33984380 0.12500000 0.93359370 / 0.00000000 0.00000000 1.00000000 0.00000000 / 16 16 17 16 / 178 0 255 255 / -0.50896540 -0.85790620 -0.07036362 1.00000000 / 0.57843020 0.35681150 / 0.0 0.0
				-0.02343750 0.11181640 0.69238280 / -0.33984380 0.15625000 0.92968750 / 0.00000000 0.00000000 1.00000000 0.00000000 / 16 16 17 16 / 175 0 255 255 / -0.53829630 -0.84093140 -0.05542188 1.00000000 / 0.57661440 0.35530090 / 0.0 0.0
				-0.02392578 0.10986330 0.69287110 / -0.35156250 0.19531250 0.91406250 / 0.00000000 0.00000000 1.00000000 0.00000000 / 16 16 17 16 / 169 0 252 255 / -0.64955960 -0.75520290 -0.08798404 1.00000000 / 0.57968140 0.35484320 / 0.0 0.0
				-0.02294922 0.10986330 0.69287110 / -0.43750000 0.30468750 0.84375000 / 0.00000000 0.00000000 1.00000000 0.00000000 / 16 16 17 16 / 161 1 240 255 / -0.49599870 -0.86649600 0.05630156 1.00000000 / 0.57933050 0.35459900 / 0.0 0.0
				-0.02539063 0.11425780 0.69140620 / -0.29296880 0.23046880 0.92968750 / 0.00000000 0.00000000 1.00000000 0.00000000 / 16 16 17 16 / 178 0 255 255 / -0.67456740 -0.73762020 -0.02958171 1.00000000 / 0.57652280 0.35751340 / 0.0 0.0
				-0.03369141 0.11572270 0.68847660 / -0.17968750 0.71093750 0.67968750 / 0.00000000 0.00000000 1.00000000 0.00000000 / 16 19 17 16 / 174 0 255 255 / -0.95351760 -0.29583270 0.05733147 1.00000000 / 0.59419250 0.36529540 / 0.0 0.0
				-0.02197266 0.11132810 0.69287110 / -0.53125000 0.23828120 0.81250000 / 0.00000000 0.00000000 1.00000000 0.00000000 / 16 16 17 16 / 163 1 243 255 / -0.19495010 -0.96825040 0.15647900 1.00000000 / 0.57589720 0.35415650 / 0.0 0.0
				-0.02246094 0.10986330 0.69384760 / -0.84375000 0.51953120 0.13671870 / 0.00000000 0.00000000 1.00000000 0.00000000 / 16 16 17 16 / 144 1 213 255 / -0.47353860 -0.83935460 0.26691780 1.00000000 / 0.57899480 0.35336300 / 0.0 0.0
				-0.02343750 0.11328120 0.69238280 / -0.28906250 0.24218750 0.92578120 / 0.00000000 0.00000000 1.00000000 0.00000000 / 16 19 17 16 / 175 0 255 255 / -0.44917860 -0.88866230 0.09229211 1.00000000 / 0.57441710 0.35565180 / 0.0 0.0
				-0.02148437 0.11132810 0.69335940 / -0.82812500 0.17187500 -0.53515630 / 0.00000000 0.00000000 1.00000000 0.00000000 / 16 16 17 16 / 140 3 209 255 / -0.34634800 -0.90553850 0.24503690 1.00000000 / 0.57521060 0.35292050 / 0.0 0.0
				-0.02294922 0.10986330 0.69384760 / -0.32812500 0.06250000 -0.94140630 / 0.00000000 0.00000000 1.00000000 0.00000000 / 16 16 17 16 / 125 0 186 255 / -0.60456170 -0.78055920 0.15884770 1.00000000 / 0.57983400 0.35272220 / 0.0 0.0
				-0.02197266 0.11230470 0.69287110 / -0.53515630 0.26562500 0.80078130 / 0.00000000 0.00000000 1.00000000 0.00000000 / 16 16 17 16 / 161 0 240 255 / 0.05183346 -0.93700130 0.34545900 1.00000000 / 0.57305910 0.35362240 / 0.0 0.0
				-0.02246094 0.11181640 0.69384760 / -0.35156250 0.00390625 -0.93750000 / 0.00000000 0.00000000 1.00000000 0.00000000 / 16 16 17 16 / 116 1 173 255 / -0.53482210 -0.82159160 0.19736360 1.00000000 / 0.57612610 0.35200500 / 0.0 0.0
				-0.02343750 0.10986330 0.69384760 / -0.44531250 0.06250000 -0.89453130 / 0.00000000 0.00000000 1.00000000 0.00000000 / 16 16 17 16 / 114 0 170 255 / -0.82519720 -0.41601490 0.38207500 1.00000000 / 0.58035280 0.35231020 / 0.0 0.0
				-0.02148437 0.11279300 0.69335940 / -0.65625000 0.07421875 -0.75000000 / 0.00000000 0.00000000 1.00000000 0.00000000 / 16 23 17 16 / 135 0 200 255 / -0.37482380 -0.89560130 0.23959460 1.00000000 / 0.57273860 0.35227970 / 0.0 0.0
				-0.02148437 0.11279300 0.69287110 / -0.16796870 0.69921880 0.69140620 / 0.00000000 0.00000000 1.00000000 0.00000000 / 16 16 17 16 / 158 0 236 255 / -0.42567320 -0.68565530 0.59049050 1.00000000 / 0.57009890 0.35249330 / 0.0 0.0
				-0.02246094 0.11328120 0.69384760 / -0.38281250 -0.05078125 -0.92187500 / 0.00000000 0.00000000 1.00000000 0.00000000 / 16 23 17 16 / 110 0 164 255 / -0.74176740 -0.57831650 0.33960450 1.00000000 / 0.57424930 0.35104370 / 0.0 0.0
				-0.02294922 0.11376950 0.69189460 / 0.12109380 0.76171880 0.63671870 / 0.00000000 0.00392157 0.99607840 0.00000000 / 16 19 17 16 / 173 0 255 255 / -0.78054300 -0.32314310 0.53509930 1.00000000 / 0.57212830 0.35566710 / 0.0 0.0
				-0.02294922 0.11181640 0.69384760 / -0.46484380 0.01171875 -0.88671870 / 0.00000000 0.00000000 1.00000000 0.00000000 / 16 23 17 16 / 102 0 152 255 / -0.87824270 -0.13415250 0.45901290 1.00000000 / 0.57725520 0.35153200 / 0.0 0.0
				-0.02685547 0.11230470 0.69580080 / -0.33984380 0.03515625 -0.94140630 / 0.00000000 0.45882350 0.54117650 0.00000000 / 16 23 17 16 / 108 0 161 255 / -0.89052950 0.30999920 0.33295270 1.00000000 / 0.58290100 0.35173030 / 0.0 0.0
				-0.02343750 0.11376950 0.69384760 / -0.48828130 -0.12500000 -0.86328130 / 0.00000000 0.01568628 0.98431370 0.00000000 / 16 23 17 16 / 97 0 144 255 / -0.86657660 0.18594450 0.46310860 1.00000000 / 0.57597350 0.35092160 / 0.0 0.0
				-0.02685547 0.11425780 0.69580080 / -0.29296880 -0.02734375 -0.95703130 / 0.00000000 0.45882350 0.54117650 0.00000000 / 16 23 17 16 / 94 0 141 255 / -0.92524000 0.26063470 0.27568200 1.00000000 / 0.58248900 0.35063170 / 0.0 0.0
				-0.03173828 0.11376950 0.69677740 / -0.03906250 0.10937500 -0.99218750 / 0.00000000 0.00000000 1.00000000 0.00000000 / 16 23 17 16 / 104 0 156 255 / -0.95886290 0.27556610 0.06815599 1.00000000 / 0.59054560 0.35255430 / 0.0 0.0
				-0.02685547 0.11523440 0.69580080 / -0.32421880 -0.15625000 -0.93359370 / 0.00000000 0.21960780 0.78039220 0.00000000 / 16 23 17 16 / 91 0 137 255 / -0.91603820 0.29827250 0.26815540 1.00000000 / 0.58174140 0.34996030 / 0.0 0.0
				-0.03222656 0.11572270 0.69677740 / -0.07812500 -0.00781250 -0.99609380 / 0.00000000 0.26666670 0.73333340 0.00000000 / 16 23 17 16 / 89 0 134 255 / -0.94426730 0.32130060 0.07158981 1.00000000 / 0.59027100 0.35113530 / 0.0 0.0
				-0.03759766 0.11474610 0.69677740 / 0.12890630 0.10546870 -0.98437500 / 0.00000000 0.21568630 0.78431370 0.00000000 / 16 23 17 16 / 91 0 137 255 / -0.96061030 0.26013020 -0.09777503 1.00000000 / 0.59838870 0.35220340 / 0.0 0.0
				-0.03710938 0.11328120 0.69628900 / 0.13281250 0.21484370 -0.96875000 / 0.00000000 0.00392157 0.99607840 0.00000000 / 16 23 17 16 / 106 0 158 255 / -0.98106600 0.16735640 -0.09747488 1.00000000 / 0.59802250 0.35345460 / 0.0 0.0
				-0.02685547 0.11572270 0.69580080 / -0.24218750 0.16406250 -0.95703130 / 0.00000000 0.23921570 0.76078430 0.00000000 / 16 23 17 16 / 95 0 143 255 / -0.89565020 0.34131290 0.28516000 1.00000000 / 0.58108520 0.34935000 / 0.0 0.0
				-0.02343750 0.11425780 0.69384760 / -0.35937500 0.10546870 -0.92968750 / 0.00000000 0.03529412 0.96470590 0.00000000 / 16 23 17 16 / 97 0 144 255 / -0.82681710 0.42494640 0.36850220 1.00000000 / 0.57453920 0.35034180 / 0.0 0.0
				-0.02246094 0.11328120 0.69384760 / -0.27734380 0.06640625 -0.95703130 / 0.00000000 0.00000000 1.00000000 0.00000000 / 16 23 17 16 / 105 0 156 255 / -0.78879970 0.55384990 0.26654350 1.00000000 / 0.57221980 0.35049440 / 0.0 0.0
				-0.02294922 0.11474610 0.69384760 / -0.25000000 0.32812500 -0.91015630 / 0.00000000 0.16078430 0.83921570 0.00000000 / 16 23 17 16 / 101 0 150 255 / -0.85372940 0.36912820 0.36727430 1.00000000 / 0.56950380 0.34791560 / 0.0 0.0
				-0.02148437 0.11376950 0.69384760 / -0.17578120 0.23046880 -0.95703130 / 0.00000000 0.01176471 0.98823530 0.00000000 / 16 23 17 16 / 105 0 156 255 / -0.95676060 0.18886590 0.22122160 1.00000000 / 0.56784060 0.34837340 / 0.0 0.0
				-0.02148437 0.11279300 0.69335940 / -0.40234370 0.46484380 -0.78515620 / 0.00000000 0.00000000 1.00000000 0.00000000 / 16 23 17 16 / 126 0 188 255 / -0.90880800 -0.10529930 0.40370790 1.00000000 / 0.57025150 0.35113530 / 0.0 0.0
				-0.02099609 0.11425780 0.69335940 / -0.17187500 0.26953130 -0.94921880 / 0.00000000 0.01176471 0.98823530 0.00000000 / 16 23 17 16 / 111 0 165 255 / -0.98274870 0.02231926 0.18359460 1.00000000 / 0.56686400 0.34793090 / 0.0 0.0
				-0.02050781 0.11328120 0.69335940 / -0.42578120 0.53515630 -0.72656250 / 0.00000000 0.00000000 1.00000000 0.00000000 / 16 23 17 16 / 132 0 197 255 / -0.90432190 -0.25663240 0.34108880 1.00000000 / 0.56719970 0.34974670 / 0.0 0.0
				-0.02050781 0.11328120 0.69238280 / 0.00000000 0.86718750 0.49609370 / 0.00000000 0.00000000 1.00000000 0.00000000 / 16 19 17 16 / 157 0 233 255 / -0.91009540 -0.20577460 0.35969880 1.00000000 / 0.56729130 0.35168460 / 0.0 0.0
				-0.02001953 0.11328120 0.69238280 / -0.25390630 0.90234380 0.34375000 / 0.00000000 0.00000000 1.00000000 0.00000000 / 16 19 17 16 / 157 0 233 255 / -0.86904040 -0.37007110 0.32835380 1.00000000 / 0.56608580 0.35208130 / 0.0 0.0
				-0.02148437 0.11425780 0.69042970 / 0.17968750 0.92187500 0.34375000 / 0.00000000 0.05490196 0.94509810 0.00000000 / 16 19 17 16 / 167 0 249 255 / -0.89960820 0.01257207 0.43651700 1.00000000 / 0.56793210 0.35768130 / 0.0 0.0
				-0.02197266 0.11425780 0.69140620 / 0.22656250 0.85546880 0.46875000 / 0.00000000 0.02745098 0.97254900 0.00000000 / 16 19 17 16 / 169 0 252 255 / -0.93139500 0.04892686 0.36070720 1.00000000 / 0.56942750 0.35647580 / 0.0 0.0
				-0.02441406 0.11572270 0.68994140 / 0.19531250 0.92578120 0.32031250 / 0.00000000 0.02745098 0.97254900 0.00000000 / 16 19 17 16 / 171 0 255 255 / -0.97466110 0.14746960 0.16819190 1.00000000 / 0.57421870 0.36009220 / 0.0 0.0
				-0.02343750 0.11572270 0.68750000 / 0.12500000 0.96093750 0.25000000 / 0.00000000 0.08627451 0.91372550 0.00000000 / 16 19 17 16 / 168 0 249 255 / -0.92749370 0.02357077 0.37309480 1.00000000 / 0.57183840 0.36384580 / 0.0 0.0
				-0.02392578 0.11572270 0.68896480 / 0.21093750 0.96875000 0.12890630 / 0.00000000 0.05882353 0.94117650 0.00000000 / 16 19 17 16 / 168 0 251 255 / -0.94717870 0.17011140 0.27187270 1.00000000 / 0.57302860 0.36196900 / 0.0 0.0
				-0.02294922 0.11621090 0.68505860 / 0.00781250 0.95703130 0.28906250 / 0.00000000 0.12941180 0.87058820 0.00000000 / 16 19 17 16 / 169 0 252 255 / -0.92140210 -0.10548710 0.37401950 1.00000000 / 0.56936650 0.36863710 / 0.0 0.0
				-0.02734375 0.11621090 0.68603510 / 0.03515625 0.99609380 0.07812500 / 0.00000000 0.10980390 0.89019610 0.00000000 / 16 19 17 16 / 164 0 245 255 / -0.97451680 0.01689161 0.22367750 1.00000000 / 0.57998650 0.36845400 / 0.0 0.0
				-0.02246094 0.11718750 0.68310550 / -0.16406250 0.85156250 0.49609370 / 0.00000000 0.16470590 0.83529410 0.00000000 / 16 19 17 16 / 172 0 255 255 / -0.84501960 -0.38128970 0.37491320 1.00000000 / 0.56794740 0.37109380 / 0.0 0.0
				-0.02685547 0.11669920 0.68408200 / -0.08593750 0.98828130 0.12500000 / 0.00000000 0.15686280 0.84313730 0.00000000 / 16 19 17 16 / 167 0 248 255 / -0.94763530 -0.11985450 0.29601060 1.00000000 / 0.57823180 0.37420660 / 0.0 0.0
				-0.02783203 0.11669920 0.68750000 / 0.06250000 0.99609380 -0.01562500 / 0.00000000 0.05490196 0.94509810 0.00000000 / 16 19 17 16 / 165 0 246 255 / -0.98441140 0.06437276 0.16367800 1.00000000 / 0.58093260 0.36616520 / 0.0 0.0
				-0.03320312 0.11621090 0.68457030 / -0.14453130 0.98437500 -0.11328120 / 0.00000000 0.12156860 0.87843140 0.00000000 / 16 19 17 16 / 161 0 239 255 / -0.98489240 -0.13169640 0.11244090 1.00000000 / 0.59382630 0.37364200 / 0.0 0.0
				-0.02685547 0.11718750 0.68212890 / -0.20312500 0.91406250 0.34765630 / 0.00000000 0.19607840 0.80392160 0.00000000 / 16 19 17 16 / 170 0 252 255 / -0.89263780 -0.31940190 0.31808860 1.00000000 / 0.57772830 0.37736510 / 0.0 0.0
				-0.03271484 0.11572270 0.68212890 / -0.26171870 0.96484370 -0.03906250 / 0.00000000 0.17647060 0.82352940 0.00000000 / 16 19 17 16 / 163 0 243 255 / -0.96152140 -0.25684920 0.09749445 1.00000000 / 0.59295650 0.37919620 / 0.0 0.0
				-0.02246094 0.11865230 0.68164070 / -0.32031250 0.71484380 0.62109380 / 0.00000000 0.18823530 0.81176470 0.00000000 / 16 19 17 16 / 174 0 255 255 / -0.82860170 -0.52942610 0.18200830 1.00000000 / 0.56690980 0.37521360 / 0.0 0.0
				-0.01953125 0.12109380 0.68115230 / -0.53906250 0.50781250 0.67187500 / 0.00000000 0.14901960 0.85098040 0.00000000 / 16 19 17 16 / 175 0 255 255 / -0.62761330 -0.77423310 0.08163714 1.00000000 / 0.55928040 0.37525940 / 0.0 0.0
				-0.02294922 0.12011720 0.67968750 / -0.42578120 0.64453120 0.63671870 / 0.00000000 0.21176470 0.78823530 0.00000000 / 16 19 17 16 / 175 2 255 255 / -0.80421100 -0.59123760 0.06068363 1.00000000 / 0.56451410 0.38056950 / 0.0 0.0
				-0.02685547 0.11816410 0.68017580 / -0.30859370 0.83984370 0.44531250 / 0.00000000 0.23137260 0.76862750 0.00000000 / 16 19 17 16 / 172 4 255 255 / -0.87748090 -0.43242500 0.20745150 1.00000000 / 0.57600400 0.38014220 / 0.0 0.0
				-0.02734375 0.11914060 0.67773440 / -0.41015630 0.76953130 0.48828130 / 0.00000000 0.26666670 0.73333340 0.00000000 / 16 19 17 16 / 173 15 255 255 / -0.86656520 -0.49613230 0.05401342 1.00000000 / 0.57313540 0.38583370 / 0.0 0.0
				-0.03271484 0.11572270 0.68066410 / -0.30859370 0.92187500 0.22656250 / 0.00000000 0.22352940 0.77647060 0.00000000 / 16 19 17 16 / 167 2 249 255 / -0.92037160 -0.35070010 0.17298990 1.00000000 / 0.59208680 0.38215640 / 0.0 0.0
				-0.03271484 0.11669920 0.67822270 / -0.36718750 0.89062500 0.27343750 / 0.00000000 0.26666670 0.73333340 0.00000000 / 16 19 17 16 / 170 15 254 255 / -0.89624110 -0.41638560 0.15288840 1.00000000 / 0.58984370 0.38732910 / 0.0 0.0
				-0.03369141 0.11718750 0.67578120 / -0.41015630 0.83593750 0.36718750 / 0.00000000 0.30980390 0.69019610 0.00000000 / 16 19 17 16 / 171 46 255 255 / -0.87973430 -0.46814500 0.08311432 1.00000000 / 0.58712770 0.39253240 / 0.0 0.0
				-0.04101563 0.11279300 0.67968750 / -0.40625000 0.90234380 0.15625000 / 0.00000000 0.23137260 0.76862750 0.00000000 / 16 19 17 16 / 165 5 245 255 / -0.90771870 -0.41688870 0.04744160 1.00000000 / 0.60993960 0.38615420 / 0.0 0.0
				-0.04248047 0.11279300 0.67626950 / -0.44531250 0.87109370 0.20312500 / 0.00000000 0.28627450 0.71372550 0.00000000 / 16 19 17 16 / 168 29 251 255 / -0.88129370 -0.46715670 0.07131729 1.00000000 / 0.60864260 0.39385990 / 0.0 0.0
				-0.04541016 0.11328120 0.67089840 / -0.48437500 0.80468750 0.34375000 / 0.00000000 0.38431370 0.61568630 0.00000000 / 21 19 17 16 / 169 134 252 255 / -0.82777310 -0.54856880 0.11774560 1.00000000 / 0.60437010 0.41020200 / 0.0 0.0
				-0.04345703 0.11279300 0.67431640 / -0.46093750 0.83593750 0.29687500 / 0.00000000 0.32941180 0.67058820 0.00000000 / 21 19 17 16 / 169 81 252 255 / -0.85689610 -0.50651070 0.09579132 1.00000000 / 0.60681150 0.39852910 / 0.0 0.0
				-0.05224610 0.10693360 0.67578120 / -0.57421870 0.77343750 0.26953130 / 0.00000000 0.30196080 0.69803930 0.00000000 / 16 19 17 16 / 168 102 251 255 / -0.77983140 -0.61659530 0.10804210 1.00000000 / 0.63043210 0.39881900 / 0.0 0.0
				-0.05029297 0.10791020 0.67871090 / -0.57031250 0.80078130 0.17968750 / 0.00000000 0.26274510 0.73725490 0.00000000 / 16 19 17 16 / 166 39 248 255 / -0.80234770 -0.59065400 0.08582522 1.00000000 / 0.63049320 0.38949580 / 0.0 0.0
				-0.05126953 0.10595700 0.68457030 / -0.69531250 0.71484380 0.04687500 / 0.00000000 0.18431370 0.81568630 0.00000000 / 20 19 17 16 / 159 7 236 255 / -0.71752700 -0.69387400 -0.06077779 1.00000000 / 0.63969420 0.37321470 / 0.0 0.0
				-0.04833984 0.10839840 0.68115230 / -0.53906250 0.83593750 0.09375000 / 0.00000000 0.21568630 0.78431370 0.00000000 / 20 19 17 16 / 163 7 242 255 / -0.84120150 -0.54039520 -0.01879223 1.00000000 / 0.62986750 0.38182070 / 0.0 0.0
				-0.05029297 0.10693360 0.68603510 / -0.68359370 0.72265620 -0.11328120 / 0.00000000 0.12941180 0.87058820 0.00000000 / 20 19 17 16 / 155 0 230 255 / -0.71553690 -0.69189810 -0.09635386 1.00000000 / 0.63916010 0.37049870 / 0.0 0.0
				-0.04052734 0.11279300 0.68115230 / -0.44921870 0.88671870 -0.11328120 / 0.00000000 0.18039220 0.81960790 0.00000000 / 16 19 17 16 / 161 0 239 255 / -0.89173700 -0.45251610 -0.00585706 1.00000000 / 0.61068720 0.38279720 / 0.0 0.0
				-0.04736328 0.10937500 0.68310550 / -0.57812500 0.80468750 -0.12500000 / 0.00000000 0.16470590 0.83529410 0.00000000 / 20 19 17 16 / 159 0 236 255 / -0.81056930 -0.58534530 -0.01866454 1.00000000 / 0.62963870 0.37742620 / 0.0 0.0
				-0.05126953 0.10644530 0.68798830 / -0.62890620 0.68359370 -0.37500000 / 0.00000000 0.07058824 0.92941180 0.00000000 / 20 19 17 16 / 148 0 219 255 / -0.70075260 -0.70491290 -0.10974320 1.00000000 / 0.64236450 0.36473080 / 0.0 0.0
				-0.04833984 0.10937500 0.68798830 / -0.64453120 0.73046870 -0.22265630 / 0.00000000 0.06666667 0.93333340 0.00000000 / 20 19 17 16 / 152 0 227 255 / -0.72861900 -0.67613560 -0.10933960 1.00000000 / 0.63571160 0.36483760 / 0.0 0.0
				-0.04589844 0.11083980 0.68554690 / -0.53906250 0.81250000 -0.21875000 / 0.00000000 0.11372550 0.88627450 0.00000000 / 20 19 17 16 / 156 0 231 255 / -0.81510540 -0.56943870 -0.10650350 1.00000000 / 0.62715150 0.37150570 / 0.0 0.0
				-0.04003906 0.11376950 0.68408200 / -0.34765630 0.91015630 -0.22265630 / 0.00000000 0.12549020 0.87450980 0.00000000 / 16 19 17 16 / 158 0 234 255 / -0.93568140 -0.35219770 0.02138456 1.00000000 / 0.61077880 0.37586980 / 0.0 0.0
				-0.04980469 0.10888670 0.68945310 / -0.57812500 0.73437500 -0.35156250 / 0.00000000 0.01176471 0.98823530 0.00000000 / 20 19 17 16 / 146 0 218 255 / -0.72476600 -0.66188910 -0.19135590 1.00000000 / 0.63690190 0.36001590 / 0.0 0.0
				-0.03320312 0.11621090 0.68603510 / -0.15234370 0.98046870 -0.13281250 / 0.00000000 0.06274510 0.93725490 0.00000000 / 16 19 17 16 / 162 0 240 255 / -0.98494050 -0.13904310 0.10275770 1.00000000 / 0.59429930 0.37072750 / 0.0 0.0
				-0.04003906 0.11474610 0.68603510 / -0.37109380 0.90625000 -0.20312500 / 0.00000000 0.05882353 0.94117650 0.00000000 / 16 19 17 16 / 159 0 237 255 / -0.92526560 -0.37931500 -0.00194180 1.00000000 / 0.61090090 0.37187190 / 0.0 0.0
				-0.04492187 0.11181640 0.68750000 / -0.54296870 0.81640630 -0.19921870 / 0.00000000 0.07843137 0.92156870 0.00000000 / 20 19 17 16 / 157 0 233 255 / -0.80899320 -0.57156180 -0.13728480 1.00000000 / 0.62603760 0.36834720 / 0.0 0.0
				-0.02783203 0.11621090 0.68847660 / -0.01562500 0.98437500 0.18359380 / 0.00000000 0.01176471 0.98823530 0.00000000 / 16 19 17 16 / 169 0 252 255 / -0.98867900 -0.04246793 0.14391100 1.00000000 / 0.58187870 0.36387630 / 0.0 0.0
				-0.03369141 0.11621090 0.68750000 / -0.18359380 0.96875000 0.16796870 / 0.00000000 0.01568628 0.98431370 0.00000000 / 16 19 17 16 / 168 0 249 255 / -0.97866400 -0.19611120 0.06129482 1.00000000 / 0.59478760 0.36779780 / 0.0 0.0
				-0.03955078 0.11474610 0.68750000 / -0.34375000 0.93359370 0.10156250 / 0.00000000 0.00392157 0.99607840 0.00000000 / 16 19 17 16 / 166 0 246 255 / -0.93687370 -0.34830790 0.03080881 1.00000000 / 0.61100770 0.36785890 / 0.0 0.0
				-0.04736328 0.11035160 0.68945310 / -0.57812500 0.79296870 -0.19531250 / 0.00000000 0.03921569 0.96078430 0.00000000 / 20 19 17 16 / 152 0 227 255 / -0.75459570 -0.60985350 -0.24220680 1.00000000 / 0.63409430 0.36192320 / 0.0 0.0
				-0.02832031 0.11621090 0.68994140 / -0.10156250 0.74609370 0.65625000 / 0.00000000 0.00000000 1.00000000 0.00000000 / 16 19 17 16 / 175 0 255 255 / -0.94622270 -0.27674160 0.16756070 1.00000000 / 0.58229060 0.36175540 / 0.0 0.0
				-0.02490234 0.11523440 0.69091800 / 0.00781250 0.73046870 0.67968750 / 0.00000000 0.00000000 1.00000000 0.00000000 / 16 19 17 16 / 175 0 255 255 / -0.90901490 -0.27896480 0.30962930 1.00000000 / 0.57563780 0.35806270 / 0.0 0.0
				-0.04443359 0.11230470 0.68896480 / -0.45703120 0.88671870 0.02734375 / 0.00000000 0.03529412 0.96470590 0.00000000 / 20 19 17 16 / 162 0 242 255 / -0.87722840 -0.44660820 -0.17610060 1.00000000 / 0.62493900 0.36520390 / 0.0 0.0
				-0.04687500 0.11132810 0.69091800 / -0.47265620 0.87500000 -0.09765625 / 0.00000000 0.01176471 0.98823530 0.00000000 / 23 19 17 20 / 155 0 231 255 / -0.82795730 -0.47973070 -0.29042240 1.00000000 / 0.63247680 0.35900880 / 0.0 0.0
				-0.04833984 0.11035160 0.69091800 / -0.46484380 0.82421870 -0.32421880 / 0.00000000 0.00392157 0.99607840 0.00000000 / 20 19 17 23 / 147 0 218 255 / -0.79715450 -0.54868870 -0.25196310 1.00000000 / 0.63488770 0.35798650 / 0.0 0.0
				-0.04882813 0.11035160 0.69140620 / -0.36718750 0.81640630 -0.44140630 / 0.00000000 0.00392157 0.99607840 0.00000000 / 23 20 17 19 / 143 0 212 255 / -0.83265270 -0.50156110 -0.23478910 1.00000000 / 0.63400270 0.35644530 / 0.0 0.0
				-0.01660156 0.12939450 0.67382810 / -0.75390630 0.64843750 0.09765625 / 0.00000000 0.07450981 0.92549020 0.00000000 / 16 19 17 16 / 164 36 243 255 / -0.65201500 -0.75820570 0.00071338 1.00000000 / 0.54222110 0.39732360 / 0.0 0.0
				-0.01367187 0.13232420 0.67578120 / -0.84765630 0.43750000 0.29296880 / 0.00000000 0.02352941 0.97647060 0.00000000 / 16 19 17 16 / 168 97 249 255 / -0.47521370 -0.87758250 -0.06341184 1.00000000 / 0.53446960 0.39028930 / 0.0 0.0
				-0.01660156 0.12939450 0.67187500 / -0.79296870 0.60937500 -0.01953125 / 0.00000000 0.07058824 0.92941180 0.00000000 / 16 19 17 16 / 162 33 242 255 / -0.60940100 -0.79160990 0.04454649 1.00000000 / 0.54118350 0.40299990 / 0.0 0.0
				-0.01123047 0.13574220 0.67773440 / -0.81250000 0.42578120 0.39843750 / 0.00000000 0.00000000 1.00000000 0.00000000 / 16 16 17 16 / 171 163 255 255 / -0.50422360 -0.85609710 -0.11338560 1.00000000 / 0.52490230 0.38412480 / 0.0 0.0
				-0.01416016 0.13281250 0.67382810 / -0.85937500 0.50000000 0.09375000 / 0.00000000 0.02352941 0.97647060 0.00000000 / 16 19 17 16 / 166 93 248 255 / -0.50212010 -0.86473460 0.01046379 1.00000000 / 0.53430180 0.39784240 / 0.0 0.0
				-0.00830078 0.13916020 0.67968750 / -0.69921880 0.52734370 0.48437500 / 0.00000000 0.00000000 1.00000000 0.00000000 / 16 16 17 16 / 173 201 255 255 / -0.66102640 -0.73425530 -0.15463950 1.00000000 / 0.51824950 0.38050840 / 0.0 0.0
				-0.01171875 0.13720700 0.67529300 / -0.86718750 0.42578120 0.25781250 / 0.00000000 0.00000000 1.00000000 0.00000000 / 16 16 17 16 / 169 161 252 255 / -0.45731330 -0.88616270 -0.07469970 1.00000000 / 0.52416990 0.39212040 / 0.0 0.0
				-0.00878906 0.14111330 0.67724610 / -0.74218750 0.51171880 0.43359380 / 0.00000000 0.00000000 1.00000000 0.00000000 / 16 16 17 16 / 172 202 255 255 / -0.61100240 -0.78203920 -0.12284470 1.00000000 / 0.51809690 0.38935850 / 0.0 0.0
				-0.01367187 0.13330080 0.67089840 / -0.90234380 0.42968750 0.07421875 / 0.00000000 0.01568628 0.98431370 0.00000000 / 16 19 17 16 / 166 74 248 255 / -0.42165480 -0.90204680 0.09229574 1.00000000 / 0.53456110 0.40544130 / 0.0 0.0
				-0.01171875 0.13818360 0.67236320 / -0.90234380 0.37109380 0.22265630 / 0.00000000 0.00000000 1.00000000 0.00000000 / 16 16 17 16 / 169 144 252 255 / -0.38894190 -0.92028720 -0.04237580 1.00000000 / 0.52545170 0.39978030 / 0.0 0.0
				-0.01611328 0.12939450 0.66943360 / -0.80468750 0.58984370 -0.04687500 / 0.00000000 0.05098039 0.94901960 0.00000000 / 16 19 17 16 / 163 22 242 255 / -0.59194330 -0.79917760 0.10449080 1.00000000 / 0.54023740 0.40950010 / 0.0 0.0
				-0.01367187 0.13378910 0.66845700 / -0.91796870 0.32421880 0.23046880 / 0.00000000 0.00784314 0.99215690 0.00000000 / 16 19 17 16 / 168 54 249 255 / -0.31492520 -0.94604230 0.07632832 1.00000000 / 0.53434750 0.41041560 / 0.0 0.0
				-0.01806641 0.12646480 0.66601560 / -0.75781250 0.65234380 -0.02734375 / 0.00000000 0.01568628 0.98431370 0.00000000 / 16 19 17 16 / 162 1 242 255 / -0.64431070 -0.74046050 0.19126450 1.00000000 / 0.54560850 0.41854860 / 0.0 0.0
				-0.01611328 0.12988280 0.66796880 / -0.87500000 0.45312500 0.16015630 / 0.00000000 0.02745098 0.97254900 0.00000000 / 16 19 17 16 / 165 13 246 255 / -0.43637660 -0.88982310 0.13337970 1.00000000 / 0.53947450 0.41326900 / 0.0 0.0
				-0.02001953 0.12451170 0.66406250 / -0.61718750 0.77734370 -0.11328120 / 0.00000000 0.00000000 1.00000000 0.00000000 / 16 19 17 16 / 160 2 239 255 / -0.76632740 -0.62812270 -0.13492310 1.00000000 / 0.55123900 0.42796330 / 0.0 0.0
				-0.01806641 0.12695310 0.66455080 / -0.88281250 0.40625000 0.24218750 / 0.00000000 0.00392157 0.99607840 0.00000000 / 16 19 17 16 / 165 0 245 255 / -0.35886960 -0.90823270 0.21523490 1.00000000 / 0.54527280 0.42189030 / 0.0 0.0
				-0.02099609 0.12353520 0.66064450 / -0.51953120 0.84765630 -0.09765625 / 0.00000000 0.00000000 1.00000000 0.00000000 / 16 19 17 16 / 159 6 237 255 / -0.80216720 -0.52476210 -0.28487310 1.00000000 / 0.55253600 0.43733220 / 0.0 0.0
				-0.01953125 0.12500000 0.66357420 / -0.86328130 0.48437500 0.13671870 / 0.00000000 0.00000000 1.00000000 0.00000000 / 16 19 17 16 / 163 0 242 255 / -0.40776340 -0.83245070 0.37517320 1.00000000 / 0.54988100 0.42906190 / 0.0 0.0
				-0.02001953 0.12451170 0.66113280 / -0.88281250 0.46875000 0.05078125 / 0.00000000 0.00000000 1.00000000 0.00000000 / 16 19 17 16 / 162 0 240 255 / -0.46804630 -0.88358860 0.01428400 1.00000000 / 0.55160520 0.43656920 / 0.0 0.0
				-0.01904297 0.12695310 0.66210930 / -0.91406250 0.36718750 0.16796870 / 0.00000000 0.00000000 1.00000000 0.00000000 / 16 16 17 16 / 164 0 243 255 / -0.34183670 -0.92549900 0.16309240 1.00000000 / 0.54605100 0.43083190 / 0.0 0.0
				-0.01660156 0.12988280 0.66601560 / -0.87890620 0.33593750 0.33593750 / 0.00000000 0.00784314 0.99215690 0.00000000 / 16 19 17 16 / 167 6 249 255 / -0.33218870 -0.94049590 0.07154101 1.00000000 / 0.53909300 0.41726690 / 0.0 0.0
				-0.01708984 0.13037110 0.66357420 / -0.91796870 0.31250000 0.24609380 / 0.00000000 0.00000000 1.00000000 0.00000000 / 16 16 17 16 / 165 3 246 255 / -0.32170590 -0.94683690 0.00228587 1.00000000 / 0.53984070 0.42581180 / 0.0 0.0
				-0.01904297 0.12744140 0.65869140 / -0.93750000 0.34765630 -0.01171875 / 0.00000000 0.00000000 1.00000000 0.00000000 / 16 16 17 16 / 158 0 234 255 / -0.34585010 -0.92794070 0.13897440 1.00000000 / 0.54524230 0.44128420 / 0.0 0.0
				-0.01757812 0.13085940 0.66015630 / -0.93750000 0.34765630 0.01953125 / 0.00000000 0.00000000 1.00000000 0.00000000 / 16 16 17 16 / 158 1 236 255 / -0.34738840 -0.93760620 0.01469051 1.00000000 / 0.53973390 0.43711850 / 0.0 0.0
				-0.02001953 0.12451170 0.65771490 / -0.90625000 0.39843750 -0.14062500 / 0.00000000 0.00000000 1.00000000 0.00000000 / 16 19 17 16 / 158 1 236 255 / -0.37911050 -0.91376950 -0.14594700 1.00000000 / 0.55046080 0.44703680 / 0.0 0.0
				-0.01855469 0.12792970 0.65527350 / -0.85937500 0.36718750 -0.35546870 / 0.00000000 0.00000000 1.00000000 0.00000000 / 16 16 17 16 / 148 0 219 255 / -0.43736990 -0.88836110 0.13972220 1.00000000 / 0.54252630 0.45207210 / 0.0 0.0
				-0.02050781 0.12304690 0.65673830 / -0.58984370 0.80078130 -0.10156250 / 0.00000000 0.00000000 1.00000000 0.00000000 / 19 21 17 16 / 159 13 236 255 / -0.75873810 -0.59313350 -0.26927540 1.00000000 / 0.55184940 0.44775390 / 0.0 0.0
				-0.01855469 0.12548830 0.65380860 / -0.74609370 0.58593750 -0.31640630 / 0.00000000 0.00000000 1.00000000 0.00000000 / 16 19 17 16 / 152 3 225 255 / -0.60623740 -0.79421460 -0.04122364 1.00000000 / 0.54606630 0.45993040 / 0.0 0.0
				-0.02294922 0.12158200 0.65478520 / -0.32812500 0.93750000 -0.11328120 / 0.01176471 0.12156860 0.86666670 0.00000000 / 19 21 17 16 / 158 56 236 255 / -0.92600360 -0.34317010 -0.15732610 1.00000000 / 0.55580140 0.45509340 / 0.0 0.0
				-0.01904297 0.12451170 0.65283200 / -0.59765620 0.80078130 -0.00781250 / 0.00000000 0.00392157 0.99607840 0.00000000 / 19 21 17 16 / 157 26 234 255 / -0.79386590 -0.59383100 -0.13092560 1.00000000 / 0.54769900 0.46343990 / 0.0 0.0
				-0.02880859 0.11865230 0.64746100 / -0.25000000 0.95312500 -0.17578120 / 0.11764710 0.27843140 0.56470590 0.03921569 / 29 21 17 19 / 156 122 233 255 / -0.96662470 -0.25587970 -0.01273605 1.00000000 / 0.56817630 0.47062680 / 0.0 0.0
				-0.02099609 0.12304690 0.65087890 / -0.53906250 0.83984370 0.01171875 / 0.00392157 0.13725490 0.85882350 0.00000000 / 19 21 17 16 / 160 81 239 255 / -0.81787230 -0.52169900 -0.24272410 1.00000000 / 0.55038450 0.46595760 / 0.0 0.0
				-0.01513672 0.12695310 0.64892580 / -0.52734370 0.84765630 0.00000000 / 0.00000000 0.00000000 1.00000000 0.00000000 / 19 21 17 16 / 152 39 225 255 / -0.84843200 -0.52775310 -0.04049411 1.00000000 / 0.53948970 0.47344970 / 0.0 0.0
				-0.01660156 0.12646480 0.64648440 / -0.58593750 0.80468750 0.10156250 / 0.00000000 0.16470590 0.83529410 0.00000000 / 37 21 17 35 / 161 120 240 255 / -0.80684700 -0.56632020 -0.16816500 1.00000000 / 0.53982540 0.47883600 / 0.0 0.0
				-0.02783203 0.11865230 0.64306640 / -0.48437500 0.87500000 -0.05078125 / 0.11764710 0.37254900 0.49411760 0.01568628 / 29 21 17 19 / 159 143 236 255 / -0.87157630 -0.48619620 -0.06299322 1.00000000 / 0.56413270 0.48080440 / 0.0 0.0
				-0.03662109 0.11572270 0.63867190 / -0.29296880 0.92578120 -0.24218750 / 0.13725490 0.39607840 0.42352940 0.04313726 / 29 21 17 19 / 154 176 230 255 / -0.95053450 -0.25401870 0.17877010 1.00000000 / 0.58300780 0.49296570 / 0.0 0.0
				-0.03417969 0.11572270 0.63525390 / -0.33984380 0.92968750 -0.14843750 / 0.11372550 0.32156860 0.54901960 0.01568628 / 29 17 21 19 / 157 174 233 255 / -0.94060510 -0.33468710 0.05697971 1.00000000 / 0.57832340 0.50164800 / 0.0 0.0
				-0.04003906 0.11181640 0.63085940 / -0.43359380 0.87500000 -0.21875000 / 0.18431370 0.30196080 0.48627450 0.02745098 / 29 17 21 19 / 154 194 230 255 / -0.89710710 -0.39518910 0.19754640 1.00000000 / 0.59085080 0.51451110 / 0.0 0.0
				-0.03759766 0.11230470 0.62841800 / -0.40625000 0.89062500 -0.20312500 / 0.12941180 0.21176470 0.65490200 0.00392157 / 29 17 21 19 / 156 165 233 255 / -0.91370080 -0.39719410 0.08595206 1.00000000 / 0.58546440 0.51945500 / 0.0 0.0
				-0.04248047 0.10888670 0.62353520 / -0.46875000 0.87109370 -0.14843750 / 0.20392160 0.21960780 0.53725490 0.03921569 / 29 17 21 19 / 156 188 231 255 / -0.88250030 -0.45391650 0.12309690 1.00000000 / 0.59298700 0.53341680 / 0.0 0.0
				-0.03955078 0.11035160 0.62207030 / -0.44531250 0.88281250 -0.14843750 / 0.13333330 0.15294120 0.70196080 0.01176471 / 29 17 21 19 / 157 139 234 255 / -0.89394640 -0.42929410 0.12871090 1.00000000 / 0.58753970 0.53535460 / 0.0 0.0
				-0.03564453 0.11328120 0.62646480 / -0.44140630 0.87890620 -0.17578120 / 0.08235295 0.13333330 0.78431370 0.00000000 / 29 17 21 19 / 157 133 233 255 / -0.89452490 -0.44685230 0.01217362 1.00000000 / 0.58015440 0.52394100 / 0.0 0.0
				-0.03271484 0.11572270 0.63183590 / -0.44531250 0.89062500 -0.09765625 / 0.09019608 0.25098040 0.65490200 0.00392157 / 29 17 21 35 / 158 172 236 255 / -0.88948110 -0.45204140 -0.06694711 1.00000000 / 0.57362370 0.50982670 / 0.0 0.0
				-0.02685547 0.11914060 0.63867190 / -0.55859380 0.82812500 0.00000000 / 0.09803922 0.43137260 0.45490200 0.01568628 / 29 17 21 19 / 161 170 240 255 / -0.82072870 -0.55360620 -0.14115470 1.00000000 / 0.56044010 0.49186710 / 0.0 0.0
				-0.03369141 0.11376950 0.62500000 / -0.45312500 0.86718750 -0.19921870 / 0.05098039 0.05098039 0.84705880 0.05098039 / 19 17 21 29 / 155 108 231 255 / -0.83995860 -0.49160080 -0.22977890 1.00000000 / 0.57308960 0.52888490 / 0.0 0.0
				-0.03125000 0.11669920 0.62939450 / -0.54296870 0.83593750 -0.08593750 / 0.07450981 0.20392160 0.67450980 0.04705882 / 29 17 21 35 / 157 164 233 255 / -0.81729320 -0.54886520 -0.17543870 1.00000000 / 0.56768800 0.51861570 / 0.0 0.0
				-0.03710938 0.11132810 0.62109380 / -0.42578120 0.89453130 -0.13671870 / 0.07843137 0.08627451 0.83137260 0.00392157 / 29 17 21 19 / 158 85 234 255 / -0.89671340 -0.43728670 -0.06844997 1.00000000 / 0.58245850 0.53691100 / 0.0 0.0
				-0.02539063 0.12060550 0.63476570 / -0.71093750 0.68750000 0.15234370 / 0.10588240 0.37254900 0.46274510 0.05882353 / 35 17 21 29 / 162 185 240 255 / -0.70368540 -0.69278610 -0.15771510 1.00000000 / 0.55419920 0.50431820 / 0.0 0.0
				-0.03710938 0.11083980 0.61621090 / -0.44140630 0.89453130 -0.05859375 / 0.06274510 0.06274510 0.81176470 0.06274510 / 19 17 21 29 / 160 61 239 255 / -0.89245130 -0.44521110 -0.07292296 1.00000000 / 0.58193970 0.54891970 / 0.0 0.0
				-0.03466797 0.11230470 0.62109380 / -0.37500000 0.91796870 -0.14062500 / 0.04705882 0.05098039 0.90196080 0.00000000 / 29 17 21 19 / 157 50 234 255 / -0.87199140 -0.39953310 -0.28285030 1.00000000 / 0.57545470 0.53884890 / 0.0 0.0
				-0.03955078 0.10937500 0.61621090 / -0.47265620 0.87500000 -0.07812500 / 0.10980390 0.18431370 0.68235290 0.02352941 / 17 29 21 19 / 159 125 237 255 / -0.88041200 -0.47004420 0.06271498 1.00000000 / 0.58703610 0.54936220 / 0.0 0.0
				-0.03125000 0.11425780 0.62402340 / -0.41406250 0.85156250 -0.32421880 / 0.07450981 0.07450981 0.83921570 0.01176471 / 29 17 21 35 / 152 81 225 255 / -0.83653510 -0.49564800 -0.23354230 1.00000000 / 0.56623840 0.53366090 / 0.0 0.0
				-0.03466797 0.11230470 0.61718750 / -0.42187500 0.90625000 -0.00781250 / 0.03921569 0.03921569 0.88235290 0.03921569 / 19 17 21 29 / 161 20 239 255 / -0.86992660 -0.40736160 -0.27800080 1.00000000 / 0.57501220 0.54850770 / 0.0 0.0
				-0.02929688 0.11718750 0.62695310 / -0.65234380 0.74609370 -0.14062500 / 0.07450981 0.19607840 0.68235290 0.04705882 / 29 17 21 35 / 152 134 227 255 / -0.73995140 -0.66548820 -0.09796703 1.00000000 / 0.56198120 0.52659610 / 0.0 0.0
				-0.03222656 0.11328120 0.62109380 / -0.30468750 0.94140630 -0.14453130 / 0.04705882 0.05490196 0.89803920 0.00000000 / 29 17 21 33 / 156 30 231 255 / -0.89093370 -0.33536340 -0.30621630 1.00000000 / 0.56848150 0.54109190 / 0.0 0.0
				-0.02490234 0.12207030 0.63085940 / -0.76171880 0.64453120 0.05078125 / 0.10980390 0.36078430 0.47058820 0.05882353 / 35 17 21 29 / 158 162 236 255 / -0.64481260 -0.75064300 -0.14405410 1.00000000 / 0.54728700 0.51550290 / 0.0 0.0
				-0.03173828 0.11328120 0.61816410 / -0.40234370 0.91406250 0.06640625 / 0.03921569 0.03921569 0.88235290 0.03921569 / 19 17 21 29 / 162 6 240 255 / -0.85234820 -0.34692670 -0.39133660 1.00000000 / 0.56810000 0.54840090 / 0.0 0.0
				-0.02392578 0.12255860 0.62841800 / -0.74218750 0.65625000 -0.12500000 / 0.12156860 0.39215690 0.42352940 0.06274510 / 35 17 21 29 / 150 101 224 255 / -0.65048630 -0.75360980 -0.09454998 1.00000000 / 0.54489140 0.52336120 / 0.0 0.0
				-0.03515625 0.11181640 0.61132810 / -0.50000000 0.86718750 -0.01953125 / 0.06274510 0.23529410 0.68627450 0.01568628 / 17 29 21 19 / 162 73 240 255 / -0.85638170 -0.49689790 -0.14036620 1.00000000 / 0.57778930 0.56027220 / 0.0 0.0
				-0.01708984 0.13085940 0.63574220 / -0.67968750 0.67578120 0.28125000 / 0.19607840 0.19607840 0.46274510 0.14509800 / 35 21 17 37 / 165 168 246 255 / -0.73238330 -0.64147360 -0.22831180 1.00000000 / 0.52694700 0.50935360 / 0.0 0.0
				-0.03759766 0.11035160 0.60986330 / -0.50781250 0.85937500 -0.03125000 / 0.06666667 0.30588230 0.59215690 0.03529412 / 17 29 21 19 / 161 136 239 255 / -0.86110550 -0.50809220 0.01843128 1.00000000 / 0.58277900 0.56256100 / 0.0 0.0
				-0.03271484 0.11328120 0.61328130 / -0.53125000 0.84375000 0.03125000 / 0.05098039 0.15294120 0.74509810 0.05098039 / 17 29 21 33 / 163 26 242 255 / -0.81659310 -0.50348800 -0.28226880 1.00000000 / 0.57110600 0.55760190 / 0.0 0.0
				-0.04003906 0.10888670 0.60888670 / -0.60937500 0.78515620 -0.11328120 / 0.07058824 0.36470590 0.50588240 0.05882353 / 17 29 21 19 / 158 189 234 255 / -0.79280540 -0.59945740 0.11004830 1.00000000 / 0.58781430 0.56558230 / 0.0 0.0
				-0.03320312 0.11279300 0.60400390 / -0.51562500 0.85546880 0.07421875 / 0.04705882 0.28235300 0.64313730 0.02745098 / 19 21 29 17 / 162 165 242 255 / -0.85637390 -0.50832980 -0.09068902 1.00000000 / 0.57293700 0.57537840 / 0.0 0.0
				-0.03710938 0.10937500 0.59912110 / -0.75781250 0.58984370 -0.28125000 / 0.07058824 0.22745100 0.69411760 0.00784314 / 19 21 29 17 / 153 213 227 255 / -0.63445860 -0.76605040 0.10309750 1.00000000 / 0.57926940 0.58726500 / 0.0 0.0
				-0.03515625 0.11181640 0.60205080 / -0.62890620 0.77734370 -0.03906250 / 0.06666667 0.30980390 0.60784320 0.01568628 / 19 21 29 17 / 159 201 236 255 / -0.77776150 -0.62801010 0.02627478 1.00000000 / 0.57543940 0.57968140 / 0.0 0.0
				-0.03076172 0.10986330 0.58642580 / -0.76171880 0.48828130 -0.42968750 / 0.00000000 0.00000000 1.00000000 0.00000000 / 16 16 29 16 / 146 214 216 255 / -0.55006710 -0.83469660 0.02660526 1.00000000 / 0.56332400 0.61309810 / 0.0 0.0
				-0.03027344 0.11572270 0.59228510 / -0.72656250 0.63281250 -0.25781250 / 0.00000000 0.00000000 1.00000000 0.00000000 / 16 16 29 16 / 153 214 228 255 / -0.64086680 -0.76440580 -0.07052291 1.00000000 / 0.55981450 0.60310360 / 0.0 0.0
				-0.02832031 0.11718750 0.59667970 / -0.55859380 0.82812500 0.05078125 / 0.00000000 0.12156860 0.87843140 0.00000000 / 17 21 29 16 / 160 210 239 255 / -0.82911070 -0.55529500 -0.06498343 1.00000000 / 0.55743410 0.59349060 / 0.0 0.0
				-0.02294922 0.12109380 0.58740230 / -0.64453120 0.72265620 -0.25781250 / 0.00000000 0.00000000 1.00000000 0.00000000 / 16 16 29 16 / 154 214 230 255 / -0.72906670 -0.67953360 -0.08182820 1.00000000 / 0.54382320 0.61474610 / 0.0 0.0
				-0.02343750 0.11718750 0.58251950 / -0.69921880 0.57031250 -0.42578120 / 0.00000000 0.00000000 1.00000000 0.00000000 / 16 16 29 16 / 145 214 216 255 / -0.63572750 -0.77184800 0.01005738 1.00000000 / 0.54600520 0.62506100 / 0.0 0.0
				-0.02685547 0.11718750 0.59912110 / -0.43750000 0.87500000 0.19921870 / 0.00000000 0.09803922 0.90196080 0.00000000 / 33 21 29 19 / 164 192 243 255 / -0.89834710 -0.43465150 -0.06364287 1.00000000 / 0.55622860 0.58772280 / 0.0 0.0
				-0.02148437 0.12158200 0.59277350 / -0.49218750 0.85937500 0.14453130 / 0.00000000 0.00000000 1.00000000 0.00000000 / 16 16 29 16 / 162 213 242 255 / -0.87069650 -0.48544120 -0.07895892 1.00000000 / 0.54322820 0.60382080 / 0.0 0.0
				-0.03173828 0.11376950 0.60595700 / -0.54687500 0.83984370 -0.00390625 / 0.04705882 0.38039220 0.54509810 0.02745098 / 17 21 29 19 / 162 110 242 255 / -0.82344360 -0.53705900 -0.18305230 1.00000000 / 0.56959530 0.57223510 / 0.0 0.0
				-0.02587891 0.11718750 0.60107420 / -0.49218750 0.87109370 0.02343750 / 0.03137255 0.11372550 0.85490200 0.00000000 / 33 21 29 19 / 163 147 242 255 / -0.86576240 -0.48599930 -0.11941550 1.00000000 / 0.55508420 0.58355710 / 0.0 0.0
				-0.02978515 0.11572270 0.60937500 / -0.57812500 0.81640630 -0.02734375 / 0.06274510 0.39215690 0.49019610 0.05490196 / 33 29 21 17 / 163 54 242 255 / -0.77562700 -0.55902040 -0.29308510 1.00000000 / 0.56346130 0.56715390 / 0.0 0.0
				-0.02099609 0.12060550 0.59619140 / -0.39843750 0.87890620 0.26953130 / 0.00000000 0.00000000 1.00000000 0.00000000 / 16 16 29 16 / 164 204 245 255 / -0.91732040 -0.38645680 -0.09578305 1.00000000 / 0.54255680 0.59513860 / 0.0 0.0
				-0.03027344 0.11425780 0.61621090 / -0.59375000 0.78906250 0.16015630 / 0.06666667 0.15686280 0.71764700 0.05882353 / 17 29 21 33 / 165 5 245 255 / -0.74236700 -0.45971280 -0.48739670 1.00000000 / 0.56436160 0.55380250 / 0.0 0.0
				-0.02490234 0.11865230 0.60644530 / -0.62500000 0.76953130 -0.13281250 / 0.07058824 0.27843140 0.63529410 0.01568628 / 33 21 29 17 / 161 84 240 255 / -0.71698970 -0.63279600 -0.29239520 1.00000000 / 0.55197140 0.57434080 / 0.0 0.0
				-0.02050781 0.12011720 0.59814460 / -0.51953120 0.85156250 -0.07421875 / 0.00000000 0.00392157 0.99607840 0.00000000 / 16 33 29 16 / 161 169 240 255 / -0.83385730 -0.52390290 -0.17380380 1.00000000 / 0.54302980 0.59082030 / 0.0 0.0
				-0.02783203 0.11718750 0.61523430 / -0.66015630 0.75000000 -0.00390625 / 0.09803922 0.32156860 0.52156870 0.05882353 / 33 29 21 17 / 165 16 245 255 / -0.67380220 -0.59528780 -0.43774750 1.00000000 / 0.55632020 0.55918880 / 0.0 0.0
				-0.01464844 0.12353520 0.59765620 / -0.49609370 0.83593750 -0.24218750 / 0.00000000 0.00000000 1.00000000 0.00000000 / 16 33 29 16 / 158 175 236 255 / -0.84230290 -0.52938960 -0.10135400 1.00000000 / 0.52905270 0.59420780 / 0.0 0.0
				-0.02001953 0.12207030 0.60546880 / -0.63281250 0.73046870 -0.25000000 / 0.07843137 0.14509800 0.77647060 0.00000000 / 33 21 29 17 / 158 103 236 255 / -0.71205720 -0.67852310 -0.18050200 1.00000000 / 0.54019160 0.57908630 / 0.0 0.0
				-0.02392578 0.12109380 0.61474610 / -0.73046870 0.67968750 -0.08203125 / 0.14901960 0.31764710 0.49803920 0.03529412 / 33 21 29 17 / 163 30 242 255 / -0.61652270 -0.70503170 -0.35047120 1.00000000 / 0.54618830 0.56391910 / 0.0 0.0
				-0.02001953 0.12548830 0.61474610 / -0.73046870 0.66015630 -0.17187500 / 0.17254900 0.18823530 0.63137260 0.00784314 / 21 33 29 17 / 159 39 237 255 / -0.64893770 -0.75053720 -0.12479500 1.00000000 / 0.53485110 0.56643680 / 0.0 0.0
				-0.02343750 0.12109380 0.61669920 / -0.74218750 0.65234380 0.16015630 / 0.18039220 0.30980390 0.46274510 0.04705882 / 33 21 29 17 / 166 5 248 255 / -0.66383850 -0.67778920 -0.31610170 1.00000000 / 0.54521180 0.56095890 / 0.0 0.0
				-0.02636719 0.11767580 0.61718750 / -0.70312500 0.63671870 0.31640630 / 0.10980390 0.31372550 0.50588240 0.07058824 / 33 29 21 17 / 168 2 251 255 / -0.70397540 -0.56089140 -0.43568280 1.00000000 / 0.55427550 0.55749510 / 0.0 0.0
				-0.01953125 0.12548830 0.61718750 / -0.77343750 0.62500000 0.10546870 / 0.16470590 0.25490200 0.56862750 0.01176471 / 21 33 29 17 / 164 7 245 255 / -0.63381950 -0.76428110 -0.11894240 1.00000000 / 0.53437800 0.56230160 / 0.0 0.0
				-0.02832031 0.11523440 0.61816410 / -0.58593750 0.73046870 0.35156250 / 0.07843137 0.18823530 0.67450980 0.05882353 / 17 29 21 33 / 167 0 249 255 / -0.79016200 -0.41808600 -0.44816090 1.00000000 / 0.55944820 0.55284120 / 0.0 0.0
				-0.02294922 0.12060550 0.61962890 / -0.75390630 0.58984370 0.28906250 / 0.18039220 0.28627450 0.48235290 0.05098039 / 33 21 29 17 / 171 0 254 255 / -0.65563340 -0.70318050 -0.27510330 1.00000000 / 0.54336550 0.55587770 / 0.0 0.0
				-0.02929688 0.11376950 0.61962890 / -0.42578120 0.89062500 0.15234370 / 0.07450981 0.11372550 0.79215690 0.01960784 / 17 29 21 33 / 163 2 242 255 / -0.83404830 -0.32235810 -0.44771510 1.00000000 / 0.56137080 0.54829410 / 0.0 0.0
				-0.02685547 0.11572270 0.61962890 / -0.65234380 0.67187500 0.34375000 / 0.09803922 0.23529410 0.60392160 0.06274510 / 17 29 21 33 / 170 0 254 255 / -0.74852640 -0.50954150 -0.42435330 1.00000000 / 0.55531310 0.55102540 / 0.0 0.0
				-0.02587891 0.11767580 0.61914060 / -0.71875000 0.55859380 0.41015630 / 0.10980390 0.35294120 0.45882350 0.07843137 / 33 29 21 17 / 172 0 255 255 / -0.68878560 -0.64903230 -0.32300370 1.00000000 / 0.55157470 0.55398560 / 0.0 0.0
				-0.02978515 0.11376950 0.62109380 / -0.28906250 0.93750000 -0.20312500 / 0.08235295 0.09411765 0.82352940 0.00000000 / 29 17 21 33 / 154 15 230 255 / -0.86103750 -0.34611540 -0.37258360 1.00000000 / 0.56172180 0.54335020 / 0.0 0.0
				-0.02783203 0.11474610 0.62060550 / -0.43750000 0.87500000 0.21093750 / 0.11372550 0.16470590 0.69019610 0.03137255 / 17 29 21 33 / 165 0 245 255 / -0.88433850 -0.37512070 -0.27790280 1.00000000 / 0.55668640 0.54788210 / 0.0 0.0
				-0.02929688 0.11474610 0.62304690 / -0.33203120 0.80859380 -0.48828130 / 0.09019608 0.13333330 0.77647060 0.00000000 / 29 17 21 35 / 146 46 218 255 / -0.80705070 -0.51042220 -0.29688090 1.00000000 / 0.56019590 0.53805540 / 0.0 0.0
				-0.02783203 0.11474610 0.62158200 / -0.28906250 0.94140630 -0.16406250 / 0.12941180 0.14509800 0.72156870 0.00392157 / 29 17 21 33 / 153 4 228 255 / -0.87847440 -0.33011720 -0.34540590 1.00000000 / 0.55691530 0.54476930 / 0.0 0.0
				-0.02783203 0.11718750 0.62500000 / -0.51953120 0.69140620 -0.50000000 / 0.09019608 0.23137260 0.63529410 0.04313726 / 29 17 21 35 / 145 80 215 255 / -0.76014820 -0.64225530 -0.09840179 1.00000000 / 0.55778500 0.53321840 / 0.0 0.0
				-0.02783203 0.11523440 0.62255860 / -0.33593750 0.75781250 -0.55859380 / 0.12549020 0.18431370 0.69019610 0.00000000 / 29 17 21 33 / 140 15 209 255 / -0.85069870 -0.49896000 -0.16538050 1.00000000 / 0.55599980 0.54151920 / 0.0 0.0
				-0.02636719 0.11523440 0.62158200 / -0.18359380 0.98046870 -0.03125000 / 0.18039220 0.19607840 0.61960790 0.00392157 / 29 17 21 33 / 154 0 228 255 / -0.92028250 -0.18267090 -0.34599330 1.00000000 / 0.55342100 0.54548640 / 0.0 0.0
				-0.02392578 0.12158200 0.62597660 / -0.66406250 0.62500000 -0.41406250 / 0.10196080 0.37254900 0.45490200 0.07058824 / 35 21 17 29 / 137 39 203 255 / -0.68678940 -0.72684280 0.00443909 1.00000000 / 0.54475400 0.53005980 / 0.0 0.0
				-0.02636719 0.11523440 0.62109380 / -0.40234370 0.80859380 0.42578120 / 0.15294120 0.22745100 0.58039220 0.03921569 / 17 29 21 33 / 168 0 251 255 / -0.86841220 -0.19093770 -0.45760570 1.00000000 / 0.55317690 0.54745480 / 0.0 0.0
				-0.02636719 0.11523440 0.62255860 / -0.12109380 0.65625000 -0.74218750 / 0.16470590 0.23921570 0.59607840 0.00000000 / 29 17 21 33 / 134 2 200 255 / -0.97152990 -0.23219610 -0.04705905 1.00000000 / 0.55284120 0.54367070 / 0.0 0.0
				-0.02539063 0.11474610 0.62207030 / 0.38671880 0.71093750 0.58593750 / 0.23529410 0.25490200 0.50196080 0.00784314 / 29 17 21 33 / 158 0 234 255 / -0.88006010 0.47485310 0.00295444 1.00000000 / 0.55081180 0.54576110 / 0.0 0.0
				-0.02490234 0.11523440 0.62207030 / -0.12500000 0.25781250 0.95703130 / 0.20392160 0.30588230 0.45490200 0.03529412 / 17 29 21 33 / 172 0 255 255 / -0.99203960 -0.03931670 -0.11963070 1.00000000 / 0.55027770 0.54667660 / 0.0 0.0
				-0.02539063 0.11523440 0.62207030 / 0.23828120 0.15234370 -0.95703130 / 0.20392160 0.29411760 0.50196080 0.00000000 / 29 17 21 33 / 135 0 201 255 / -0.93430050 -0.23553970 -0.26758860 1.00000000 / 0.55062870 0.54461670 / 0.0 0.0
				-0.02441406 0.11572270 0.62255860 / 0.04296875 0.21875000 -0.97656250 / 0.14901960 0.39215690 0.41960790 0.03921569 / 29 17 21 35 / 116 0 173 255 / -0.94551950 -0.30624270 -0.11049160 1.00000000 / 0.54887390 0.54328920 / 0.0 0.0
				-0.02587891 0.11572270 0.62109380 / -0.59765620 0.51953120 0.61328130 / 0.12941180 0.30196080 0.50588240 0.06274510 / 17 29 21 33 / 174 0 255 255 / -0.79879970 -0.45521630 -0.39331550 1.00000000 / 0.55154420 0.54902650 / 0.0 0.0
				-0.02441406 0.11523440 0.62207030 / -0.42968750 0.12890630 0.89453130 / 0.16470590 0.38039220 0.39215690 0.06274510 / 17 21 29 33 / 177 0 255 255 / -0.77645240 -0.55803770 -0.29277230 1.00000000 / 0.54870610 0.54682920 / 0.0 0.0
				-0.02441406 0.11718750 0.62109380 / -0.68359370 0.45312500 0.57031250 / 0.10980390 0.38431370 0.41568630 0.09019608 / 33 21 29 17 / 175 0 255 255 / -0.68139310 -0.67660870 -0.27911320 1.00000000 / 0.54789730 0.54954530 / 0.0 0.0
				-0.02343750 0.11621090 0.62255860 / -0.48046870 0.07812500 0.87500000 / 0.10588240 0.28627450 0.50588240 0.10196080 / 17 21 29 33 / 177 0 255 255 / -0.63310640 -0.72042980 -0.28312050 1.00000000 / 0.54588320 0.54652400 / 0.0 0.0
				-0.02246094 0.12011720 0.62207030 / -0.72265620 0.47265620 0.50390620 / 0.18039220 0.24705880 0.51764710 0.05490196 / 33 21 29 17 / 175 0 255 255 / -0.65193890 -0.70836440 -0.27054690 1.00000000 / 0.54167180 0.55094910 / 0.0 0.0
				-0.02197266 0.11816410 0.62353520 / -0.32812500 0.04296875 0.94531250 / 0.16862750 0.18039220 0.58823530 0.06274510 / 33 21 29 17 / 177 0 255 255 / -0.64889380 -0.73633730 -0.19168750 1.00000000 / 0.54095460 0.54637140 / 0.0 0.0
				-0.01953125 0.12548830 0.62011720 / -0.75390630 0.60156250 0.25781250 / 0.15294120 0.27058820 0.56862750 0.00784314 / 21 33 29 17 / 169 0 252 255 / -0.63796520 -0.76608280 -0.07821375 1.00000000 / 0.53334040 0.55711360 / 0.0 0.0
				-0.01855469 0.12451170 0.62255860 / -0.68359370 0.50000000 0.53515630 / 0.12941180 0.27450980 0.59215690 0.00392157 / 21 33 29 17 / 174 0 255 255 / -0.64341700 -0.75684800 -0.11487340 1.00000000 / 0.53221130 0.55215450 / 0.0 0.0
				-0.01855469 0.12255860 0.62402340 / -0.12500000 -0.01562500 0.99218750 / 0.09411765 0.26274510 0.64313730 0.00000000 / 21 33 29 17 / 177 0 255 255 / -0.64291560 -0.76027440 -0.09296363 1.00000000 / 0.53245540 0.54736330 / 0.0 0.0
				-0.01416016 0.12792970 0.62451170 / -0.24609380 0.26953130 0.93359370 / 0.04313726 0.34509800 0.61176470 0.00000000 / 21 33 29 16 / 177 0 255 255 / -0.75694870 -0.65338460 -0.01081461 1.00000000 / 0.52139280 0.54753110 / 0.0 0.0
				-0.01416016 0.13037110 0.62255860 / -0.57812500 0.69140620 0.43359380 / 0.06666667 0.34901960 0.58431370 0.00000000 / 21 33 29 17 / 173 0 255 255 / -0.77608240 -0.62990110 -0.03034238 1.00000000 / 0.52084350 0.55278020 / 0.0 0.0
				-0.01513672 0.13134770 0.61669920 / -0.64062500 0.76562500 0.04687500 / 0.07843137 0.31764710 0.60392160 0.00000000 / 21 33 29 17 / 161 7 240 255 / -0.76655780 -0.64208560 0.01073169 1.00000000 / 0.52265930 0.56320190 / 0.0 0.0
				-0.01464844 0.13134770 0.61962890 / -0.62500000 0.74609370 0.23046880 / 0.07843137 0.34509800 0.57647060 0.00000000 / 21 33 29 17 / 168 0 249 255 / -0.77136280 -0.63544790 -0.03471931 1.00000000 / 0.52154540 0.55787660 / 0.0 0.0
				-0.00683594 0.13476560 0.62207030 / -0.35937500 0.80468750 0.46875000 / 0.03921569 0.31764710 0.64313730 0.00000000 / 21 33 29 16 / 173 0 255 255 / -0.91945760 -0.39187520 -0.03211596 1.00000000 / 0.50923160 0.55413820 / 0.0 0.0
				-0.00683594 0.13378910 0.62402340 / -0.04687500 0.16015630 0.98437500 / 0.03137255 0.30588230 0.66274510 0.00000000 / 21 33 29 16 / 177 0 255 255 / -0.90474460 -0.42515960 0.02600746 1.00000000 / 0.50814820 0.54873660 / 0.0 0.0
				0.00000000 0.13574220 0.62402340 / 0.00000000 0.45312500 0.89062500 / 0.20392160 0.25882350 0.52941180 0.00784314 / 33 31 29 17 / 177 0 255 255 / -0.99993480 0.01018223 -0.00516195 1.00000000 / 0.50001520 0.54879760 / 0.0 0.0
				-0.00732422 0.13574220 0.61914060 / -0.39062500 0.89843750 0.20312500 / 0.04705882 0.30196080 0.61176470 0.03921569 / 31 33 29 21 / 166 0 248 255 / -0.91922130 -0.39243790 -0.03201136 1.00000000 / 0.50941470 0.55979920 / 0.0 0.0
				0.00000000 0.13671870 0.62207030 / 0.00000000 0.94140630 0.33984380 / 0.20392160 0.26274510 0.51764710 0.01568628 / 33 31 29 17 / 172 0 255 255 / -0.99999220 -0.00134463 0.00372612 1.00000000 / 0.50007630 0.55529790 / 0.0 0.0
				0.00732422 0.13476560 0.62207030 / 0.36328130 0.80468750 0.46875000 / 0.03921569 0.38039220 0.54509810 0.03529412 / 33 31 29 25 / 173 0 255 255 / -0.91805410 0.39505660 0.03327329 1.00000000 / 0.49087520 0.55393980 / 0.0 0.0
				0.00732422 0.13330080 0.62402340 / 0.04687500 0.16015630 0.98437500 / 0.02745098 0.39215690 0.56470590 0.01568628 / 25 31 29 33 / 177 0 255 255 / -0.90963520 0.41471010 -0.02406638 1.00000000 / 0.49197390 0.54852300 / 0.0 0.0
				0.01464844 0.12792970 0.62451170 / 0.24609380 0.26562500 0.93359370 / 0.07058824 0.31764710 0.61176470 0.00000000 / 25 31 29 16 / 177 0 255 255 / -0.75984340 0.64992480 0.01535905 1.00000000 / 0.47869870 0.54740900 / 0.0 0.0
				0.00000000 0.13769530 0.61816410 / 0.00000000 0.99218750 0.11718750 / 0.20000000 0.28235300 0.50196080 0.01568628 / 33 31 29 17 / 166 0 246 255 / -1.00000000 0.00000177 -0.00001926 1.00000000 / 0.50004580 0.56106570 / 0.0 0.0
				0.00781250 0.13574220 0.61914060 / 0.37109380 0.90234380 0.21484370 / 0.03921569 0.36470590 0.56078430 0.03529412 / 33 31 29 25 / 166 0 248 255 / -0.92785100 0.36952890 0.05040711 1.00000000 / 0.49072270 0.55976870 / 0.0 0.0
				0.01464844 0.13037110 0.62255860 / 0.57812500 0.69140620 0.43359380 / 0.07843137 0.32156860 0.60000000 0.00000000 / 25 31 29 17 / 173 0 255 255 / -0.77778700 0.62746740 0.03649544 1.00000000 / 0.47917170 0.55305480 / 0.0 0.0
				-0.00732422 0.13623050 0.61474610 / -0.34765630 0.93750000 0.00000000 / 0.11764710 0.23529410 0.60784320 0.03921569 / 31 33 29 21 / 158 7 234 255 / -0.93756390 -0.34767820 -0.00968158 1.00000000 / 0.50985720 0.56550600 / 0.0 0.0
				0.01904297 0.12451170 0.62255860 / 0.68359370 0.49609370 0.53515630 / 0.11372550 0.27450980 0.58823530 0.02352941 / 25 31 29 17 / 174 0 255 255 / -0.64050280 0.75942140 0.11417240 1.00000000 / 0.46781920 0.55201720 / 0.0 0.0
				0.01904297 0.12255860 0.62402340 / 0.12500000 -0.01562500 0.99218750 / 0.09411765 0.27843140 0.60392160 0.02352941 / 25 31 29 17 / 177 0 255 255 / -0.61397770 0.78421080 0.08969339 1.00000000 / 0.46759030 0.54736330 / 0.0 0.0
				0.02197266 0.11816410 0.62353520 / 0.34765630 0.05468750 0.93750000 / 0.14117650 0.19607840 0.60000000 0.06274510 / 25 31 29 17 / 177 0 255 255 / -0.64808870 0.73553880 0.19739210 1.00000000 / 0.45910640 0.54637140 / 0.0 0.0
				0.02294922 0.11962890 0.62207030 / 0.72656250 0.46875000 0.50390620 / 0.18431370 0.19607840 0.56078430 0.05882353 / 25 31 29 17 / 175 0 255 255 / -0.64940120 0.70785420 0.27788610 1.00000000 / 0.45832830 0.55072020 / 0.0 0.0
				0.02392578 0.11621090 0.62255860 / 0.43750000 0.03125000 0.89843750 / 0.12549020 0.20392160 0.56862750 0.10196080 / 17 25 29 31 / 177 0 255 255 / -0.66593560 0.68278840 0.30054890 1.00000000 / 0.45416260 0.54652400 / 0.0 0.0
				0.02001953 0.12548830 0.62011720 / 0.75781250 0.60156250 0.25781250 / 0.12156860 0.27058820 0.58431370 0.02352941 / 25 31 29 17 / 169 0 252 255 / -0.63815020 0.76439260 0.09202239 1.00000000 / 0.46652220 0.55665590 / 0.0 0.0
				0.02490234 0.11718750 0.62109380 / 0.68359370 0.45312500 0.57031250 / 0.11372550 0.27058820 0.51372550 0.10196080 / 17 25 29 31 / 175 0 255 255 / -0.67988720 0.67985770 0.27485800 1.00000000 / 0.45214840 0.54954530 / 0.0 0.0
				0.02490234 0.11523440 0.62207030 / 0.34765630 0.05468750 0.93750000 / 0.25098040 0.25098040 0.45882350 0.03921569 / 25 17 29 31 / 177 0 255 255 / -0.66398110 0.71926980 0.20440170 1.00000000 / 0.45133970 0.54682920 / 0.0 0.0
				0.02343750 0.12060550 0.61962890 / 0.75781250 0.58593750 0.28906250 / 0.20000000 0.21176470 0.52941180 0.05882353 / 31 25 29 17 / 171 0 254 255 / -0.65056390 0.71477260 0.25664500 1.00000000 / 0.45669560 0.55575560 / 0.0 0.0
				0.01513672 0.13134770 0.61962890 / 0.60156250 0.77734370 0.19531250 / 0.07843137 0.31764710 0.60392160 0.00000000 / 25 31 29 17 / 168 0 251 255 / -0.79518170 0.60494200 0.04160760 1.00000000 / 0.47853090 0.55775450 / 0.0 0.0
				0.02587891 0.11572270 0.62109380 / 0.59765620 0.51562500 0.61328130 / 0.21568630 0.34509800 0.39215690 0.04705882 / 17 25 29 31 / 174 0 255 255 / -0.79446460 0.48325630 0.36781680 1.00000000 / 0.44850160 0.54902650 / 0.0 0.0
				0.02539063 0.11474610 0.62207030 / 0.08203125 0.23046880 0.96875000 / 0.28627450 0.34509800 0.34901960 0.01960784 / 25 29 17 31 / 172 0 255 255 / -0.99448870 -0.04388932 0.09521475 1.00000000 / 0.44976810 0.54667660 / 0.0 0.0
				0.00781250 0.13623050 0.61474610 / 0.38281250 0.92578120 0.01953125 / 0.05490196 0.34117650 0.56862750 0.03529412 / 33 31 29 25 / 158 7 236 255 / -0.92395320 0.38163320 0.02581851 1.00000000 / 0.49009700 0.56555170 / 0.0 0.0
				0.01562500 0.13134770 0.61669920 / 0.66796880 0.74218750 0.03515625 / 0.07450981 0.30980390 0.61568630 0.00000000 / 25 31 29 17 / 161 7 240 255 / -0.74330070 0.66895680 0.00090962 1.00000000 / 0.47709650 0.56301880 / 0.0 0.0
				0.00000000 0.13769530 0.61425780 / 0.00000000 0.99218750 -0.13281250 / 0.20784310 0.28235300 0.48627450 0.02352941 / 33 31 29 21 / 157 7 233 255 / -0.99999730 0.00030367 0.00226384 1.00000000 / 0.50001520 0.56669620 / 0.0 0.0
				0.00830078 0.13574220 0.61230470 / 0.30468750 0.80468750 -0.50390620 / 0.05098039 0.31372550 0.60392160 0.03137255 / 33 31 29 25 / 150 42 222 255 / -0.93627050 0.35124530 -0.00492940 1.00000000 / 0.48965450 0.56874080 / 0.0 0.0
				0.02001953 0.12548830 0.61718750 / 0.76953130 0.62890620 0.10546870 / 0.12549020 0.27058820 0.58039220 0.02352941 / 25 31 29 17 / 164 7 245 255 / -0.63802360 0.75787620 0.13619680 1.00000000 / 0.46502690 0.56161500 / 0.0 0.0
				-0.00781250 0.13574220 0.61230470 / -0.30468750 0.80859380 -0.50390620 / 0.15686280 0.16470590 0.64313730 0.03529412 / 33 31 29 21 / 150 42 222 255 / -0.93765160 -0.34744840 0.00942870 1.00000000 / 0.51023860 0.56887820 / 0.0 0.0
				0.00000000 0.13671870 0.61132810 / 0.00000000 0.76562500 -0.64062500 / 0.17647060 0.28627450 0.51764710 0.01960784 / 33 31 29 21 / 147 42 219 255 / -0.99997850 0.00419628 0.00502689 1.00000000 / 0.50001520 0.56970220 / 0.0 0.0
				0.00000000 0.13134770 0.60644530 / 0.00000000 0.76562500 -0.64453120 / 0.01176471 0.14117650 0.84313730 0.00392157 / 33 31 29 17 / 146 110 216 255 / -0.99999890 0.00097266 0.00115509 1.00000000 / 0.50003050 0.57998650 / 0.0 0.0
				-0.01513672 0.13134770 0.61376950 / -0.57812500 0.73828120 -0.34375000 / 0.07450981 0.21960780 0.70588230 0.00000000 / 21 33 29 17 / 154 42 230 255 / -0.79421290 -0.60675720 0.03273491 1.00000000 / 0.52297980 0.56750490 / 0.0 0.0
				-0.00781250 0.13085940 0.60644530 / -0.23437500 0.81250000 -0.53515630 / 0.03529412 0.04705882 0.90980400 0.00784314 / 33 31 29 17 / 148 110 219 255 / -0.94687630 -0.31519670 -0.06384672 1.00000000 / 0.51148990 0.57785030 / 0.0 0.0
				-0.01513672 0.12744140 0.60595700 / -0.53906250 0.75000000 -0.38281250 / 0.06666667 0.06666667 0.86666670 0.00000000 / 33 21 29 17 / 153 109 228 255 / -0.80924360 -0.58736630 -0.01121745 1.00000000 / 0.52565000 0.57859800 / 0.0 0.0
				-0.00781250 0.12695310 0.60009760 / -0.24218750 0.87109370 -0.42968750 / 0.00000000 0.00784314 0.99215690 0.00000000 / 15 33 29 17 / 154 176 230 255 / -0.95086870 -0.30070920 -0.07363859 1.00000000 / 0.51362610 0.59049990 / 0.0 0.0
				0.00000000 0.12792970 0.60107420 / 0.00000000 0.90625000 -0.42578120 / 0.00000000 0.00000000 1.00000000 0.00000000 / 16 33 29 16 / 153 176 227 255 / -1.00000000 -0.00003401 -0.00007261 1.00000000 / 0.50003050 0.59042360 / 0.0 0.0
				-0.00781250 0.12744140 0.59863280 / -0.30078130 0.93750000 0.17578120 / 0.00000000 0.00000000 1.00000000 0.00000000 / 16 33 29 16 / 162 208 242 255 / -0.95369030 -0.29662060 -0.04990796 1.00000000 / 0.51316830 0.59326170 / 0.0 0.0
				-0.01464844 0.12353520 0.59667970 / -0.44140630 0.83593750 0.32031250 / 0.00000000 0.00000000 1.00000000 0.00000000 / 16 16 29 16 / 164 207 243 255 / -0.89301280 -0.44439510 -0.07100061 1.00000000 / 0.52842710 0.59675600 / 0.0 0.0
				0.00830078 0.13085940 0.60644530 / 0.23828120 0.81250000 -0.53515630 / 0.03137255 0.16078430 0.80784310 0.00000000 / 25 31 29 17 / 148 110 219 255 / -0.94697670 0.31601510 0.05804647 1.00000000 / 0.48855590 0.57785030 / 0.0 0.0
				-0.01464844 0.12597660 0.59228510 / -0.43750000 0.88281250 0.16796870 / 0.00000000 0.00000000 1.00000000 0.00000000 / 16 16 29 16 / 163 214 243 255 / -0.89724900 -0.44113750 -0.01848686 1.00000000 / 0.52720640 0.60612490 / 0.0 0.0
				0.01562500 0.13134770 0.61376950 / 0.57812500 0.73828120 -0.34375000 / 0.06274510 0.29411760 0.63921570 0.00392157 / 25 31 29 17 / 155 42 230 255 / -0.78872700 0.61470950 -0.00649363 1.00000000 / 0.47662360 0.56716920 / 0.0 0.0
				-0.01562500 0.12548830 0.58642580 / -0.52734370 0.83203120 -0.16406250 / 0.00000000 0.00000000 1.00000000 0.00000000 / 16 16 29 16 / 156 214 233 255 / -0.84404800 -0.53622570 -0.00670315 1.00000000 / 0.52789310 0.61738590 / 0.0 0.0
				-0.00732422 0.12841800 0.59375000 / -0.23828120 0.95703130 0.17187500 / 0.00000000 0.00000000 1.00000000 0.00000000 / 16 16 29 16 / 163 214 243 255 / -0.97091270 -0.23892330 -0.01562769 1.00000000 / 0.51222230 0.60252380 / 0.0 0.0
				-0.00830078 0.12890630 0.58691410 / -0.26562500 0.96484370 -0.03906250 / 0.00000000 0.00000000 1.00000000 0.00000000 / 16 16 29 16 / 157 214 234 255 / -0.96384340 -0.26596330 -0.01641671 1.00000000 / 0.51400760 0.61650080 / 0.0 0.0
				-0.01611328 0.12304690 0.58007810 / -0.61328130 0.67578120 -0.40625000 / 0.00000000 0.00000000 1.00000000 0.00000000 / 16 16 29 16 / 146 214 216 255 / -0.75746270 -0.64989840 0.06230843 1.00000000 / 0.52903750 0.62879940 / 0.0 0.0
				-0.00830078 0.12744140 0.57910160 / -0.33984380 0.89062500 -0.30078130 / 0.00000000 0.00000000 1.00000000 0.00000000 / 16 16 29 16 / 146 214 218 255 / -0.93593170 -0.35182860 0.01576027 1.00000000 / 0.51417540 0.62995910 / 0.0 0.0
				-0.02343750 0.11181640 0.57714840 / -0.71484380 0.45312500 -0.52734370 / 0.00000000 0.00000000 1.00000000 0.00000000 / 16 16 29 16 / 137 214 203 255 / -0.59102500 -0.79838890 0.11517220 1.00000000 / 0.54803470 0.63627620 / 0.0 0.0
				-0.01611328 0.11865230 0.57373050 / -0.61328130 0.56250000 -0.55468750 / 0.00000000 0.00000000 1.00000000 0.00000000 / 16 16 29 16 / 134 214 200 255 / -0.72701270 -0.67643430 0.11785180 1.00000000 / 0.53001400 0.64039610 / 0.0 0.0
				-0.03222656 0.09863281 0.58056640 / -0.73437500 0.36328130 -0.57031250 / 0.00000000 0.00000000 1.00000000 0.00000000 / 16 16 29 16 / 136 214 201 255 / -0.50352840 -0.85794780 0.10190500 1.00000000 / 0.57530210 0.63488770 / 0.0 0.0
				-0.02392578 0.10546870 0.57324220 / -0.69531250 0.35156250 -0.62500000 / 0.00000000 0.00000000 1.00000000 0.00000000 / 16 16 29 16 / 129 214 191 255 / -0.55598190 -0.81570600 0.15971180 1.00000000 / 0.55030820 0.64491270 / 0.0 0.0
				-0.02343750 0.09960938 0.57080080 / -0.63281250 0.28906250 -0.71875000 / 0.00000000 0.00000000 1.00000000 0.00000000 / 16 16 29 16 / 122 198 180 255 / -0.56050320 -0.81107940 0.16729160 1.00000000 / 0.55259710 0.65310670 / 0.0 0.0
				-0.01611328 0.11328120 0.56982420 / -0.57421870 0.37500000 -0.72656250 / 0.00000000 0.00000000 1.00000000 0.00000000 / 16 16 29 16 / 122 214 182 255 / -0.67575210 -0.71887840 0.16301170 1.00000000 / 0.53126530 0.64930720 / 0.0 0.0
				-0.01513672 0.10791020 0.56689450 / -0.47656250 0.23046880 -0.84765630 / 0.00000000 0.00000000 1.00000000 0.00000000 / 16 16 29 16 / 111 193 165 255 / -0.68666780 -0.70013790 0.19568820 1.00000000 / 0.53294370 0.65679930 / 0.0 0.0
				-0.00781250 0.11279300 0.56542970 / -0.26171870 0.28515620 -0.92187500 / 0.00000000 0.00000000 1.00000000 0.00000000 / 16 16 29 16 / 102 191 152 255 / -0.88794790 -0.44552120 0.11427770 1.00000000 / 0.51556400 0.65679930 / 0.0 0.0
				-0.00830078 0.11914060 0.56787110 / -0.35156250 0.50000000 -0.79296870 / 0.00000000 0.00000000 1.00000000 0.00000000 / 16 16 29 16 / 116 214 173 255 / -0.88511900 -0.45294180 0.10680900 1.00000000 / 0.51570130 0.65002440 / 0.0 0.0
				-0.00830078 0.12402340 0.57226560 / -0.27734380 0.75390630 -0.59375000 / 0.00000000 0.00000000 1.00000000 0.00000000 / 16 16 29 16 / 132 214 197 255 / -0.94867940 -0.31289470 0.04587248 1.00000000 / 0.51513670 0.64099120 / 0.0 0.0
				0.00000000 0.11962890 0.56738280 / 0.00000000 0.52343750 -0.85156250 / 0.00000000 0.00000000 1.00000000 0.00000000 / 16 16 29 16 / 114 214 168 255 / -0.99988160 0.01311337 0.00805981 1.00000000 / 0.50012210 0.65068050 / 0.0 0.0
				0.00000000 0.11425780 0.56494140 / 0.00000000 0.28906250 -0.95703130 / 0.00000000 0.00000000 1.00000000 0.00000000 / 16 16 29 16 / 98 190 147 255 / -0.99994800 0.00975742 0.00294728 1.00000000 / 0.49989320 0.65766910 / 0.0 0.0
				0.00000000 0.10644530 0.56298830 / 0.00000000 0.15625000 -0.98828130 / 0.00000000 0.00000000 1.00000000 0.00000000 / 16 16 29 16 / 91 145 135 255 / -0.99998090 0.00610486 0.00096574 1.00000000 / 0.49978640 0.66864020 / 0.0 0.0
				0.00830078 0.10449220 0.56347660 / 0.17968750 0.12890630 -0.97656250 / 0.00000000 0.00000000 1.00000000 0.00000000 / 16 16 29 16 / 94 147 140 255 / -0.89539190 0.43205860 -0.10769750 1.00000000 / 0.48416140 0.66831970 / 0.0 0.0
				0.00830078 0.11279300 0.56542970 / 0.26562500 0.28515620 -0.92187500 / 0.00000000 0.00000000 1.00000000 0.00000000 / 16 16 29 16 / 102 191 152 255 / -0.89184190 0.43550870 -0.12227130 1.00000000 / 0.48428340 0.65652460 / 0.0 0.0
				0.00732422 0.09960938 0.56396480 / 0.23046880 0.28906250 -0.92968750 / 0.00000000 0.00000000 1.00000000 0.00000000 / 16 16 29 16 / 96 110 143 255 / -0.90131280 0.42333280 -0.09178456 1.00000000 / 0.48439030 0.67289730 / 0.0 0.0
				0.01416016 0.09521484 0.56494140 / 0.38671880 0.28906250 -0.87500000 / 0.00000000 0.00000000 1.00000000 0.00000000 / 16 16 29 16 / 105 119 156 255 / -0.67758400 0.73320790 -0.05732450 1.00000000 / 0.46891790 0.67097470 / 0.0 0.0
				0.01513672 0.10009770 0.56542970 / 0.41796880 0.16406250 -0.89453130 / 0.00000000 0.00000000 1.00000000 0.00000000 / 16 16 29 16 / 104 153 155 255 / -0.65920200 0.73160900 -0.17378410 1.00000000 / 0.46716310 0.66693120 / 0.0 0.0
				0.01318359 0.08935547 0.56054690 / 0.39062500 0.44921870 -0.80078130 / 0.00000000 0.00000000 1.00000000 0.00000000 / 16 16 29 16 / 109 92 162 255 / -0.80088610 0.59616820 -0.05625613 1.00000000 / 0.47036740 0.68493650 / 0.0 0.0
				0.02343750 0.09375000 0.56884770 / 0.51171880 0.18359380 -0.83984370 / 0.00000000 0.00000000 1.00000000 0.00000000 / 16 16 29 16 / 117 166 174 255 / -0.47440820 0.87485650 -0.09778959 1.00000000 / 0.44515990 0.66128540 / 0.0 0.0
				0.01220703 0.08203125 0.55712890 / 0.35937500 0.34765630 -0.86718750 / 0.00000000 0.00000000 1.00000000 0.00000000 / 16 16 29 16 / 112 79 165 255 / -0.81138380 0.57485840 -0.10580240 1.00000000 / 0.47079470 0.70114140 / 0.0 0.0
				0.02294922 0.08984375 0.56787110 / 0.54296870 0.42578120 -0.72656250 / 0.00000000 0.00000000 1.00000000 0.00000000 / 16 16 29 16 / 117 135 174 255 / -0.60274350 0.79774190 0.01755388 1.00000000 / 0.44618230 0.66423040 / 0.0 0.0
				0.02294922 0.08496094 0.56298830 / 0.53515630 0.42968750 -0.72656250 / 0.00000000 0.00000000 1.00000000 0.00000000 / 16 16 29 16 / 118 108 176 255 / -0.74052440 0.65287360 -0.15931070 1.00000000 / 0.44635010 0.67767330 / 0.0 0.0
				0.01171875 0.07568359 0.55419920 / 0.38281250 0.39843750 -0.83593750 / 0.01568628 0.02352941 0.96078430 0.00000000 / 17 16 29 16 / 116 83 173 255 / -0.79865600 0.59621960 -0.08167493 1.00000000 / 0.47109980 0.71380620 / 0.0 0.0
				0.01171875 0.07177734 0.55175780 / 0.44921870 0.53125000 -0.71875000 / 0.01176471 0.10196080 0.88627450 0.00000000 / 17 16 29 16 / 125 104 185 255 / -0.78937600 0.61256600 -0.04060429 1.00000000 / 0.47200010 0.72157290 / 0.0 0.0
				0.02294922 0.07031250 0.55712890 / 0.52734370 0.33593750 -0.78125000 / 0.01176471 0.02352941 0.96470590 0.00000000 / 17 16 29 16 / 122 90 180 255 / -0.67567900 0.72272360 -0.14535600 1.00000000 / 0.44789120 0.70771790 / 0.0 0.0
				0.02294922 0.07714844 0.56005860 / 0.53125000 0.30859370 -0.78906250 / 0.00000000 0.00000000 1.00000000 0.00000000 / 16 16 29 16 / 119 91 176 255 / -0.68610360 0.70306720 -0.18697160 1.00000000 / 0.44851680 0.69471740 / 0.0 0.0
				0.01123047 0.06933594 0.54882810 / 0.50781250 0.66796880 -0.54296870 / 0.00000000 0.19607840 0.80392160 0.00000000 / 17 16 29 15 / 134 141 198 255 / -0.80327860 0.59530350 -0.01890114 1.00000000 / 0.47428890 0.72767640 / 0.0 0.0
				0.02294922 0.06201172 0.55175780 / 0.62109380 0.58984370 -0.51562500 / 0.00000000 0.19607840 0.80392160 0.00000000 / 17 16 29 15 / 137 143 204 255 / -0.70887520 0.70363410 -0.04893966 1.00000000 / 0.45127870 0.72268680 / 0.0 0.0
				0.02294922 0.05859375 0.54687500 / 0.61328130 0.70703130 -0.35156250 / 0.00000000 0.35686280 0.64313730 0.00000000 / 17 16 29 15 / 146 189 216 255 / -0.75834250 0.65174310 -0.01214420 1.00000000 / 0.45240780 0.73294070 / 0.0 0.0
				0.02392578 0.05419922 0.53808590 / 0.53125000 0.81250000 -0.23828120 / 0.00392157 0.37647060 0.61960790 0.00000000 / 17 29 16 15 / 154 214 228 255 / -0.82689530 0.55890380 0.06221597 1.00000000 / 0.45179750 0.74784850 / 0.0 0.0
				0.03466797 0.04687500 0.54296870 / 0.58984370 0.80468750 -0.04296875 / 0.00392157 0.37647060 0.61960790 0.00000000 / 17 29 16 15 / 158 214 234 255 / -0.80207460 0.59215080 0.07767626 1.00000000 / 0.42330930 0.73870850 / 0.0 0.0
				0.03515625 0.04833984 0.55273440 / 0.71093750 0.65625000 -0.25781250 / 0.00000000 0.35686280 0.64313730 0.00000000 / 17 16 29 15 / 150 190 222 255 / -0.66215860 0.74583220 0.07266523 1.00000000 / 0.41767880 0.72169500 / 0.0 0.0
				0.02294922 0.06542969 0.55468750 / 0.60156250 0.46484380 -0.64843750 / 0.00392157 0.11372550 0.88235290 0.00000000 / 17 16 29 16 / 129 109 191 255 / -0.66720300 0.73957060 -0.08874287 1.00000000 / 0.44882200 0.71566770 / 0.0 0.0
				0.03662109 0.05126953 0.55810550 / 0.73046870 0.50781250 -0.46093750 / 0.00000000 0.19607840 0.80392160 0.00000000 / 17 16 29 15 / 142 147 210 255 / -0.56232770 0.82668440 0.01949876 1.00000000 / 0.41545110 0.71090700 / 0.0 0.0
				0.03759766 0.05419922 0.56201170 / 0.70703130 0.35546870 -0.60937500 / 0.00784314 0.10980390 0.88235290 0.00000000 / 17 16 29 16 / 134 116 200 255 / -0.50083720 0.86200430 -0.07817025 1.00000000 / 0.41352850 0.70211790 / 0.0 0.0
				0.04589844 0.03808594 0.55957030 / 0.77734370 0.60546880 -0.17968750 / 0.00000000 0.35294120 0.64705880 0.00000000 / 17 16 29 15 / 154 192 228 255 / -0.59076520 0.79650550 0.12874590 1.00000000 / 0.37069700 0.70208740 / 0.0 0.0
				0.03808594 0.05859375 0.56494140 / 0.65625000 0.26171870 -0.71093750 / 0.01176471 0.02352941 0.96470590 0.00000000 / 17 16 29 16 / 129 100 191 255 / -0.50962810 0.84551920 -0.15930040 1.00000000 / 0.41209410 0.69255060 / 0.0 0.0
				0.04687500 0.03955078 0.56591800 / 0.82031250 0.44531250 -0.35937500 / 0.00392157 0.19215690 0.80392160 0.00000000 / 17 16 29 15 / 147 153 218 255 / -0.46003360 0.88657460 0.04852559 1.00000000 / 0.36586000 0.69097900 / 0.0 0.0
				0.03808594 0.06640625 0.56738280 / 0.65234380 0.26171870 -0.71093750 / 0.00000000 0.00000000 1.00000000 0.00000000 / 16 16 29 16 / 127 104 189 255 / -0.51253630 0.84368380 -0.15970010 1.00000000 / 0.41149900 0.67927550 / 0.0 0.0
				0.04931641 0.04687500 0.57324220 / 0.76562500 0.19921870 -0.60937500 / 0.01568628 0.01960784 0.96470590 0.00000000 / 16 17 29 16 / 136 112 201 255 / -0.33400870 0.93568250 -0.11373840 1.00000000 / 0.35830690 0.67070010 / 0.0 0.0
				0.04833984 0.04248047 0.56982420 / 0.82031250 0.28515620 -0.49609370 / 0.02352941 0.09411765 0.88235290 0.00000000 / 17 16 29 15 / 140 125 209 255 / -0.35131250 0.93525590 -0.04331374 1.00000000 / 0.36192320 0.68136600 / 0.0 0.0
				0.03808594 0.07568359 0.57128910 / 0.68750000 0.33593750 -0.64453120 / 0.00000000 0.00000000 1.00000000 0.00000000 / 16 16 29 16 / 130 134 192 255 / -0.58219780 0.78493940 -0.21193350 1.00000000 / 0.41613770 0.66447450 / 0.0 0.0
				0.05029297 0.05322266 0.57617190 / 0.76562500 0.19921870 -0.61328130 / 0.00000000 0.00000000 1.00000000 0.00000000 / 16 16 29 16 / 135 118 200 255 / -0.33496540 0.93527100 -0.11430840 1.00000000 / 0.35563660 0.65907290 / 0.0 0.0
				0.05664062 0.03076172 0.57958980 / 0.87890620 0.19140620 -0.43359380 / 0.05882353 0.05882353 0.88235290 0.00000000 / 16 17 29 16 / 146 137 216 255 / -0.27198780 0.95340250 -0.13056210 1.00000000 / 0.31857300 0.65766910 / 0.0 0.0
				0.03466797 0.08300782 0.57373050 / 0.64843750 0.42187500 -0.63281250 / 0.00000000 0.00000000 1.00000000 0.00000000 / 16 16 29 16 / 129 160 191 255 / -0.60522000 0.79058680 -0.09317358 1.00000000 / 0.41458130 0.65127560 / 0.0 0.0
				0.05761719 0.03466797 0.58203120 / 0.85156250 0.08203125 -0.51562500 / 0.01176471 0.02745098 0.96078430 0.00000000 / 16 17 29 16 / 142 126 212 255 / -0.20452720 0.96124080 -0.18489110 1.00000000 / 0.31602480 0.64822390 / 0.0 0.0
				0.03466797 0.08740234 0.57519530 / 0.64062500 0.29687500 -0.70703130 / 0.00000000 0.00000000 1.00000000 0.00000000 / 16 16 29 16 / 129 187 192 255 / -0.45356820 0.89044730 -0.03713944 1.00000000 / 0.41671750 0.64764400 / 0.0 0.0
				0.05615234 0.02832031 0.57617190 / 0.90625000 0.33593750 -0.26171870 / 0.05490196 0.14117650 0.80392160 0.00000000 / 17 16 29 15 / 151 162 224 255 / -0.34812380 0.93744620 -0.00211654 1.00000000 / 0.32081610 0.66740420 / 0.0 0.0
				0.02392578 0.09960938 0.57080080 / 0.63281250 0.28515620 -0.71875000 / 0.00000000 0.00000000 1.00000000 0.00000000 / 16 16 29 16 / 122 198 182 255 / -0.55874410 0.81175710 -0.16986900 1.00000000 / 0.44744870 0.65310670 / 0.0 0.0
				0.05615234 0.02685547 0.57031250 / 0.89843750 0.41015630 -0.14843750 / 0.03137255 0.30196080 0.64313730 0.02352941 / 17 16 29 15 / 156 195 231 255 / -0.38760410 0.90740720 0.16240510 1.00000000 / 0.32691950 0.68171690 / 0.0 0.0
				0.01562500 0.10791020 0.56689450 / 0.47656250 0.23046880 -0.84765630 / 0.00000000 0.00000000 1.00000000 0.00000000 / 16 16 29 16 / 111 193 165 255 / -0.69410840 0.69083180 -0.20239770 1.00000000 / 0.46719360 0.65692140 / 0.0 0.0
				0.01611328 0.11328120 0.56982420 / 0.57812500 0.37109380 -0.72656250 / 0.00000000 0.00000000 1.00000000 0.00000000 / 16 16 29 16 / 123 214 182 255 / -0.67629400 0.71619070 -0.17232910 1.00000000 / 0.46833800 0.64938350 / 0.0 0.0
				0.00878906 0.11914060 0.56787110 / 0.35156250 0.50000000 -0.79296870 / 0.00000000 0.00000000 1.00000000 0.00000000 / 16 16 29 16 / 116 214 173 255 / -0.88670820 0.44905990 -0.10997170 1.00000000 / 0.48448180 0.64955140 / 0.0 0.0
				0.02392578 0.10546870 0.57324220 / 0.69921880 0.34765630 -0.62500000 / 0.00000000 0.00000000 1.00000000 0.00000000 / 16 16 29 16 / 130 214 192 255 / -0.55020180 0.81963400 -0.15961860 1.00000000 / 0.44973750 0.64491270 / 0.0 0.0
				0.01660156 0.11865230 0.57373050 / 0.61328130 0.56250000 -0.55468750 / 0.00000000 0.00000000 1.00000000 0.00000000 / 16 16 29 16 / 135 214 200 255 / -0.72635010 0.67745120 -0.11608420 1.00000000 / 0.47006220 0.64051820 / 0.0 0.0
				0.00878906 0.12402340 0.57226560 / 0.28125000 0.75390630 -0.59375000 / 0.00000000 0.00000000 1.00000000 0.00000000 / 16 16 29 16 / 132 214 197 255 / -0.94839320 0.31279160 -0.05207590 1.00000000 / 0.48504640 0.64100650 / 0.0 0.0
				0.00000000 0.12500000 0.57177730 / 0.00000000 0.78125000 -0.62500000 / 0.00000000 0.00000000 1.00000000 0.00000000 / 16 16 29 16 / 131 214 195 255 / -1.00000000 0.00004669 0.00005999 1.00000000 / 0.49996950 0.64170840 / 0.0 0.0
				0.00000000 0.12890630 0.57861330 / 0.00000000 0.94140630 -0.34375000 / 0.00000000 0.00000000 1.00000000 0.00000000 / 16 16 29 16 / 147 214 218 255 / -0.99998350 -0.00197204 -0.00538845 1.00000000 / 0.50006100 0.63070680 / 0.0 0.0
				0.00878906 0.12744140 0.57910160 / 0.34375000 0.89062500 -0.30078130 / 0.00000000 0.00000000 1.00000000 0.00000000 / 16 16 29 16 / 147 214 218 255 / -0.93520160 0.35341840 -0.02221054 1.00000000 / 0.48600770 0.63018800 / 0.0 0.0
				0.00000000 0.12988280 0.58740230 / 0.00000000 1.00000000 -0.05468750 / 0.00000000 0.00000000 1.00000000 0.00000000 / 16 16 29 16 / 158 214 234 255 / -0.99999620 -0.00014988 -0.00274072 1.00000000 / 0.49998470 0.61643980 / 0.0 0.0
				0.01611328 0.12304690 0.58007810 / 0.61718750 0.67578120 -0.40625000 / 0.00000000 0.00000000 1.00000000 0.00000000 / 16 16 29 16 / 146 214 218 255 / -0.75446300 0.65368940 -0.05895467 1.00000000 / 0.47142030 0.62902830 / 0.0 0.0
				0.00000000 0.12939450 0.59423830 / 0.00000000 0.99218750 0.12890630 / 0.00000000 0.00000000 1.00000000 0.00000000 / 16 16 29 16 / 163 214 243 255 / -1.00000000 0.00000145 -0.00001054 1.00000000 / 0.50003050 0.60209660 / 0.0 0.0
				0.02392578 0.11181640 0.57714840 / 0.71875000 0.45312500 -0.52734370 / 0.00000000 0.00000000 1.00000000 0.00000000 / 16 16 29 16 / 138 214 204 255 / -0.58693440 0.80201260 -0.11083300 1.00000000 / 0.45201110 0.63627620 / 0.0 0.0
				0.00000000 0.12792970 0.59912110 / 0.00000000 0.96875000 0.25000000 / 0.00000000 0.00000000 1.00000000 0.00000000 / 16 33 29 16 / 161 208 240 255 / -1.00000000 -0.00000069 0.00000291 1.00000000 / 0.50003050 0.59266660 / 0.0 0.0
				0.00781250 0.12841800 0.59375000 / 0.23828120 0.95703130 0.17187500 / 0.00000000 0.00000000 1.00000000 0.00000000 / 16 16 29 16 / 163 214 243 255 / -0.97092200 0.23885020 0.01614878 1.00000000 / 0.48782350 0.60252380 / 0.0 0.0
				0.00781250 0.12744140 0.59863280 / 0.30468750 0.93750000 0.17578120 / 0.00000000 0.00000000 1.00000000 0.00000000 / 16 17 29 16 / 162 208 242 255 / -0.95254740 0.30013070 0.05074402 1.00000000 / 0.48687750 0.59326170 / 0.0 0.0
				0.00830078 0.12695310 0.60009760 / 0.24218750 0.87109370 -0.42968750 / 0.00392157 0.02352941 0.97254900 0.00000000 / 25 31 29 17 / 155 176 230 255 / -0.95233860 0.29767890 0.06662109 1.00000000 / 0.48641970 0.59049990 / 0.0 0.0
				0.00878906 0.12890630 0.58691410 / 0.26953130 0.96093750 -0.03906250 / 0.00000000 0.00000000 1.00000000 0.00000000 / 16 16 29 16 / 157 214 234 255 / -0.96251560 0.27069550 0.01696227 1.00000000 / 0.48597720 0.61654660 / 0.0 0.0
				0.01562500 0.12744140 0.60595700 / 0.54296870 0.74609370 -0.38281250 / 0.06666667 0.15686280 0.77254900 0.00392157 / 25 31 29 17 / 153 109 228 255 / -0.80374820 0.59466550 0.01902137 1.00000000 / 0.47439580 0.57859800 / 0.0 0.0
				0.01562500 0.12548830 0.58642580 / 0.53125000 0.83203120 -0.16406250 / 0.00000000 0.00000000 1.00000000 0.00000000 / 16 16 29 16 / 156 214 233 255 / -0.84204940 0.53933500 0.00839847 1.00000000 / 0.47238160 0.61737060 / 0.0 0.0
				0.01513672 0.12597660 0.59228510 / 0.44140630 0.88281250 0.16796870 / 0.00000000 0.00000000 1.00000000 0.00000000 / 16 16 29 16 / 163 214 243 255 / -0.89572220 0.44419970 0.01919110 1.00000000 / 0.47285460 0.60612490 / 0.0 0.0
				0.01513672 0.12353520 0.59667970 / 0.44531250 0.83593750 0.32031250 / 0.00000000 0.05490196 0.94509810 0.00000000 / 31 25 29 17 / 164 207 243 255 / -0.89145400 0.44739210 0.07176492 1.00000000 / 0.47161860 0.59675600 / 0.0 0.0
				0.02197266 0.12158200 0.59277350 / 0.49609370 0.85546880 0.14453130 / 0.00000000 0.00000000 1.00000000 0.00000000 / 16 16 29 16 / 162 213 242 255 / -0.86812060 0.48989710 0.07979594 1.00000000 / 0.45681760 0.60382080 / 0.0 0.0
				0.02392578 0.11718750 0.58251950 / 0.70312500 0.57031250 -0.42578120 / 0.00000000 0.00000000 1.00000000 0.00000000 / 16 16 29 16 / 145 214 216 255 / -0.63882900 0.76894100 -0.02504483 1.00000000 / 0.45404050 0.62506100 / 0.0 0.0
				0.01513672 0.12353520 0.59765620 / 0.50000000 0.83203120 -0.24218750 / 0.03137255 0.05882353 0.90980400 0.00000000 / 31 25 29 17 / 158 175 236 255 / -0.83978110 0.53370530 0.09963106 1.00000000 / 0.47100830 0.59420780 / 0.0 0.0
				0.02099609 0.12060550 0.59619140 / 0.39843750 0.87500000 0.26953130 / 0.00000000 0.04313726 0.95686280 0.00000000 / 17 25 29 16 / 165 204 245 255 / -0.91668700 0.38795130 0.09580597 1.00000000 / 0.45750430 0.59513860 / 0.0 0.0
				0.02050781 0.12207030 0.60546880 / 0.63671870 0.73046870 -0.25000000 / 0.12549020 0.13725490 0.71764700 0.01960784 / 31 25 29 17 / 158 103 236 255 / -0.71125630 0.68040600 0.17652780 1.00000000 / 0.45985410 0.57908630 / 0.0 0.0
				0.02099609 0.12011720 0.59814460 / 0.52343750 0.84765630 -0.07421875 / 0.01176471 0.10196080 0.88235290 0.00392157 / 31 25 29 17 / 162 169 240 255 / -0.82972630 0.52813590 0.18062840 1.00000000 / 0.45703120 0.59082030 / 0.0 0.0
				0.02001953 0.12548830 0.61474610 / 0.73046870 0.65625000 -0.18359380 / 0.12156860 0.26666670 0.59215690 0.01960784 / 25 31 29 17 / 159 39 237 255 / -0.64651460 0.75335230 0.12032920 1.00000000 / 0.46423340 0.56565860 / 0.0 0.0
				0.02539063 0.11816410 0.60644530 / 0.62500000 0.76953130 -0.13281250 / 0.09803922 0.30196080 0.56470590 0.03529412 / 31 25 29 17 / 161 84 240 255 / -0.72179470 0.63410260 0.27735610 1.00000000 / 0.44807440 0.57434080 / 0.0 0.0
				0.02441406 0.12060550 0.61474610 / 0.73828120 0.67187500 -0.06640625 / 0.20784310 0.25098040 0.49411760 0.04705882 / 31 25 29 17 / 163 30 242 255 / -0.63213560 0.72234530 0.28039600 1.00000000 / 0.45343020 0.56358340 / 0.0 0.0
				0.02392578 0.12109380 0.61669920 / 0.73828120 0.64453120 0.19140620 / 0.21176470 0.23137260 0.50196080 0.05490196 / 31 25 29 17 / 166 5 248 255 / -0.67064660 0.68063510 0.29490490 1.00000000 / 0.45458990 0.56056210 / 0.0 0.0
				0.02783203 0.11718750 0.61523430 / 0.66406250 0.74609370 0.02343750 / 0.12941180 0.36862750 0.41568630 0.08627451 / 31 29 25 17 / 165 16 245 255 / -0.66418930 0.57606030 0.47645270 1.00000000 / 0.44372560 0.55918880 / 0.0 0.0
				0.02636719 0.11718750 0.60107420 / 0.49609370 0.86718750 0.02343750 / 0.01568628 0.28627450 0.69019610 0.00784314 / 17 25 29 31 / 163 147 242 255 / -0.86231140 0.48975760 0.12867240 1.00000000 / 0.44497680 0.58355710 / 0.0 0.0
				0.02685547 0.11718750 0.61718750 / 0.73046870 0.62500000 0.27343750 / 0.13725490 0.36078430 0.40392160 0.09803922 / 31 25 29 17 / 168 2 251 255 / -0.67455030 0.60057070 0.42929790 1.00000000 / 0.44577030 0.55749510 / 0.0 0.0
				0.02636719 0.11767580 0.61914060 / 0.71875000 0.57031250 0.40234370 / 0.11764710 0.32156860 0.45490200 0.10588240 / 31 25 29 17 / 172 0 255 255 / -0.69137720 0.65271230 0.30978110 1.00000000 / 0.44847110 0.55398560 / 0.0 0.0
				0.02880859 0.11474610 0.61816410 / 0.62890620 0.70312500 0.33203120 / 0.15686280 0.28235300 0.49019610 0.07058824 / 17 29 25 31 / 167 0 249 255 / -0.75362920 0.44611370 0.48272720 1.00000000 / 0.44061280 0.55284120 / 0.0 0.0
				0.02734375 0.11572270 0.61962890 / 0.62109380 0.68359370 0.38281250 / 0.18431370 0.32941180 0.43137260 0.05490196 / 17 29 25 31 / 170 0 254 255 / -0.77971120 0.49040740 0.38929560 1.00000000 / 0.44473270 0.55102540 / 0.0 0.0
				0.02685547 0.11523440 0.62109380 / 0.40625000 0.80859380 0.42578120 / 0.29411760 0.29411760 0.40784320 0.00392157 / 29 17 25 31 / 168 0 251 255 / -0.85297570 0.16842990 0.49402820 1.00000000 / 0.44686890 0.54745480 / 0.0 0.0
				0.02587891 0.11474610 0.62207030 / -0.43359380 0.71875000 0.54296870 / 0.28627450 0.30588230 0.40784320 0.00000000 / 29 25 17 31 / 158 0 234 255 / -0.75315070 -0.61999780 0.21992470 1.00000000 / 0.44923400 0.54576110 / 0.0 0.0
				0.02685547 0.11474610 0.62158200 / 0.16796870 0.97265620 -0.15234370 / 0.23921570 0.32941180 0.43137260 0.00000000 / 29 17 25 31 / 154 0 228 255 / -0.92875630 0.20813720 0.30674220 1.00000000 / 0.44662470 0.54548640 / 0.0 0.0
				0.02783203 0.11474610 0.62060550 / 0.44140630 0.87109370 0.21093750 / 0.24313730 0.24313730 0.49803920 0.01568628 / 17 29 25 31 / 165 0 245 255 / -0.87759780 0.37127220 0.30328030 1.00000000 / 0.44335940 0.54788210 / 0.0 0.0
				0.02978515 0.11376950 0.61962890 / 0.42968750 0.89062500 0.15234370 / 0.19215690 0.20000000 0.58039220 0.02745098 / 29 17 25 31 / 163 2 242 255 / -0.83849600 0.33037500 0.43333230 1.00000000 / 0.43867490 0.54829410 / 0.0 0.0
				0.02832031 0.11474610 0.62158200 / 0.30468750 0.94140630 -0.15234370 / 0.18823530 0.26274510 0.54901960 0.00000000 / 29 17 25 31 / 153 4 228 255 / -0.89187850 0.33746680 0.30111290 1.00000000 / 0.44314580 0.54476930 / 0.0 0.0
				0.03076172 0.11425780 0.61621090 / 0.58593750 0.79687500 0.14453130 / 0.13725490 0.24313730 0.54901960 0.07058824 / 17 29 25 31 / 165 5 245 255 / -0.74276240 0.45735500 0.48900960 1.00000000 / 0.43568420 0.55380250 / 0.0 0.0
				0.03027344 0.11376950 0.62109380 / 0.28906250 0.93359370 -0.20312500 / 0.14509800 0.21176470 0.63921570 0.00392157 / 29 17 25 31 / 155 15 230 255 / -0.86058500 0.34754740 0.37229610 1.00000000 / 0.43832400 0.54335020 / 0.0 0.0
				0.02978515 0.11572270 0.60937500 / 0.58203120 0.81250000 -0.02734375 / 0.07058824 0.38823530 0.47450980 0.06666667 / 17 29 25 31 / 163 54 242 255 / -0.77275590 0.56338630 0.29230860 1.00000000 / 0.43688960 0.56727600 / 0.0 0.0
				0.03222656 0.11328120 0.61816410 / 0.39453130 0.91796870 0.04296875 / 0.16470590 0.16470590 0.63529410 0.03529412 / 29 17 25 31 / 162 6 240 255 / -0.85855760 0.35153280 0.37323380 1.00000000 / 0.43194580 0.54840090 / 0.0 0.0
				0.03320312 0.11328120 0.61328130 / 0.53515630 0.84375000 0.03125000 / 0.11764710 0.24313730 0.58823530 0.05098039 / 17 29 25 31 / 163 26 242 255 / -0.81641750 0.50759890 0.27532870 1.00000000 / 0.42880250 0.55770880 / 0.0 0.0
				0.03222656 0.11376950 0.60595700 / 0.54687500 0.83593750 -0.00390625 / 0.05490196 0.42745100 0.51764710 0.00000000 / 17 25 29 31 / 162 110 242 255 / -0.82256070 0.53890690 0.18158540 1.00000000 / 0.43057250 0.57205200 / 0.0 0.0
				0.02734375 0.11718750 0.59912110 / 0.44140630 0.87500000 0.19921870 / 0.00784314 0.23529410 0.75686280 0.00000000 / 17 25 29 16 / 164 192 243 255 / -0.89676350 0.43792650 0.06352473 1.00000000 / 0.44381710 0.58772280 / 0.0 0.0
				0.03564453 0.11181640 0.61132810 / 0.50390620 0.86328130 -0.01953125 / 0.11764710 0.30980390 0.54901960 0.02352941 / 17 29 25 31 / 162 73 240 255 / -0.85479710 0.50193380 0.13184970 1.00000000 / 0.42227170 0.56027220 / 0.0 0.0
				0.03369141 0.11279300 0.60400390 / 0.51953120 0.85156250 0.07421875 / 0.03529412 0.36470590 0.60000000 0.00000000 / 17 25 29 19 / 162 165 242 255 / -0.85434780 0.51542170 0.06656094 1.00000000 / 0.42686460 0.57534790 / 0.0 0.0
				0.02880859 0.11718750 0.59667970 / 0.56250000 0.82421870 0.05078125 / 0.00000000 0.18431370 0.81568630 0.00000000 / 17 25 29 16 / 160 210 239 255 / -0.82618200 0.55997700 0.06204148 1.00000000 / 0.44261170 0.59349060 / 0.0 0.0
				0.03515625 0.11181640 0.61718750 / 0.43359380 0.90234380 -0.00390625 / 0.13725490 0.16078430 0.66666670 0.03529412 / 17 29 25 31 / 161 20 239 255 / -0.86694230 0.41774670 0.27184340 1.00000000 / 0.42503360 0.54850770 / 0.0 0.0
				0.03808594 0.11035160 0.60986330 / 0.51171880 0.85937500 -0.03125000 / 0.10588240 0.40000000 0.48627450 0.00784314 / 17 29 25 15 / 161 136 239 255 / -0.85933360 0.51083330 -0.02439447 1.00000000 / 0.41731260 0.56272890 / 0.0 0.0
				0.03515625 0.11230470 0.62109380 / 0.37500000 0.91796870 -0.13281250 / 0.10588240 0.16078430 0.71372550 0.01960784 / 29 17 25 31 / 157 50 234 255 / -0.87184890 0.39755360 0.28606070 1.00000000 / 0.42460630 0.53884890 / 0.0 0.0
				0.03515625 0.11181640 0.60205080 / 0.63281250 0.77343750 -0.03906250 / 0.01960784 0.30980390 0.67058820 0.00000000 / 17 25 29 19 / 159 201 236 255 / -0.77432330 0.63234600 -0.02370693 1.00000000 / 0.42469790 0.57984920 / 0.0 0.0
				0.03759766 0.11083980 0.61621090 / 0.44140630 0.89453130 -0.05859375 / 0.14117650 0.19607840 0.63921570 0.02352941 / 17 29 25 31 / 160 61 239 255 / -0.89259490 0.44512380 0.07168846 1.00000000 / 0.41810610 0.54891970 / 0.0 0.0
				0.04003906 0.10937500 0.61621090 / 0.47656250 0.87500000 -0.07812500 / 0.15686280 0.25490200 0.56470590 0.02352941 / 17 29 25 19 / 159 125 237 255 / -0.87871680 0.47265920 -0.06670918 1.00000000 / 0.41302490 0.54936220 / 0.0 0.0
				0.03271484 0.11328120 0.62109380 / 0.29296880 0.93750000 -0.17578120 / 0.11764710 0.18039220 0.68627450 0.01568628 / 29 17 25 31 / 156 30 231 255 / -0.88729540 0.33632510 0.31558260 1.00000000 / 0.43156430 0.54109190 / 0.0 0.0
				0.03759766 0.11132810 0.62109380 / 0.42968750 0.89453130 -0.13671870 / 0.12156860 0.17647060 0.69019610 0.01176471 / 29 17 25 19 / 158 85 234 255 / -0.89536520 0.44034910 0.06643547 1.00000000 / 0.41758730 0.53691100 / 0.0 0.0
				0.03173828 0.11425780 0.62402340 / 0.37109380 0.85546880 -0.35937500 / 0.08235295 0.23529410 0.68235290 0.00000000 / 29 17 25 31 / 152 81 225 255 / -0.84390560 0.47270960 0.25371040 1.00000000 / 0.43380740 0.53366090 / 0.0 0.0
				0.03369141 0.11376950 0.62500000 / 0.45703120 0.85937500 -0.23437500 / 0.08235295 0.22745100 0.68627450 0.00392157 / 29 17 25 19 / 155 108 231 255 / -0.83223700 0.50497660 0.22886750 1.00000000 / 0.42697140 0.52888490 / 0.0 0.0
				0.04003906 0.11035160 0.62207030 / 0.44921870 0.88281250 -0.14843750 / 0.14901960 0.20784310 0.61568630 0.02745098 / 29 17 25 19 / 157 139 234 255 / -0.89209190 0.43121780 -0.13499360 1.00000000 / 0.41250610 0.53535460 / 0.0 0.0
				0.03564453 0.11279300 0.62646480 / 0.46875000 0.86718750 -0.17187500 / 0.08627451 0.23921570 0.66274510 0.01176471 / 29 17 25 19 / 157 133 233 255 / -0.87809930 0.47815860 0.01749203 1.00000000 / 0.41990660 0.52394100 / 0.0 0.0
				0.02978515 0.11718750 0.62695310 / 0.63281250 0.75781250 -0.15625000 / 0.15686280 0.26274510 0.53333340 0.04705882 / 37 17 25 29 / 153 134 227 255 / -0.74820990 0.65109040 0.12752710 1.00000000 / 0.43807980 0.52659610 / 0.0 0.0
				0.03125000 0.11621090 0.62939450 / 0.53906250 0.83984370 -0.07421875 / 0.17647060 0.22745100 0.55294120 0.04313726 / 37 17 25 29 / 157 164 234 255 / -0.82266110 0.54286930 0.16888390 1.00000000 / 0.43235780 0.51861570 / 0.0 0.0
				0.02978515 0.11474610 0.62304690 / 0.33203120 0.80859380 -0.48828130 / 0.09411765 0.26666670 0.63921570 0.00000000 / 29 17 25 31 / 147 46 218 255 / -0.80697830 0.51046570 0.29700300 1.00000000 / 0.43986510 0.53805540 / 0.0 0.0
				0.02832031 0.11718750 0.62500000 / 0.52343750 0.69140620 -0.50000000 / 0.14509800 0.30588230 0.50196080 0.04705882 / 37 17 25 29 / 145 80 216 255 / -0.76207670 0.64135600 0.08889082 1.00000000 / 0.44226080 0.53321840 / 0.0 0.0
				0.02832031 0.11523440 0.62255860 / 0.33593750 0.76562500 -0.55078120 / 0.11764710 0.32941180 0.55294120 0.00000000 / 29 17 25 31 / 140 15 209 255 / -0.84856670 0.49903750 0.17577340 1.00000000 / 0.44404600 0.54151920 / 0.0 0.0
				0.02685547 0.11523440 0.62255860 / 0.11718750 0.54687500 -0.82812500 / 0.14901960 0.41960790 0.43137260 0.00000000 / 29 17 25 31 / 134 2 200 255 / -0.96858310 0.24728260 0.02642157 1.00000000 / 0.44720460 0.54367070 / 0.0 0.0
				0.02587891 0.11474610 0.62207030 / -0.24218750 0.23437500 -0.94140630 / 0.17647060 0.30980390 0.51372550 0.00000000 / 29 25 17 31 / 135 0 201 255 / -0.96914950 -0.10434280 0.22329770 1.00000000 / 0.44943240 0.54461670 / 0.0 0.0
				0.02490234 0.11572270 0.62255860 / -0.04296875 0.21875000 -0.97656250 / 0.12156860 0.28235300 0.52549020 0.07058824 / 37 25 17 29 / 117 0 173 255 / -0.94975360 0.29381780 0.10788540 1.00000000 / 0.45118710 0.54328920 / 0.0 0.0
				0.02587891 0.11621090 0.62255860 / 0.39453130 0.53906250 -0.74218750 / 0.11764710 0.37647060 0.44313730 0.06274510 / 37 25 17 29 / 121 5 180 255 / -0.85037860 0.52106730 -0.07311061 1.00000000 / 0.44873050 0.54190060 / 0.0 0.0
				0.02685547 0.11669920 0.62353520 / 0.46093750 0.61718750 -0.63671870 / 0.12941180 0.36470590 0.45098040 0.05490196 / 37 17 25 29 / 134 29 200 255 / -0.81978740 0.57130600 -0.03947064 1.00000000 / 0.44593810 0.53848270 / 0.0 0.0
				0.02392578 0.12011720 0.62402340 / 0.49218750 0.49609370 -0.71484380 / 0.23529410 0.31764710 0.43529410 0.01176471 / 25 37 17 29 / 120 7 177 255 / -0.72286470 0.69074850 -0.01825093 1.00000000 / 0.45506290 0.53608700 / 0.0 0.0
				0.02343750 0.11767580 0.62304690 / -0.03515625 0.13281250 -0.99218750 / 0.20392160 0.28235300 0.50588240 0.00784314 / 25 37 17 29 / 110 0 164 255 / -0.84413460 0.52660790 0.10060230 1.00000000 / 0.45343020 0.54101560 / 0.0 0.0
				0.02392578 0.12158200 0.62597660 / 0.66406250 0.62109380 -0.41406250 / 0.26666670 0.33725490 0.38039220 0.01568628 / 25 37 17 29 / 137 39 204 255 / -0.68504380 0.72847830 -0.00585890 1.00000000 / 0.45530700 0.53005980 / 0.0 0.0
				0.01562500 0.12744140 0.62451170 / 0.15625000 0.25390630 -0.95312500 / 0.05882353 0.23529410 0.70588230 0.00000000 / 25 17 37 29 / 112 0 167 255 / -0.74459210 0.66524160 0.05510357 1.00000000 / 0.47679140 0.53892520 / 0.0 0.0
				0.02441406 0.12255860 0.62841800 / 0.74609370 0.65625000 -0.12500000 / 0.29803920 0.33333330 0.34901960 0.01960784 / 25 37 17 29 / 151 101 224 255 / -0.64873260 0.75536040 0.09261022 1.00000000 / 0.45516970 0.52336120 / 0.0 0.0
				0.01611328 0.13037110 0.62597660 / 0.48437500 0.64843750 -0.58593750 / 0.07058824 0.22745100 0.70196080 0.00000000 / 25 17 37 29 / 126 7 186 255 / -0.76257330 0.64192980 0.08005083 1.00000000 / 0.47708130 0.53268430 / 0.0 0.0
				0.02490234 0.12207030 0.63085940 / 0.76562500 0.64453120 0.05078125 / 0.31372550 0.31764710 0.34901960 0.01960784 / 37 25 17 29 / 159 162 236 255 / -0.64278770 0.75228200 0.14455360 1.00000000 / 0.45275880 0.51550290 / 0.0 0.0
				0.01660156 0.13183590 0.62841800 / 0.61328130 0.75390630 -0.23828120 / 0.08627451 0.23137260 0.68235290 0.00000000 / 25 17 37 29 / 145 42 216 255 / -0.74321410 0.65202780 0.14997470 1.00000000 / 0.47793580 0.52447510 / 0.0 0.0
				0.01757812 0.13183590 0.63232420 / 0.68750000 0.72656250 -0.03125000 / 0.10980390 0.25490200 0.63137260 0.00392157 / 25 17 37 29 / 159 108 236 255 / -0.71071790 0.68031850 0.17901580 1.00000000 / 0.47732550 0.51681520 / 0.0 0.0
				0.01757812 0.13085940 0.63574220 / 0.68359370 0.67187500 0.28125000 / 0.11372550 0.26666670 0.61568630 0.00392157 / 25 17 37 29 / 165 168 246 255 / -0.72871550 0.64508330 0.22987270 1.00000000 / 0.47309880 0.50935360 / 0.0 0.0
				0.02587891 0.12060550 0.63476570 / 0.71093750 0.68750000 0.15234370 / 0.27843140 0.33333330 0.36078430 0.02745098 / 37 25 17 29 / 162 185 240 255 / -0.70372780 0.69390320 0.15253040 1.00000000 / 0.44586180 0.50431820 / 0.0 0.0
				0.00781250 0.13769530 0.63623050 / 0.38281250 0.88671870 0.25390630 / 0.03529412 0.19607840 0.76862750 0.00000000 / 25 17 37 16 / 165 108 245 255 / -0.92343400 0.37404560 0.08578784 1.00000000 / 0.48944090 0.51550290 / 0.0 0.0
				0.01757812 0.12841800 0.64013670 / 0.58984370 0.73437500 0.32812500 / 0.12156860 0.42352940 0.44705880 0.00784314 / 25 17 37 29 / 166 178 246 255 / -0.80516870 0.56246580 0.18797760 1.00000000 / 0.46653750 0.49502560 / 0.0 0.0
				0.00732422 0.13818360 0.63085940 / 0.39453130 0.91406250 -0.10937500 / 0.02352941 0.12549020 0.85098040 0.00000000 / 25 17 37 16 / 152 42 225 255 / -0.91627130 0.39933990 0.03121412 1.00000000 / 0.49096680 0.52421570 / 0.0 0.0
				0.00732422 0.13574220 0.63916010 / 0.35546870 0.76953130 0.53125000 / 0.03921569 0.24705880 0.71372550 0.00000000 / 25 17 37 16 / 169 166 252 255 / -0.92861040 0.35539940 0.10664930 1.00000000 / 0.48832700 0.50675970 / 0.0 0.0
				0.00683594 0.13720700 0.62646480 / 0.33984380 0.78906250 -0.51171880 / 0.01568628 0.11764710 0.86666670 0.00000000 / 25 17 37 16 / 132 7 195 255 / -0.91102500 0.41131530 0.02921158 1.00000000 / 0.49124150 0.53221130 / 0.0 0.0
				0.00732422 0.13476560 0.62402340 / 0.14062500 0.15234370 -0.97656250 / 0.01960784 0.18823530 0.79215690 0.00000000 / 25 17 37 16 / 116 0 173 255 / -0.88968390 0.45296480 -0.05731902 1.00000000 / 0.49058530 0.53945920 / 0.0 0.0
				0.00000000 0.13574220 0.62353520 / 0.00000000 0.48437500 -0.87500000 / 0.23921570 0.35686280 0.40392160 0.00000000 / 35 17 37 21 / 117 0 174 255 / -1.00000000 -0.00006762 -0.00003745 1.00000000 / 0.50003050 0.54069520 / 0.0 0.0
				0.00000000 0.13916020 0.63037110 / 0.00000000 0.99609380 -0.10156250 / 0.23921570 0.35686280 0.40392160 0.00000000 / 35 17 37 16 / 154 42 230 255 / -1.00000000 0.00000141 0.00001186 1.00000000 / 0.50003050 0.52468870 / 0.0 0.0
				0.00000000 0.13867190 0.62695310 / 0.00000000 0.89453130 -0.44921870 / 0.23921570 0.35686280 0.40392160 0.00000000 / 35 17 37 21 / 134 7 198 255 / -1.00000000 0.00000000 0.00000000 1.00000000 / 0.50003050 0.53355410 / 0.0 0.0
				-0.00634766 0.13720700 0.62646480 / -0.33984380 0.78906250 -0.51171880 / 0.14117650 0.34117650 0.46666670 0.05098039 / 37 35 17 21 / 131 7 195 255 / -0.90877620 -0.41561100 -0.03732814 1.00000000 / 0.50881960 0.53221130 / 0.0 0.0
				-0.00683594 0.13476560 0.62402340 / -0.14062500 0.15234370 -0.97656250 / 0.18823530 0.32156860 0.45882350 0.03137255 / 37 35 17 21 / 116 0 171 255 / -0.88330190 -0.46563360 0.05443577 1.00000000 / 0.50946050 0.53945920 / 0.0 0.0
				-0.01513672 0.12744140 0.62451170 / -0.15234370 0.25390630 -0.95312500 / 0.07058824 0.38039220 0.53333340 0.01568628 / 21 35 17 29 / 112 0 167 255 / -0.74502760 -0.66451950 -0.05785978 1.00000000 / 0.52326960 0.53892520 / 0.0 0.0
				0.00000000 0.13867190 0.63378910 / 0.00000000 0.96093750 0.26953130 / 0.24705880 0.37254900 0.38039220 0.00000000 / 35 17 37 16 / 166 108 248 255 / -1.00000000 -0.00000859 0.00003007 1.00000000 / 0.50003050 0.51696780 / 0.0 0.0
				-0.00683594 0.13818360 0.63085940 / -0.39062500 0.91406250 -0.10937500 / 0.20000000 0.31764710 0.41568630 0.06666667 / 37 35 17 21 / 152 42 225 255 / -0.91755280 -0.39616960 -0.03386118 1.00000000 / 0.50907900 0.52421570 / 0.0 0.0
				-0.01562500 0.13037110 0.62597660 / -0.48046870 0.64843750 -0.58593750 / 0.11372550 0.34117650 0.51764710 0.02745098 / 21 35 17 37 / 125 7 186 255 / -0.76408130 -0.63991960 -0.08174668 1.00000000 / 0.52296450 0.53268430 / 0.0 0.0
				-0.02343750 0.12011720 0.62402340 / -0.49218750 0.50000000 -0.71484380 / 0.09803922 0.31764710 0.50588240 0.07843137 / 35 21 17 29 / 119 7 177 255 / -0.73001670 -0.68295640 0.02542044 1.00000000 / 0.54499820 0.53608700 / 0.0 0.0
				-0.02294922 0.11767580 0.62304690 / 0.03515625 0.13281250 -0.99218750 / 0.11764710 0.25882350 0.54509810 0.07843137 / 35 21 17 29 / 109 0 162 255 / -0.84348990 -0.52761860 -0.10071440 1.00000000 / 0.54661560 0.54101560 / 0.0 0.0
				-0.01611328 0.13183590 0.62841800 / -0.60937500 0.75390630 -0.23828120 / 0.14509800 0.32941180 0.45490200 0.07058824 / 21 35 17 37 / 145 42 215 255 / -0.74648410 -0.64924460 -0.14574960 1.00000000 / 0.52212530 0.52447510 / 0.0 0.0
				-0.02539063 0.11621090 0.62255860 / -0.39062500 0.54296870 -0.74218750 / 0.12941180 0.33725490 0.49411760 0.03921569 / 29 17 21 35 / 120 5 179 255 / -0.85436110 -0.51453290 0.07295845 1.00000000 / 0.55131530 0.54190060 / 0.0 0.0
				-0.02636719 0.11669920 0.62353520 / -0.46093750 0.61718750 -0.63671870 / 0.10980390 0.28627450 0.56470590 0.03921569 / 29 17 21 35 / 134 29 198 255 / -0.81613660 -0.57700970 0.03132087 1.00000000 / 0.55410770 0.53848270 / 0.0 0.0
				-0.01708984 0.13232420 0.63232420 / -0.68359370 0.72656250 -0.03125000 / 0.16470590 0.29019610 0.41960790 0.12549020 / 21 35 17 37 / 159 108 236 255 / -0.71266280 -0.67795920 -0.18023050 1.00000000 / 0.52272030 0.51681520 / 0.0 0.0
				-0.00732422 0.13769530 0.63623050 / -0.37890620 0.89062500 0.25390630 / 0.23529410 0.27450980 0.43137260 0.05882353 / 37 35 17 21 / 164 108 245 255 / -0.92539760 -0.36866780 -0.08788356 1.00000000 / 0.51062010 0.51550290 / 0.0 0.0
				-0.00683594 0.13574220 0.63916010 / -0.35156250 0.76953130 0.53125000 / 0.20000000 0.20784310 0.52549020 0.06666667 / 35 37 17 21 / 169 166 252 255 / -0.92964240 -0.35401510 -0.10216820 1.00000000 / 0.51171880 0.50675970 / 0.0 0.0
				0.00000000 0.13623050 0.63769530 / 0.00000000 0.82812500 0.56250000 / 0.23529410 0.37647060 0.38823530 0.00000000 / 35 37 17 21 / 171 165 254 255 / -1.00000000 -0.00002731 0.00004015 1.00000000 / 0.50003050 0.50778200 / 0.0 0.0
				-0.01708984 0.12841800 0.64013670 / -0.58984370 0.73828120 0.32812500 / 0.11372550 0.23529410 0.58431370 0.06666667 / 35 21 17 37 / 166 178 246 255 / -0.80634240 -0.56101870 -0.18727010 1.00000000 / 0.53352360 0.49502560 / 0.0 0.0
				-0.00683594 0.13281250 0.64257810 / -0.23437500 0.87500000 0.41796880 / 0.07843137 0.10980390 0.74117650 0.07058824 / 35 21 17 37 / 167 168 249 255 / -0.97008480 -0.23894880 -0.04288301 1.00000000 / 0.51113890 0.49308780 / 0.0 0.0
				-0.00634766 0.13232420 0.64599610 / -0.40625000 0.90625000 0.12500000 / 0.00000000 0.04705882 0.95294120 0.00000000 / 35 21 17 16 / 157 111 234 255 / -0.91358040 -0.40548790 -0.03082990 1.00000000 / 0.51158140 0.48393250 / 0.0 0.0
				-0.00537109 0.13281250 0.64746100 / -0.47265620 0.86718750 -0.16406250 / 0.00000000 0.00000000 1.00000000 0.00000000 / 16 21 17 16 / 143 43 212 255 / -0.87972010 -0.47483410 0.02500443 1.00000000 / 0.51219180 0.47901920 / 0.0 0.0
				0.00000000 0.13330080 0.64501960 / 0.00000000 1.00000000 0.00000000 / 0.00000000 0.00000000 1.00000000 0.00000000 / 16 16 17 16 / 154 107 230 255 / -1.00000000 0.00000000 0.00002333 1.00000000 / 0.50003050 0.48588560 / 0.0 0.0
				0.00000000 0.13330080 0.64208980 / 0.00000000 0.92578120 0.37500000 / 0.00000000 0.00000000 1.00000000 0.00000000 / 16 16 17 16 / 167 165 249 255 / -1.00000000 -0.00000501 0.00001219 1.00000000 / 0.50003050 0.49450680 / 0.0 0.0
				0.00732422 0.13281250 0.64257810 / 0.23828120 0.87500000 0.41796880 / 0.00000000 0.41960790 0.58039220 0.00000000 / 25 17 37 16 / 167 168 249 255 / -0.96934970 0.24108830 0.04730513 1.00000000 / 0.48890680 0.49308780 / 0.0 0.0
				0.00683594 0.13232420 0.64599610 / 0.41015630 0.90234380 0.12500000 / 0.00000000 0.27058820 0.72941180 0.00000000 / 16 37 17 16 / 157 111 234 255 / -0.91166260 0.40965600 0.03245634 1.00000000 / 0.48846440 0.48393250 / 0.0 0.0
				0.00000000 0.13427730 0.64648440 / 0.00000000 0.62500000 -0.78125000 / 0.00000000 0.00000000 1.00000000 0.00000000 / 16 16 17 16 / 129 29 192 255 / -1.00000000 -0.00006058 -0.00004862 1.00000000 / 0.50003050 0.48019410 / 0.0 0.0
				0.01708984 0.12646480 0.64648440 / 0.58984370 0.80078130 0.10156250 / 0.07843137 0.19215690 0.72941180 0.00000000 / 25 37 17 19 / 161 120 240 255 / -0.80368270 0.57051110 0.16914870 1.00000000 / 0.46023560 0.47883600 / 0.0 0.0
				0.00585938 0.13281250 0.64746100 / 0.47265620 0.86718750 -0.16406250 / 0.00000000 0.03137255 0.96862750 0.00000000 / 16 37 17 16 / 143 43 212 255 / -0.87979860 0.47459690 -0.02668612 1.00000000 / 0.48785400 0.47901920 / 0.0 0.0
				-0.00439453 0.13427730 0.64794920 / -0.56640620 0.58203120 -0.58593750 / 0.00000000 0.00000000 1.00000000 0.00000000 / 16 16 17 16 / 125 7 186 255 / -0.78073540 -0.60572200 0.15346980 1.00000000 / 0.51223760 0.47659300 / 0.0 0.0
				0.00488281 0.13427730 0.64794920 / 0.56640620 0.57812500 -0.58593750 / 0.00000000 0.00000000 1.00000000 0.00000000 / 16 37 17 16 / 126 7 186 255 / -0.78105500 0.60391340 -0.15887650 1.00000000 / 0.48782350 0.47659300 / 0.0 0.0
				-0.01416016 0.12744140 0.65087890 / -0.59375000 0.66015630 -0.46093750 / 0.00000000 0.00000000 1.00000000 0.00000000 / 16 19 17 16 / 139 5 207 255 / -0.74841610 -0.66307050 0.01452339 1.00000000 / 0.54019160 0.46873470 / 0.0 0.0
				-0.01025391 0.13183590 0.65185550 / -0.55859380 0.47656250 -0.67968750 / 0.00000000 0.00000000 1.00000000 0.00000000 / 16 16 17 16 / 126 0 188 255 / -0.63488690 -0.77235410 -0.01969085 1.00000000 / 0.52754210 0.46698000 / 0.0 0.0
				-0.01660156 0.12890630 0.65332030 / -0.57031250 0.50390620 -0.64843750 / 0.00000000 0.00000000 1.00000000 0.00000000 / 16 16 17 16 / 137 0 203 255 / -0.64508770 -0.76366280 -0.02609659 1.00000000 / 0.53749080 0.45881650 / 0.0 0.0
				-0.00488281 0.13720700 0.64990240 / -0.55859380 0.21484370 -0.80078130 / 0.00000000 0.00000000 1.00000000 0.00000000 / 16 16 17 16 / 118 0 176 255 / -0.72021260 -0.60464450 0.34014530 1.00000000 / 0.51274110 0.47064210 / 0.0 0.0
				-0.01367187 0.13134770 0.65332030 / -0.46093750 0.53515630 -0.70703130 / 0.00000000 0.00000000 1.00000000 0.00000000 / 16 16 17 16 / 126 0 188 255 / -0.60731860 -0.77185100 -0.18817530 1.00000000 / 0.53175350 0.46069330 / 0.0 0.0
				-0.00244141 0.13623050 0.64794920 / -0.44531250 0.18359380 -0.87890620 / 0.00000000 0.00000000 1.00000000 0.00000000 / 16 16 17 16 / 110 1 164 255 / -0.77445550 -0.57062540 0.27313960 1.00000000 / 0.50675970 0.47375490 / 0.0 0.0
				-0.00146484 0.14257810 0.64843750 / -0.48437500 0.14843750 -0.86328130 / 0.00000000 0.00000000 1.00000000 0.00000000 / 16 16 17 16 / 108 0 161 255 / -0.76727390 -0.54600980 0.33639860 1.00000000 / 0.50138850 0.46781920 / 0.0 0.0
				-0.00390625 0.14208980 0.64990240 / -0.47656250 0.13281250 -0.87109370 / 0.00000000 0.00000000 1.00000000 0.00000000 / 16 16 17 16 / 113 0 168 255 / -0.85741890 -0.28936950 0.42555640 1.00000000 / 0.50572210 0.46620180 / 0.0 0.0
				0.00000000 0.13769530 0.64697260 / 0.00000000 0.14062500 -0.98828130 / 0.00000000 0.00000000 1.00000000 0.00000000 / 16 16 17 16 / 107 2 159 255 / -0.99999810 -0.00193388 -0.00026717 1.00000000 / 0.50003050 0.47555540 / 0.0 0.0
				0.00292969 0.13623050 0.64794920 / 0.44531250 0.17968750 -0.87890620 / 0.00000000 0.00000000 1.00000000 0.00000000 / 16 16 17 16 / 110 1 164 255 / -0.78626940 0.54743130 -0.28653010 1.00000000 / 0.49330140 0.47375490 / 0.0 0.0
				0.00000000 0.14355470 0.64746100 / 0.00000000 0.30078130 -0.95312500 / 0.00000000 0.00000000 1.00000000 0.00000000 / 16 16 17 16 / 105 0 156 255 / -0.99999810 -0.00183771 -0.00057637 1.00000000 / 0.50003050 0.46801760 / 0.0 0.0
				-0.00488281 0.14794920 0.65136720 / -0.44921870 0.46484380 -0.76171880 / 0.00000000 0.00000000 1.00000000 0.00000000 / 16 16 17 16 / 119 4 177 255 / -0.88402230 -0.35385360 0.30543800 1.00000000 / 0.50587460 0.45439150 / 0.0 0.0
				-0.00585938 0.14550780 0.65087890 / -0.53125000 0.23437500 -0.81640630 / 0.00000000 0.00000000 1.00000000 0.00000000 / 16 16 17 16 / 114 0 170 255 / -0.82714020 -0.35253220 0.43767570 1.00000000 / 0.50729370 0.45954900 / 0.0 0.0
				0.00195313 0.14257810 0.64843750 / 0.48437500 0.14843750 -0.86328130 / 0.00000000 0.00000000 1.00000000 0.00000000 / 16 16 17 16 / 108 0 161 255 / -0.78978950 0.49851990 -0.35736590 1.00000000 / 0.49865720 0.46781920 / 0.0 0.0
				-0.00927734 0.14599610 0.65429690 / -0.68359370 0.32031250 -0.65625000 / 0.00000000 0.00000000 1.00000000 0.00000000 / 16 16 17 16 / 126 2 188 255 / -0.63519110 -0.70379700 0.31812260 1.00000000 / 0.51374820 0.45280460 / 0.0 0.0
				-0.00830078 0.14404300 0.65283200 / -0.66796880 0.16406250 -0.72656250 / 0.00000000 0.00000000 1.00000000 0.00000000 / 16 16 17 16 / 117 0 173 255 / -0.49202310 -0.82925260 0.26505340 1.00000000 / 0.51329040 0.45742800 / 0.0 0.0
				0.00537109 0.13720700 0.64990240 / 0.55859380 0.21093750 -0.80078130 / 0.00000000 0.00000000 1.00000000 0.00000000 / 16 16 17 16 / 118 0 176 255 / -0.71898120 0.60503380 -0.34205260 1.00000000 / 0.48731990 0.47064210 / 0.0 0.0
				0.00439453 0.14208980 0.64990240 / 0.47656250 0.13281250 -0.87109370 / 0.00000000 0.00000000 1.00000000 0.00000000 / 16 16 17 16 / 112 0 167 255 / -0.82006740 0.42385010 -0.38450040 1.00000000 / 0.49432370 0.46620180 / 0.0 0.0
				0.01074219 0.13183590 0.65185550 / 0.56250000 0.47656250 -0.67968750 / 0.00000000 0.00000000 1.00000000 0.00000000 / 16 16 17 16 / 127 0 188 255 / -0.61772430 0.78541030 0.03933866 1.00000000 / 0.47251890 0.46698000 / 0.0 0.0
				0.00537109 0.14794920 0.65136720 / 0.45312500 0.46484380 -0.76171880 / 0.00000000 0.00000000 1.00000000 0.00000000 / 16 16 17 16 / 119 4 177 255 / -0.87582600 0.39176720 -0.28186430 1.00000000 / 0.49418640 0.45439150 / 0.0 0.0
				0.00634766 0.14501950 0.65087890 / 0.53125000 0.23437500 -0.81640630 / 0.00000000 0.00000000 1.00000000 0.00000000 / 16 16 17 16 / 114 0 170 255 / -0.79953210 0.45722230 -0.38948180 1.00000000 / 0.49275210 0.45954900 / 0.0 0.0
				0.00048828 0.14843750 0.64990240 / 0.00000000 0.53125000 -0.84765630 / 0.00000000 0.00000000 1.00000000 0.00000000 / 16 16 17 16 / 117 6 174 255 / -1.00000000 0.00000000 0.00000000 1.00000000 / 0.50003050 0.45596310 / 0.0 0.0
				0.00976563 0.14550780 0.65429690 / 0.68359370 0.32031250 -0.65625000 / 0.00000000 0.00000000 1.00000000 0.00000000 / 16 16 17 16 / 127 2 189 255 / -0.64040190 0.69441490 -0.32813600 1.00000000 / 0.48629760 0.45280460 / 0.0 0.0
				0.00878906 0.14404300 0.65283200 / 0.67187500 0.16015630 -0.72656250 / 0.00000000 0.00000000 1.00000000 0.00000000 / 16 16 17 16 / 117 0 174 255 / -0.52283330 0.79475300 -0.30824160 1.00000000 / 0.48675540 0.45742800 / 0.0 0.0
				0.00048828 0.15234370 0.65332030 / 0.00000000 0.73828120 -0.67578120 / 0.00000000 0.00000000 1.00000000 0.00000000 / 16 16 17 16 / 134 37 200 255 / -1.00000000 -0.00000933 -0.00001053 1.00000000 / 0.50003050 0.44758610 / 0.0 0.0
				0.01269531 0.14062500 0.65576170 / 0.75781250 0.20312500 -0.61718750 / 0.00000000 0.00000000 1.00000000 0.00000000 / 16 16 17 16 / 130 1 194 255 / -0.33565910 0.93621920 -0.10405040 1.00000000 / 0.47651670 0.45130920 / 0.0 0.0
				0.01123047 0.14013670 0.65478520 / 0.59375000 0.06640625 -0.80078130 / 0.00000000 0.00000000 1.00000000 0.00000000 / 16 16 17 16 / 119 0 177 255 / -0.26890830 0.95565880 -0.12001870 1.00000000 / 0.47734070 0.45602420 / 0.0 0.0
				0.01123047 0.14794920 0.65722650 / 0.72265620 0.45312500 -0.51953120 / 0.00000000 0.00000000 1.00000000 0.00000000 / 16 16 17 16 / 141 19 210 255 / -0.63312940 0.73641890 -0.23839920 1.00000000 / 0.48384100 0.44531250 / 0.0 0.0
				0.00585938 0.15136720 0.65478520 / 0.47265620 0.71875000 -0.51171880 / 0.00000000 0.00000000 1.00000000 0.00000000 / 16 16 17 16 / 137 32 203 255 / -0.87992970 0.41874680 -0.22444330 1.00000000 / 0.49035650 0.44639590 / 0.0 0.0
				0.01367187 0.13574220 0.65576170 / 0.71875000 0.25000000 -0.64843750 / 0.00000000 0.00000000 1.00000000 0.00000000 / 16 16 17 16 / 132 0 195 255 / -0.33183020 0.94333040 -0.00407098 1.00000000 / 0.46948240 0.45111080 / 0.0 0.0
				0.01269531 0.13574220 0.65478520 / 0.48437500 0.18750000 -0.85546880 / 0.00000000 0.00000000 1.00000000 0.00000000 / 16 16 17 16 / 121 0 179 255 / -0.43620750 0.89844250 -0.05024156 1.00000000 / 0.47242740 0.45587160 / 0.0 0.0
				0.01416016 0.13330080 0.65429690 / 0.55078120 0.44140630 -0.70703130 / 0.00000000 0.00000000 1.00000000 0.00000000 / 16 16 17 16 / 123 0 183 255 / -0.50087220 0.85368860 0.14262800 1.00000000 / 0.47109980 0.45756530 / 0.0 0.0
				0.01367187 0.14208980 0.65820310 / 0.87500000 0.28515620 -0.39062500 / 0.00000000 0.00000000 1.00000000 0.00000000 / 16 16 17 16 / 144 7 215 255 / -0.31535690 0.94887390 -0.01372155 1.00000000 / 0.47531130 0.44396970 / 0.0 0.0
				0.01513672 0.13183590 0.65478520 / 0.61328130 0.50781250 -0.60546880 / 0.00000000 0.00000000 1.00000000 0.00000000 / 16 16 17 16 / 134 0 198 255 / -0.55781660 0.82073820 0.12340820 1.00000000 / 0.46606450 0.45347590 / 0.0 0.0
				0.01416016 0.13134770 0.65332030 / 0.46484380 0.53515630 -0.70703130 / 0.00000000 0.00000000 1.00000000 0.00000000 / 16 16 17 16 / 126 0 188 255 / -0.55520660 0.79679110 0.23847350 1.00000000 / 0.46830750 0.46069330 / 0.0 0.0
				0.01562500 0.13623050 0.65820310 / 0.79687500 0.35156250 -0.49218750 / 0.00000000 0.00000000 1.00000000 0.00000000 / 16 16 17 16 / 145 1 216 255 / -0.38317890 0.92286160 0.03873505 1.00000000 / 0.46813960 0.44348150 / 0.0 0.0
				0.01660156 0.12890630 0.65332030 / 0.57031250 0.50390620 -0.64843750 / 0.00000000 0.00000000 1.00000000 0.00000000 / 16 16 17 16 / 137 0 203 255 / -0.63487010 0.77152070 0.04117794 1.00000000 / 0.46257020 0.45881650 / 0.0 0.0
				0.01757812 0.13134770 0.65673830 / 0.81640630 0.45312500 -0.35937500 / 0.00000000 0.00000000 1.00000000 0.00000000 / 16 16 17 16 / 147 0 218 255 / -0.48349810 0.87532990 0.00522280 1.00000000 / 0.46313480 0.44670110 / 0.0 0.0
				0.01464844 0.12744140 0.65087890 / 0.59375000 0.65625000 -0.46093750 / 0.00000000 0.00000000 1.00000000 0.00000000 / 16 19 17 16 / 140 5 207 255 / -0.74968880 0.66138020 -0.02329901 1.00000000 / 0.45986940 0.46873470 / 0.0 0.0
				0.01904297 0.12792970 0.65527350 / 0.85937500 0.36328130 -0.35546870 / 0.00000000 0.00000000 1.00000000 0.00000000 / 16 19 17 16 / 148 0 221 255 / -0.43754670 0.88633140 -0.15155640 1.00000000 / 0.45751950 0.45207210 / 0.0 0.0
				0.01660156 0.13623050 0.66113280 / 0.94921880 0.30859370 -0.03125000 / 0.00000000 0.00000000 1.00000000 0.00000000 / 16 16 17 16 / 158 7 236 255 / -0.30814050 0.95086310 0.03014833 1.00000000 / 0.46734620 0.43382260 / 0.0 0.0
				0.01806641 0.13085940 0.66015630 / 0.93750000 0.34375000 0.01953125 / 0.00000000 0.00000000 1.00000000 0.00000000 / 16 16 17 16 / 158 1 236 255 / -0.34389760 0.93888380 -0.01521838 1.00000000 / 0.46031190 0.43711850 / 0.0 0.0
				0.01562500 0.12695310 0.64892580 / 0.53125000 0.84765630 0.00000000 / 0.00000000 0.00784314 0.99215690 0.00000000 / 19 37 17 16 / 152 39 227 255 / -0.84663960 0.53063180 0.04038811 1.00000000 / 0.46055600 0.47344970 / 0.0 0.0
				0.01904297 0.12548830 0.65380860 / 0.75000000 0.58203120 -0.31640630 / 0.00000000 0.00000000 1.00000000 0.00000000 / 16 19 17 16 / 152 3 227 255 / -0.62839050 0.77528920 -0.06365585 1.00000000 / 0.45399470 0.45993040 / 0.0 0.0
				0.01953125 0.12451170 0.65283200 / 0.60156250 0.80078130 -0.00781250 / 0.00000000 0.00000000 1.00000000 0.00000000 / 25 19 17 16 / 157 26 234 255 / -0.79201220 0.59615050 0.13161020 1.00000000 / 0.45236210 0.46343990 / 0.0 0.0
				0.02050781 0.12451170 0.65771490 / 0.90625000 0.39453130 -0.14062500 / 0.00000000 0.00000000 1.00000000 0.00000000 / 16 19 17 16 / 158 1 236 255 / -0.40109990 0.91593370 -0.01357406 1.00000000 / 0.44960020 0.44703680 / 0.0 0.0
				0.02099609 0.12304690 0.65673830 / 0.59375000 0.79687500 -0.10156250 / 0.00392157 0.00784314 0.98823530 0.00000000 / 25 19 17 16 / 159 13 236 255 / -0.78903220 0.60319310 0.11656030 1.00000000 / 0.44868470 0.45005800 / 0.0 0.0
				0.01953125 0.12744140 0.65869140 / 0.93750000 0.34765630 -0.01171875 / 0.00000000 0.00000000 1.00000000 0.00000000 / 16 16 17 16 / 158 0 234 255 / -0.34585170 0.92794600 -0.13893470 1.00000000 / 0.45480350 0.44128420 / 0.0 0.0
				0.02148437 0.12353520 0.66064450 / 0.52343750 0.84765630 -0.09765625 / 0.00000000 0.01960784 0.98039220 0.00000000 / 25 19 17 16 / 159 6 237 255 / -0.80476630 0.52795000 0.27133010 1.00000000 / 0.44723510 0.43687440 / 0.0 0.0
				0.02050781 0.12451170 0.66113280 / 0.88281250 0.46484380 0.05078125 / 0.00000000 0.00392157 0.99607840 0.00000000 / 16 19 17 16 / 162 0 240 255 / -0.46362260 0.88480990 -0.04653577 1.00000000 / 0.44844060 0.43656920 / 0.0 0.0
				0.01904297 0.12695310 0.66210930 / 0.91796870 0.36328130 0.16796870 / 0.00000000 0.00000000 1.00000000 0.00000000 / 16 19 17 16 / 164 0 243 255 / -0.33852530 0.92792900 -0.15604020 1.00000000 / 0.45401000 0.43083190 / 0.0 0.0
				0.01757812 0.13037110 0.66357420 / 0.91796870 0.30859370 0.24609380 / 0.00000000 0.00000000 1.00000000 0.00000000 / 16 16 17 16 / 166 3 246 255 / -0.31687500 0.94843960 -0.00724950 1.00000000 / 0.46020510 0.42581180 / 0.0 0.0
				0.02001953 0.12500000 0.66357420 / 0.86718750 0.48046870 0.13671870 / 0.00000000 0.00000000 1.00000000 0.00000000 / 16 19 17 16 / 163 0 242 255 / -0.38815620 0.82052940 -0.41960260 1.00000000 / 0.45018010 0.42906190 / 0.0 0.0
				0.01855469 0.12695310 0.66455080 / 0.88281250 0.40234370 0.24218750 / 0.00000000 0.00000000 1.00000000 0.00000000 / 16 19 17 16 / 165 0 245 255 / -0.36229890 0.91166330 -0.19393190 1.00000000 / 0.45478820 0.42189030 / 0.0 0.0
				0.02050781 0.12451170 0.66406250 / 0.62109380 0.77343750 -0.11328120 / 0.00000000 0.00000000 1.00000000 0.00000000 / 16 19 17 16 / 160 2 239 255 / -0.77437460 0.63020560 0.05643455 1.00000000 / 0.44941710 0.42857360 / 0.0 0.0
				0.01855469 0.12646480 0.66601560 / 0.75781250 0.65234380 -0.02734375 / 0.00000000 0.00392157 0.99607840 0.00000000 / 16 19 17 16 / 162 1 242 255 / -0.64027260 0.73435510 -0.22532980 1.00000000 / 0.45445250 0.41854860 / 0.0 0.0
				0.02148437 0.12402340 0.66455080 / 0.32812500 0.91796870 -0.22265630 / 0.00000000 0.01568628 0.98431370 0.00000000 / 16 19 17 16 / 157 5 234 255 / -0.93066790 0.35456140 0.09024161 1.00000000 / 0.44883730 0.42514040 / 0.0 0.0
				0.02490234 0.12207030 0.65966790 / 0.17968750 0.96484370 -0.18359380 / 0.05882353 0.06274510 0.87843140 0.00000000 / 25 19 17 16 / 157 36 233 255 / -0.96867490 0.20679480 0.13749450 1.00000000 / 0.44366460 0.43768310 / 0.0 0.0
				0.02343750 0.12158200 0.65478520 / 0.33203120 0.93750000 -0.11328120 / 0.03137255 0.10980390 0.85882350 0.00000000 / 19 25 17 29 / 158 56 236 255 / -0.91133920 0.34896620 0.21836520 1.00000000 / 0.44425960 0.45509340 / 0.0 0.0
				0.02148437 0.12304690 0.65087890 / 0.54296870 0.83984370 0.01171875 / 0.01176471 0.12941180 0.85882350 0.00000000 / 19 25 17 29 / 160 81 239 255 / -0.81620200 0.52428850 0.24276690 1.00000000 / 0.44967650 0.46595760 / 0.0 0.0
				0.02929688 0.11865230 0.64746100 / 0.25390630 0.94921880 -0.17578120 / 0.06666667 0.28235300 0.62352940 0.02745098 / 19 25 17 29 / 156 122 233 255 / -0.96469550 0.26236710 0.02293618 1.00000000 / 0.43186950 0.47062680 / 0.0 0.0
				0.02832031 0.11865230 0.64306640 / 0.45312500 0.89062500 -0.06640625 / 0.06274510 0.34901960 0.54901960 0.03921569 / 37 25 17 29 / 159 143 237 255 / -0.88842970 0.45596370 0.05281809 1.00000000 / 0.43591310 0.48080440 / 0.0 0.0
				0.03222656 0.11962890 0.65185550 / 0.15234370 0.96093750 -0.23437500 / 0.10196080 0.19215690 0.69411760 0.01176471 / 19 25 17 29 / 155 112 230 255 / -0.98819270 0.15199220 -0.01932883 1.00000000 / 0.42509460 0.45855710 / 0.0 0.0
				0.02685547 0.11914060 0.63867190 / 0.56250000 0.82812500 0.00000000 / 0.17647060 0.36078430 0.42745100 0.03529412 / 37 25 17 29 / 161 170 240 255 / -0.81863260 0.55604760 0.14370730 1.00000000 / 0.43960570 0.49186710 / 0.0 0.0
				0.03271484 0.11572270 0.63183590 / 0.44531250 0.89062500 -0.08203125 / 0.11372550 0.28235300 0.55686280 0.04705882 / 37 17 25 29 / 158 172 236 255 / -0.89243600 0.44966620 0.03685618 1.00000000 / 0.42643740 0.50982670 / 0.0 0.0
				0.03466797 0.11523440 0.63525390 / 0.35546870 0.91796870 -0.16796870 / 0.07058824 0.38039220 0.50196080 0.04705882 / 29 17 25 19 / 157 174 233 255 / -0.93434620 0.35309130 -0.04820401 1.00000000 / 0.42173770 0.50164800 / 0.0 0.0
				0.03662109 0.11523440 0.63867190 / 0.30468750 0.92578120 -0.22656250 / 0.07843137 0.40000000 0.45882350 0.06274510 / 19 25 17 29 / 154 176 230 255 / -0.94749230 0.26980860 -0.17164430 1.00000000 / 0.41705320 0.49296570 / 0.0 0.0
				0.03808594 0.11230470 0.62841800 / 0.40625000 0.89062500 -0.20312500 / 0.10196080 0.27843140 0.58823530 0.03137255 / 29 17 25 19 / 156 165 233 255 / -0.91363810 0.39299040 -0.10403740 1.00000000 / 0.41459660 0.51945500 / 0.0 0.0
				0.04003906 0.11572270 0.64257810 / 0.28906250 0.91406250 -0.27734380 / 0.11764710 0.29019610 0.55686280 0.03529412 / 19 25 17 29 / 153 176 228 255 / -0.94785100 0.23411740 -0.21625840 1.00000000 / 0.41163640 0.48605350 / 0.0 0.0
				0.04052734 0.11181640 0.63085940 / 0.43750000 0.87109370 -0.21875000 / 0.11372550 0.33333330 0.48627450 0.06666667 / 29 17 25 19 / 154 194 230 255 / -0.89583910 0.40288090 -0.18750850 1.00000000 / 0.40919490 0.51451110 / 0.0 0.0
				0.04443359 0.11083980 0.63476570 / 0.43750000 0.85156250 -0.28125000 / 0.11372550 0.35686280 0.41568630 0.11372550 / 19 25 17 29 / 153 206 227 255 / -0.89626770 0.39183110 -0.20778070 1.00000000 / 0.40304560 0.50827030 / 0.0 0.0
				0.04248047 0.10888670 0.62353520 / 0.46875000 0.87109370 -0.14843750 / 0.18039220 0.25098040 0.50588240 0.06274510 / 29 17 25 19 / 156 188 231 255 / -0.88278520 0.45529270 -0.11575310 1.00000000 / 0.40707400 0.53341680 / 0.0 0.0
				0.04687500 0.10693360 0.62597660 / 0.51953120 0.82812500 -0.20703130 / 0.21176470 0.28627450 0.39215690 0.10980390 / 29 17 25 19 / 153 210 228 255 / -0.85223890 0.51974820 -0.05958761 1.00000000 / 0.40029910 0.52841190 / 0.0 0.0
				0.04296875 0.10791020 0.61621090 / 0.52734370 0.83984370 -0.12500000 / 0.17254900 0.30980390 0.46666670 0.05098039 / 17 29 25 19 / 157 183 234 255 / -0.84873700 0.52760200 -0.03579841 1.00000000 / 0.40766910 0.54991150 / 0.0 0.0
				0.05273437 0.10449220 0.62988280 / 0.54296870 0.79687500 -0.26171870 / 0.24705880 0.27843140 0.32156860 0.15294120 / 29 25 17 19 / 152 214 225 255 / -0.83532250 0.54469650 -0.07444493 1.00000000 / 0.39152530 0.52055360 / 0.0 0.0
				0.04052734 0.10888670 0.60888670 / 0.61328130 0.78125000 -0.11328120 / 0.09411765 0.39607840 0.48235290 0.02745098 / 17 25 29 19 / 158 189 234 255 / -0.78965340 0.60846900 -0.07882141 1.00000000 / 0.41227720 0.56556700 / 0.0 0.0
				0.04687500 0.10546870 0.61718750 / 0.65234380 0.72656250 -0.21875000 / 0.18431370 0.35294120 0.36862750 0.09411765 / 17 29 25 19 / 154 209 228 255 / -0.74000510 0.67211870 0.02547059 1.00000000 / 0.40068060 0.54730230 / 0.0 0.0
				0.04296875 0.10595700 0.60791020 / 0.71875000 0.64453120 -0.25390630 / 0.08627451 0.32156860 0.52549020 0.06666667 / 17 25 29 19 / 153 210 228 255 / -0.66759380 0.74452560 0.00021608 1.00000000 / 0.40605160 0.56822200 / 0.0 0.0
				0.03710938 0.10937500 0.59912110 / 0.75781250 0.58984370 -0.28125000 / 0.00392157 0.28235300 0.71372550 0.00000000 / 17 25 29 19 / 153 213 227 255 / -0.62323020 0.78093390 -0.04155021 1.00000000 / 0.42063900 0.58709720 / 0.0 0.0
				0.05175781 0.10156250 0.61865230 / 0.67187500 0.68750000 -0.27343750 / 0.18039220 0.27450980 0.40000000 0.14509800 / 17 25 29 19 / 150 214 224 255 / -0.71900010 0.69472710 -0.01982638 1.00000000 / 0.39202880 0.54414370 / 0.0 0.0
				0.04638672 0.10107420 0.60644530 / 0.77343750 0.52343750 -0.35546870 / 0.07843137 0.16078430 0.70588230 0.05490196 / 19 25 29 17 / 149 214 221 255 / -0.55823390 0.82965210 0.00722191 1.00000000 / 0.39820860 0.57067870 / 0.0 0.0
				0.03906250 0.10449220 0.59570310 / 0.78906250 0.46875000 -0.39843750 / 0.00000000 0.22352940 0.77647060 0.00000000 / 16 25 29 16 / 147 214 218 255 / -0.52419220 0.85078570 -0.03723231 1.00000000 / 0.41438290 0.59555050 / 0.0 0.0
				0.03027344 0.11572270 0.59228510 / 0.73046870 0.63281250 -0.25781250 / 0.00000000 0.00000000 1.00000000 0.00000000 / 16 16 29 16 / 153 214 228 255 / -0.64412300 0.76337060 0.04869280 1.00000000 / 0.44024660 0.60310360 / 0.0 0.0
				0.03125000 0.10986330 0.58642580 / 0.76171880 0.48437500 -0.42968750 / 0.00000000 0.00000000 1.00000000 0.00000000 / 16 16 29 16 / 146 214 216 255 / -0.54074390 0.84112280 -0.01041451 1.00000000 / 0.43601990 0.61462400 / 0.0 0.0
				0.02343750 0.12109380 0.58740230 / 0.64453120 0.71875000 -0.25781250 / 0.00000000 0.00000000 1.00000000 0.00000000 / 16 16 29 16 / 154 214 230 255 / -0.73280070 0.67794970 0.05820080 1.00000000 / 0.45622250 0.61474610 / 0.0 0.0
				0.03173828 0.10400390 0.58300780 / 0.76562500 0.42187500 -0.48828130 / 0.00000000 0.00000000 1.00000000 0.00000000 / 16 16 29 16 / 140 214 209 255 / -0.51635060 0.85331650 -0.07234086 1.00000000 / 0.43006900 0.62603760 / 0.0 0.0
				0.04101563 0.09814453 0.59228510 / 0.79296870 0.44531250 -0.41406250 / 0.00000000 0.15686280 0.84313730 0.00000000 / 16 25 29 16 / 143 214 213 255 / -0.48454010 0.87467610 0.01275141 1.00000000 / 0.40614320 0.60316470 / 0.0 0.0
				0.03271484 0.09814453 0.58056640 / 0.73828120 0.35937500 -0.57031250 / 0.00000000 0.00000000 1.00000000 0.00000000 / 16 16 29 16 / 136 214 203 255 / -0.50211040 0.85785360 -0.10941880 1.00000000 / 0.42475890 0.63488770 / 0.0 0.0
				0.04833984 0.09619141 0.60546880 / 0.81250000 0.42578120 -0.39843750 / 0.01568628 0.01960784 0.95686280 0.00784314 / 19 25 29 17 / 146 214 218 255 / -0.46296190 0.88637260 0.00312664 1.00000000 / 0.39028930 0.57298280 / 0.0 0.0
				0.03369141 0.09277344 0.57763670 / 0.69921880 0.43359380 -0.57031250 / 0.00000000 0.00000000 1.00000000 0.00000000 / 16 16 29 16 / 132 207 197 255 / -0.53536450 0.84449960 -0.01433559 1.00000000 / 0.42073060 0.64126590 / 0.0 0.0
				0.04248047 0.09326172 0.58984370 / 0.76953130 0.45312500 -0.44921870 / 0.00000000 0.08627451 0.91372550 0.00000000 / 16 25 29 16 / 142 214 210 255 / -0.50558500 0.86276680 0.00416739 1.00000000 / 0.39836120 0.60885620 / 0.0 0.0
				0.04736328 0.08349610 0.58691410 / 0.74218750 0.39062500 -0.54296870 / 0.00000000 0.00000000 1.00000000 0.00000000 / 16 16 29 16 / 138 207 206 255 / -0.47691990 0.87872230 -0.01986562 1.00000000 / 0.37606810 0.61654660 / 0.0 0.0
				0.04492187 0.08837891 0.58837890 / 0.76171880 0.51562500 -0.39453130 / 0.00000000 0.00000000 1.00000000 0.00000000 / 16 16 29 16 / 140 214 207 255 / -0.55282050 0.83302440 0.02143884 1.00000000 / 0.38656620 0.61268620 / 0.0 0.0
				0.05029297 0.09130859 0.60449220 / 0.79296870 0.45703120 -0.39843750 / 0.00000000 0.00000000 1.00000000 0.00000000 / 16 16 29 16 / 145 214 216 255 / -0.49507020 0.86878410 0.01094199 1.00000000 / 0.38281250 0.57513430 / 0.0 0.0
				0.05273437 0.08544922 0.60302740 / 0.79687500 0.46484380 -0.38671880 / 0.00000000 0.00000000 1.00000000 0.00000000 / 16 16 29 16 / 145 214 216 255 / -0.48884550 0.87144400 0.04019250 1.00000000 / 0.37068180 0.57867430 / 0.0 0.0
				0.05468750 0.09814453 0.61962890 / 0.78906250 0.48828130 -0.37109380 / 0.18823530 0.20000000 0.45490200 0.15686280 / 17 25 29 19 / 149 214 221 255 / -0.52154100 0.85311920 0.01351612 1.00000000 / 0.38265990 0.54191590 / 0.0 0.0
				0.05712891 0.09472656 0.62060550 / 0.80468750 0.47656250 -0.35546870 / 0.18039220 0.20000000 0.47843140 0.14117650 / 19 17 29 25 / 149 214 221 255 / -0.48080710 0.87298500 0.08198576 1.00000000 / 0.37329100 0.53967280 / 0.0 0.0
				0.05615234 0.10253910 0.63281250 / 0.69531250 0.66796880 -0.26953130 / 0.19215690 0.27450980 0.34901960 0.18431370 / 25 29 17 19 / 152 214 225 255 / -0.69733490 0.71634680 -0.02390109 1.00000000 / 0.38456720 0.51502990 / 0.0 0.0
				0.06005860 0.08984375 0.62207030 / 0.84375000 0.42187500 -0.33593750 / 0.19607840 0.20392160 0.49411760 0.10588240 / 19 17 29 25 / 150 214 222 255 / -0.41294390 0.90529040 0.09963286 1.00000000 / 0.36045840 0.53575130 / 0.0 0.0
				0.04980469 0.10986330 0.64013670 / 0.50781250 0.81640630 -0.28125000 / 0.14901960 0.25098040 0.52549020 0.07450981 / 19 25 17 29 / 153 208 227 255 / -0.86166210 0.48783790 -0.13983090 1.00000000 / 0.39678960 0.49919130 / 0.0 0.0
				0.05517578 0.08007813 0.60107420 / 0.87109370 0.32812500 -0.36718750 / 0.03137255 0.05882353 0.89411760 0.01568628 / 25 19 29 17 / 145 214 215 255 / -0.37778020 0.92313260 -0.07147113 1.00000000 / 0.35989380 0.58160400 / 0.0 0.0
				0.04345703 0.11621090 0.64746100 / 0.37890620 0.89843750 -0.21875000 / 0.14509800 0.19607840 0.64705880 0.01176471 / 19 25 17 29 / 154 176 228 255 / -0.92315770 0.35135390 -0.15598240 1.00000000 / 0.40567020 0.47525030 / 0.0 0.0
				0.05322266 0.10888670 0.64404300 / 0.57031250 0.79296870 -0.20703130 / 0.16470590 0.18431370 0.57647060 0.07450981 / 25 19 17 29 / 154 208 230 255 / -0.81841090 0.57041830 -0.06947302 1.00000000 / 0.39144900 0.48974610 / 0.0 0.0
				0.03417969 0.12060550 0.65527350 / 0.14843750 0.96484370 -0.21484370 / 0.11764710 0.13725490 0.74509810 0.00000000 / 25 19 17 29 / 155 109 231 255 / -0.98885990 0.14270870 -0.04231177 1.00000000 / 0.42317200 0.44952390 / 0.0 0.0
				0.04541016 0.11572270 0.65185550 / 0.48046870 0.86718750 -0.12109380 / 0.11764710 0.18431370 0.69803930 0.00000000 / 25 19 17 29 / 157 176 233 255 / -0.87660850 0.47514690 -0.07611262 1.00000000 / 0.40400700 0.46380620 / 0.0 0.0
				0.02685547 0.12255860 0.66259770 / 0.12500000 0.96875000 -0.21875000 / 0.02745098 0.10588240 0.86666670 0.00000000 / 25 19 17 16 / 155 41 231 255 / -0.99072560 0.13349920 0.02531319 1.00000000 / 0.43920900 0.43051150 / 0.0 0.0
				0.03613281 0.12060550 0.65820310 / 0.32812500 0.93750000 -0.11328120 / 0.05882353 0.17647060 0.76470590 0.00000000 / 25 19 17 29 / 157 110 234 255 / -0.94446760 0.32381560 -0.05589703 1.00000000 / 0.42213440 0.44163510 / 0.0 0.0
				0.02832031 0.12255860 0.66455080 / 0.16406250 0.97265620 -0.16015630 / 0.00000000 0.14901960 0.85098040 0.00000000 / 25 19 17 16 / 157 42 233 255 / -0.98158170 0.17730830 0.07112713 1.00000000 / 0.43751530 0.42506410 / 0.0 0.0
				0.02294922 0.12402340 0.66699220 / 0.32812500 0.91796870 -0.22265630 / 0.00000000 0.06274510 0.93725490 0.00000000 / 16 19 17 16 / 156 7 231 255 / -0.94399440 0.31004490 -0.11290230 1.00000000 / 0.44726560 0.41986090 / 0.0 0.0
				0.04687500 0.11523440 0.65527350 / 0.53515630 0.84375000 -0.07031250 / 0.05882353 0.24313730 0.69803930 0.00000000 / 25 19 17 29 / 159 176 237 255 / -0.84320720 0.52541630 -0.11375160 1.00000000 / 0.40235900 0.45236210 / 0.0 0.0
				0.03710938 0.12011720 0.66113280 / 0.33203120 0.94140630 -0.07812500 / 0.01960784 0.22352940 0.75686280 0.00000000 / 25 19 17 16 / 160 110 239 255 / -0.94322160 0.33208670 -0.00716784 1.00000000 / 0.42109680 0.43376160 / 0.0 0.0
				0.02343750 0.12451170 0.66845700 / 0.23046880 0.94921880 -0.21093750 / 0.00000000 0.11372550 0.88627450 0.00000000 / 16 19 17 16 / 157 7 234 255 / -0.96712250 0.24766230 0.05776954 1.00000000 / 0.44612120 0.41534420 / 0.0 0.0
				0.02929688 0.12304690 0.66601560 / 0.25390630 0.96484370 -0.08203125 / 0.00000000 0.19215690 0.80784310 0.00000000 / 25 19 17 16 / 160 42 239 255 / -0.96073730 0.26084560 0.09456843 1.00000000 / 0.43582150 0.41963190 / 0.0 0.0
				0.01904297 0.12646480 0.66748050 / 0.57031250 0.79687500 -0.20703130 / 0.00000000 0.02352941 0.97647060 0.00000000 / 16 19 17 16 / 159 3 237 255 / -0.81784930 0.52267190 -0.24070010 1.00000000 / 0.45422360 0.41532900 / 0.0 0.0
				0.02001953 0.12646480 0.67138670 / 0.50390620 0.85156250 -0.12890630 / 0.00000000 0.10196080 0.89803920 0.00000000 / 16 19 17 16 / 160 6 237 255 / -0.86313040 0.49983400 -0.07191532 1.00000000 / 0.45141600 0.40567020 / 0.0 0.0
				0.01953125 0.12646480 0.66992190 / 0.60546880 0.78515620 -0.14062500 / 0.00000000 0.06666667 0.93333340 0.00000000 / 16 19 17 16 / 158 5 236 255 / -0.79585150 0.58731590 -0.14724290 1.00000000 / 0.45234680 0.40995790 / 0.0 0.0
				0.01660156 0.12939450 0.66943360 / 0.80859380 0.58593750 -0.04687500 / 0.00000000 0.02352941 0.97647060 0.00000000 / 16 19 17 16 / 163 22 242 255 / -0.58749500 0.80229670 -0.10568690 1.00000000 / 0.45980830 0.40950010 / 0.0 0.0
				0.01660156 0.12988280 0.66796880 / 0.87890620 0.45312500 0.16015630 / 0.00000000 0.00784314 0.99215690 0.00000000 / 16 19 17 16 / 165 13 246 255 / -0.43723490 0.89119530 -0.12081670 1.00000000 / 0.46058660 0.41326900 / 0.0 0.0
				0.01660156 0.12939450 0.67187500 / 0.79687500 0.60546880 -0.01953125 / 0.00000000 0.05098039 0.94901960 0.00000000 / 16 19 17 16 / 162 33 242 255 / -0.60504160 0.79490900 -0.04521738 1.00000000 / 0.45886230 0.40299990 / 0.0 0.0
				0.01660156 0.12988280 0.66601560 / 0.87890620 0.33203120 0.33593750 / 0.00000000 0.00000000 1.00000000 0.00000000 / 16 19 17 16 / 167 6 249 255 / -0.33487960 0.94067950 -0.05456892 1.00000000 / 0.46096800 0.41726690 / 0.0 0.0
				0.01416016 0.13378910 0.66845700 / 0.91796870 0.32031250 0.23046880 / 0.00000000 0.00000000 1.00000000 0.00000000 / 16 16 17 16 / 168 54 251 255 / -0.31236660 0.94717950 -0.07265041 1.00000000 / 0.46569830 0.41041560 / 0.0 0.0
				0.01562500 0.13525390 0.66455080 / 0.92578120 0.25000000 0.28515620 / 0.00000000 0.00000000 1.00000000 0.00000000 / 16 16 17 16 / 166 20 248 255 / -0.25856620 0.96596520 -0.00740061 1.00000000 / 0.46633910 0.42185970 / 0.0 0.0
				0.01464844 0.13427730 0.66650390 / 0.88281250 0.22656250 0.41015630 / 0.00000000 0.00000000 1.00000000 0.00000000 / 16 16 17 16 / 169 36 252 255 / -0.24825780 0.96869370 -0.00075731 1.00000000 / 0.46632380 0.41522220 / 0.0 0.0
				0.01464844 0.14257810 0.66162110 / 0.94531250 0.32031250 0.02734375 / 0.00000000 0.00000000 1.00000000 0.00000000 / 16 16 17 16 / 157 29 234 255 / -0.32076060 0.94714270 -0.00578158 1.00000000 / 0.47476200 0.43368530 / 0.0 0.0
				0.01416016 0.14160160 0.66503910 / 0.91015630 0.25390630 0.32421880 / 0.00000000 0.00000000 1.00000000 0.00000000 / 16 16 17 16 / 166 62 248 255 / -0.26898330 0.96314430 0.00097528 1.00000000 / 0.47396850 0.41949460 / 0.0 0.0
				0.01318359 0.14013670 0.66748050 / 0.87890620 0.21875000 0.42578120 / 0.00000000 0.00000000 1.00000000 0.00000000 / 16 16 17 16 / 170 95 254 255 / -0.25425740 0.96672920 0.02806898 1.00000000 / 0.47360230 0.41372680 / 0.0 0.0
				0.01171875 0.14892580 0.66503910 / 0.80468750 0.54687500 0.23046880 / 0.00000000 0.00000000 1.00000000 0.00000000 / 16 16 17 16 / 165 116 246 255 / -0.54770280 0.83401060 -0.06669336 1.00000000 / 0.48138430 0.41955570 / 0.0 0.0
				0.01171875 0.14941410 0.66064450 / 0.76171880 0.62890620 -0.15625000 / 0.00000000 0.00000000 1.00000000 0.00000000 / 16 16 17 16 / 155 62 231 255 / -0.64795300 0.74120050 -0.17543850 1.00000000 / 0.48178100 0.43522650 / 0.0 0.0
				0.01123047 0.14697270 0.66796880 / 0.78515620 0.40625000 0.46875000 / 0.00000000 0.00000000 1.00000000 0.00000000 / 16 16 17 16 / 171 157 254 255 / -0.46025760 0.88778430 0.00144340 1.00000000 / 0.48063660 0.41314700 / 0.0 0.0
				0.00634766 0.15283200 0.65869140 / 0.39843750 0.90625000 -0.15625000 / 0.00000000 0.00000000 1.00000000 0.00000000 / 16 16 17 16 / 152 90 227 255 / -0.90945380 0.36541410 -0.19840900 1.00000000 / 0.48857120 0.43617250 / 0.0 0.0
				0.00683594 0.15283200 0.66406250 / 0.42187500 0.89843750 0.12500000 / 0.00000000 0.00000000 1.00000000 0.00000000 / 16 16 17 16 / 164 154 243 255 / -0.88718270 0.43711740 -0.14776780 1.00000000 / 0.48814390 0.41975400 / 0.0 0.0
				0.00683594 0.15136720 0.66796880 / 0.46875000 0.77343750 0.42578120 / 0.00000000 0.00000000 1.00000000 0.00000000 / 16 16 17 16 / 170 195 254 255 / -0.83156020 0.54931040 -0.08225442 1.00000000 / 0.48773200 0.41242980 / 0.0 0.0
				0.00048828 0.15429690 0.65722650 / 0.00000000 0.96093750 -0.27343750 / 0.00000000 0.00000000 1.00000000 0.00000000 / 16 16 17 16 / 150 100 224 255 / -1.00000000 0.00001914 0.00006859 1.00000000 / 0.50003050 0.43740840 / 0.0 0.0
				0.00048828 0.15429690 0.66308590 / 0.00000000 1.00000000 0.05468750 / 0.00000000 0.00000000 1.00000000 0.00000000 / 16 16 17 16 / 163 167 242 255 / -1.00000000 -0.00000207 0.00004065 1.00000000 / 0.50003050 0.42037960 / 0.0 0.0
				0.00048828 0.15332030 0.66796880 / 0.00000000 0.91406250 0.40234370 / 0.00000000 0.00000000 1.00000000 0.00000000 / 16 16 17 16 / 170 205 254 255 / -0.99998710 -0.00204467 0.00463863 1.00000000 / 0.50003050 0.41233830 / 0.0 0.0
				-0.00537109 0.15136720 0.65478520 / -0.46875000 0.71875000 -0.51171880 / 0.00000000 0.00000000 1.00000000 0.00000000 / 16 16 17 16 / 136 32 203 255 / -0.88157210 -0.41545960 0.22410710 1.00000000 / 0.50968930 0.44639590 / 0.0 0.0
				-0.00585938 0.15283200 0.65869140 / -0.39453130 0.90625000 -0.15625000 / 0.00000000 0.00000000 1.00000000 0.00000000 / 16 16 17 16 / 152 90 225 255 / -0.91131380 -0.36328360 0.19373190 1.00000000 / 0.51147460 0.43617250 / 0.0 0.0
				-0.00634766 0.15283200 0.66406250 / -0.41796880 0.89843750 0.12500000 / 0.00000000 0.00000000 1.00000000 0.00000000 / 16 16 17 16 / 164 154 243 255 / -0.88954990 -0.43382730 0.14316030 1.00000000 / 0.51191710 0.41975400 / 0.0 0.0
				-0.01123047 0.14941410 0.66064450 / -0.76171880 0.63281250 -0.15625000 / 0.00000000 0.00000000 1.00000000 0.00000000 / 16 16 17 16 / 155 62 230 255 / -0.65016290 -0.73942510 0.17475310 1.00000000 / 0.51828000 0.43522650 / 0.0 0.0
				-0.01074219 0.14794920 0.65722650 / -0.72265620 0.45703120 -0.51953120 / 0.00000000 0.00000000 1.00000000 0.00000000 / 16 16 17 16 / 140 19 209 255 / -0.63624710 -0.73320590 0.23999720 1.00000000 / 0.51622010 0.44531250 / 0.0 0.0
				-0.01220703 0.14062500 0.65576170 / -0.75781250 0.20703130 -0.61718750 / 0.00000000 0.00000000 1.00000000 0.00000000 / 16 16 17 16 / 129 1 192 255 / -0.33414920 -0.93763810 0.09580747 1.00000000 / 0.52352910 0.45130920 / 0.0 0.0
				-0.01074219 0.14013670 0.65478520 / -0.59375000 0.06640625 -0.80078130 / 0.00000000 0.00000000 1.00000000 0.00000000 / 16 16 17 16 / 119 0 177 255 / -0.26890830 -0.95565880 0.12001870 1.00000000 / 0.52270510 0.45602420 / 0.0 0.0
				-0.01318359 0.14208980 0.65820310 / -0.87500000 0.28906250 -0.39062500 / 0.00000000 0.00000000 1.00000000 0.00000000 / 16 16 17 16 / 143 7 213 255 / -0.31861140 -0.94780560 0.01229665 1.00000000 / 0.52474980 0.44396970 / 0.0 0.0
				-0.01318359 0.13574220 0.65576170 / -0.71875000 0.25390630 -0.64843750 / 0.00000000 0.00000000 1.00000000 0.00000000 / 16 16 17 16 / 131 0 195 255 / -0.33420720 -0.94249830 0.00155683 1.00000000 / 0.53056340 0.45111080 / 0.0 0.0
				-0.01220703 0.13574220 0.65478520 / -0.48437500 0.18750000 -0.85546880 / 0.00000000 0.00000000 1.00000000 0.00000000 / 16 16 17 16 / 121 0 180 255 / -0.43589890 -0.89860400 0.05003087 1.00000000 / 0.52761840 0.45587160 / 0.0 0.0
				-0.01367187 0.13330080 0.65429690 / -0.55078120 0.44531250 -0.70703130 / 0.00000000 0.00000000 1.00000000 0.00000000 / 16 16 17 16 / 123 0 183 255 / -0.50247630 -0.85226230 -0.14548720 1.00000000 / 0.52896120 0.45756530 / 0.0 0.0
				-0.01464844 0.13183590 0.65478520 / -0.61328130 0.50781250 -0.60546880 / 0.00000000 0.00000000 1.00000000 0.00000000 / 16 16 17 16 / 133 0 198 255 / -0.56904670 -0.81525940 -0.10741540 1.00000000 / 0.53398130 0.45347590 / 0.0 0.0
				-0.01513672 0.13623050 0.65820310 / -0.79296870 0.35546870 -0.49218750 / 0.00000000 0.00000000 1.00000000 0.00000000 / 16 16 17 16 / 145 1 215 255 / -0.38734470 -0.92100980 -0.04129345 1.00000000 / 0.53190610 0.44348150 / 0.0 0.0
				-0.01708984 0.13134770 0.65673830 / -0.81250000 0.45703120 -0.35937500 / 0.00000000 0.00000000 1.00000000 0.00000000 / 16 16 17 16 / 146 0 218 255 / -0.48886800 -0.87234730 -0.00427362 1.00000000 / 0.53692630 0.44670110 / 0.0 0.0
				-0.01611328 0.13623050 0.66113280 / -0.94921880 0.31250000 -0.03125000 / 0.00000000 0.00000000 1.00000000 0.00000000 / 16 16 17 16 / 158 7 234 255 / -0.31166890 -0.94971220 -0.03015532 1.00000000 / 0.53271480 0.43382260 / 0.0 0.0
				-0.01416016 0.14257810 0.66162110 / -0.94531250 0.32421880 0.02734375 / 0.00000000 0.00000000 1.00000000 0.00000000 / 16 16 17 16 / 157 29 233 255 / -0.32426150 -0.94594870 0.00596797 1.00000000 / 0.52528380 0.43368530 / 0.0 0.0
				-0.01513672 0.13525390 0.66455080 / -0.92578120 0.25390630 0.28515620 / 0.00000000 0.00000000 1.00000000 0.00000000 / 16 16 17 16 / 166 20 248 255 / -0.26329270 -0.96470760 0.00400917 1.00000000 / 0.53372190 0.42185970 / 0.0 0.0
				-0.01123047 0.14892580 0.66503910 / -0.80468750 0.54687500 0.23046880 / 0.00000000 0.00000000 1.00000000 0.00000000 / 16 16 17 16 / 165 116 246 255 / -0.54769790 -0.83401210 0.06671419 1.00000000 / 0.51866150 0.41955570 / 0.0 0.0
				-0.01464844 0.13427730 0.66650390 / -0.88281250 0.23046880 0.41015630 / 0.00000000 0.00000000 1.00000000 0.00000000 / 16 16 17 16 / 169 36 252 255 / -0.25604670 -0.96663140 -0.00800149 1.00000000 / 0.53373720 0.41522220 / 0.0 0.0
				-0.01367187 0.14160160 0.66503910 / -0.91015630 0.25781250 0.32421880 / 0.00000000 0.00000000 1.00000000 0.00000000 / 16 16 17 16 / 166 62 248 255 / -0.27397150 -0.96172790 -0.00435436 1.00000000 / 0.52607730 0.41949460 / 0.0 0.0
				-0.01269531 0.14013670 0.66748050 / -0.87890620 0.22265630 0.42578120 / 0.00000000 0.00000000 1.00000000 0.00000000 / 16 16 17 16 / 170 95 254 255 / -0.26159460 -0.96452370 -0.03552827 1.00000000 / 0.52644350 0.41372680 / 0.0 0.0
				-0.00634766 0.15136720 0.66796880 / -0.46484380 0.77734370 0.42578120 / 0.00000000 0.00000000 1.00000000 0.00000000 / 16 16 17 16 / 170 195 254 255 / -0.83572100 -0.54333320 0.07974573 1.00000000 / 0.51231380 0.41242980 / 0.0 0.0
				-0.01074219 0.14697270 0.66796880 / -0.78125000 0.41015630 0.46875000 / 0.00000000 0.00000000 1.00000000 0.00000000 / 16 16 17 16 / 170 157 254 255 / -0.46592370 -0.88482150 -0.00243852 1.00000000 / 0.51940920 0.41314700 / 0.0 0.0
				-0.01220703 0.13916020 0.66943360 / -0.89453130 0.29687500 0.33984380 / 0.00000000 0.00000000 1.00000000 0.00000000 / 16 16 17 16 / 170 121 254 255 / -0.33451330 -0.94057860 -0.05841911 1.00000000 / 0.52592470 0.40728760 / 0.0 0.0
				-0.00634766 0.14941410 0.67138670 / -0.44531250 0.72265620 0.53125000 / 0.00000000 0.00000000 1.00000000 0.00000000 / 16 16 17 16 / 173 208 255 255 / -0.82632280 -0.55905430 0.06818208 1.00000000 / 0.51176450 0.40425110 / 0.0 0.0
				-0.00976563 0.14501950 0.67089840 / -0.77734370 0.42968750 0.46093750 / 0.00000000 0.00000000 1.00000000 0.00000000 / 16 16 17 16 / 172 181 255 255 / -0.49786270 -0.86667900 -0.03162793 1.00000000 / 0.51930240 0.40542600 / 0.0 0.0
				-0.00927734 0.14355470 0.67382810 / -0.78515620 0.46875000 0.40234370 / 0.00000000 0.00000000 1.00000000 0.00000000 / 16 16 17 16 / 172 194 255 255 / -0.52982880 -0.84676790 -0.04759823 1.00000000 / 0.51945500 0.39839170 / 0.0 0.0
				-0.00537109 0.14746090 0.67431640 / -0.46875000 0.69531250 0.54687500 / 0.00000000 0.00000000 1.00000000 0.00000000 / 16 16 17 16 / 174 212 255 255 / -0.80671060 -0.58823480 0.05655000 1.00000000 / 0.51152040 0.39616390 / 0.0 0.0
				-0.00488281 0.14453130 0.67822270 / -0.44531250 0.67968750 0.58203120 / 0.00000000 0.00000000 1.00000000 0.00000000 / 16 16 17 16 / 174 213 255 255 / -0.83327620 -0.55279940 0.00798502 1.00000000 / 0.51036070 0.38742070 / 0.0 0.0
				0.00048828 0.15136720 0.67138670 / 0.00000000 0.83593750 0.54687500 / 0.00000000 0.00000000 1.00000000 0.00000000 / 16 16 17 16 / 173 214 255 255 / -0.99989760 -0.00783552 0.01197377 1.00000000 / 0.50001520 0.40267940 / 0.0 0.0
				0.00048828 0.14892580 0.67480470 / 0.00000000 0.80468750 0.59375000 / 0.00000000 0.00000000 1.00000000 0.00000000 / 16 16 17 16 / 175 214 255 255 / -0.99998510 -0.00325788 0.00441531 1.00000000 / 0.50006100 0.39517210 / 0.0 0.0
				0.00000000 0.14355470 0.68164070 / 0.00000000 0.75390630 0.65625000 / 0.00000000 0.00000000 1.00000000 0.00000000 / 16 16 17 16 / 175 213 255 255 / -0.99999850 0.00113286 -0.00130136 1.00000000 / 0.50006100 0.37757870 / 0.0 0.0
				0.00048828 0.14648440 0.67822270 / 0.00000000 0.78515620 0.61718750 / 0.00000000 0.00000000 1.00000000 0.00000000 / 16 16 17 16 / 175 214 255 255 / -0.99995130 -0.00610004 0.00776215 1.00000000 / 0.50006100 0.38679500 / 0.0 0.0
				0.00537109 0.14453130 0.67822270 / 0.44921870 0.67968750 0.58203120 / 0.00000000 0.00000000 1.00000000 0.00000000 / 16 16 17 16 / 174 213 255 255 / -0.83545830 0.54954560 0.00301336 1.00000000 / 0.48979190 0.38720700 / 0.0 0.0
				0.00488281 0.14208980 0.68115230 / 0.46875000 0.65234380 0.59375000 / 0.00000000 0.00000000 1.00000000 0.00000000 / 16 16 17 16 / 175 212 255 255 / -0.84625260 0.52487840 0.09142856 1.00000000 / 0.48992920 0.37821960 / 0.0 0.0
				0.00585938 0.14746090 0.67431640 / 0.46875000 0.69140620 0.54687500 / 0.00000000 0.00000000 1.00000000 0.00000000 / 16 16 17 16 / 174 212 255 255 / -0.81299500 0.58106190 -0.03749851 1.00000000 / 0.48854060 0.39611820 / 0.0 0.0
				0.00927734 0.14111330 0.67724610 / 0.74609370 0.50781250 0.43359380 / 0.00000000 0.00000000 1.00000000 0.00000000 / 16 16 17 16 / 172 202 255 255 / -0.59952250 0.79389530 0.10150410 1.00000000 / 0.48059080 0.38925170 / 0.0 0.0
				0.00683594 0.14941410 0.67138670 / 0.44531250 0.72265620 0.53125000 / 0.00000000 0.00000000 1.00000000 0.00000000 / 16 16 17 16 / 173 208 255 255 / -0.82318920 0.56268030 -0.07583209 1.00000000 / 0.48812870 0.40365600 / 0.0 0.0
				0.01025391 0.14501950 0.67089840 / 0.77734370 0.42578120 0.46093750 / 0.00000000 0.00000000 1.00000000 0.00000000 / 16 16 17 16 / 172 181 255 255 / -0.49511280 0.86819810 0.03309544 1.00000000 / 0.48056030 0.40509030 / 0.0 0.0
				0.00976563 0.14355470 0.67382810 / 0.78906250 0.46875000 0.40234370 / 0.00000000 0.00000000 1.00000000 0.00000000 / 16 16 17 16 / 172 194 255 255 / -0.52580170 0.84962920 0.04077639 1.00000000 / 0.48088070 0.39741510 / 0.0 0.0
				0.01269531 0.13916020 0.66943360 / 0.89453130 0.29296880 0.33984380 / 0.00000000 0.00000000 1.00000000 0.00000000 / 16 16 17 16 / 170 121 254 255 / -0.32823080 0.94323630 0.05069252 1.00000000 / 0.47413640 0.40728760 / 0.0 0.0
				0.01220703 0.13818360 0.67236320 / 0.90234380 0.36718750 0.22265630 / 0.00000000 0.00000000 1.00000000 0.00000000 / 16 16 17 16 / 169 144 252 255 / -0.38247050 0.92357380 0.02697253 1.00000000 / 0.47575380 0.39956660 / 0.0 0.0
				0.01416016 0.13330080 0.67089840 / 0.90234380 0.42578120 0.07421875 / 0.00000000 0.00784314 0.99215690 0.00000000 / 16 19 17 16 / 166 74 248 255 / -0.41808180 0.90315230 -0.09758736 1.00000000 / 0.46548460 0.40544130 / 0.0 0.0
				0.01220703 0.13720700 0.67529300 / 0.87109370 0.42187500 0.25781250 / 0.00000000 0.00000000 1.00000000 0.00000000 / 16 16 17 16 / 170 161 252 255 / -0.45496310 0.88619100 0.08760153 1.00000000 / 0.47523500 0.39213560 / 0.0 0.0
				0.01464844 0.13281250 0.67382810 / 0.86328130 0.49609370 0.09375000 / 0.00000000 0.01568628 0.98431370 0.00000000 / 16 19 17 16 / 166 93 248 255 / -0.49707560 0.86759810 -0.01376055 1.00000000 / 0.46575930 0.39784240 / 0.0 0.0
				0.01708984 0.12939450 0.67382810 / 0.75781250 0.64453120 0.09765625 / 0.00000000 0.06666667 0.93333340 0.00000000 / 16 19 17 16 / 164 36 243 255 / -0.64813080 0.76152210 0.00323215 1.00000000 / 0.45782470 0.39732360 / 0.0 0.0
				0.01416016 0.13232420 0.67578120 / 0.85156250 0.43359380 0.29296880 / 0.00000000 0.01568628 0.98431370 0.00000000 / 16 19 17 16 / 168 97 249 255 / -0.46652440 0.88315910 0.04883842 1.00000000 / 0.46559140 0.39028930 / 0.0 0.0
				0.00878906 0.13916020 0.67968750 / 0.69921880 0.52343750 0.48437500 / 0.00000000 0.00000000 1.00000000 0.00000000 / 16 16 17 16 / 173 201 255 255 / -0.65816290 0.73694180 0.15407230 1.00000000 / 0.48133850 0.38052370 / 0.0 0.0
				0.01171875 0.13574220 0.67773440 / 0.81250000 0.42187500 0.39843750 / 0.00000000 0.00000000 1.00000000 0.00000000 / 16 16 17 16 / 171 163 255 255 / -0.50590920 0.85297340 0.12842220 1.00000000 / 0.47586060 0.38397220 / 0.0 0.0
				0.00830078 0.13720700 0.68212890 / 0.70703130 0.51171880 0.48828130 / 0.00000000 0.00000000 1.00000000 0.00000000 / 16 16 17 16 / 173 178 255 255 / -0.64277000 0.75282990 0.14175210 1.00000000 / 0.48117060 0.37199400 / 0.0 0.0
				0.01123047 0.13427730 0.68017580 / 0.80859380 0.40625000 0.42578120 / 0.00000000 0.00000000 1.00000000 0.00000000 / 16 16 17 16 / 172 137 255 255 / -0.50427890 0.85118930 0.14553230 1.00000000 / 0.47523500 0.37632750 / 0.0 0.0
				0.01074219 0.13330080 0.68164070 / 0.80859380 0.37109380 0.45703120 / 0.00000000 0.00000000 1.00000000 0.00000000 / 16 16 17 16 / 173 89 255 255 / -0.47146630 0.87292890 0.12535870 1.00000000 / 0.47355650 0.37115480 / 0.0 0.0
				0.01367187 0.13183590 0.67773440 / 0.79687500 0.49218750 0.35546870 / 0.00000000 0.01176471 0.98823530 0.00000000 / 16 19 17 16 / 170 81 254 255 / -0.53992420 0.84038740 0.04723180 1.00000000 / 0.46542360 0.38272100 / 0.0 0.0
				0.01025391 0.13183590 0.68359370 / 0.80468750 0.39843750 0.43750000 / 0.00000000 0.00000000 1.00000000 0.00000000 / 16 16 17 16 / 172 40 255 255 / -0.47220670 0.87885070 0.06813441 1.00000000 / 0.47189330 0.36598210 / 0.0 0.0
				0.01367187 0.13085940 0.67919920 / 0.77343750 0.42578120 0.46875000 / 0.00000000 0.01568628 0.98431370 0.00000000 / 16 19 17 16 / 171 47 255 255 / -0.44901750 0.89090000 -0.06841455 1.00000000 / 0.46427920 0.37794500 / 0.0 0.0
				0.01708984 0.12890630 0.67529300 / 0.66015630 0.73828120 0.11718750 / 0.00000000 0.07058824 0.92941180 0.00000000 / 16 19 17 16 / 166 29 248 255 / -0.72934940 0.67239500 -0.12623220 1.00000000 / 0.45678710 0.39163210 / 0.0 0.0
				0.01660156 0.12841800 0.67675780 / 0.69531250 0.60156250 0.39453130 / 0.00000000 0.06666667 0.93333340 0.00000000 / 16 19 17 16 / 169 15 252 255 / -0.58282720 0.79224070 -0.18074100 1.00000000 / 0.45539850 0.38748170 / 0.0 0.0
				0.01318359 0.12939450 0.68115230 / 0.71484380 0.53125000 0.45312500 / 0.00000000 0.01960784 0.98039220 0.00000000 / 16 19 17 16 / 172 16 255 255 / -0.54801620 0.82947490 -0.10793360 1.00000000 / 0.46313480 0.37316900 / 0.0 0.0
				0.01269531 0.12792970 0.68310550 / 0.72656250 0.52734370 0.44140630 / 0.00000000 0.03137255 0.96862750 0.00000000 / 16 19 17 16 / 172 2 255 255 / -0.59825030 0.80082010 0.02799533 1.00000000 / 0.46026610 0.36718750 / 0.0 0.0
				0.01660156 0.12792970 0.67822270 / 0.60937500 0.68750000 0.39453130 / 0.00000000 0.06274510 0.93725490 0.00000000 / 16 19 17 16 / 171 4 255 255 / -0.71921930 0.68896460 -0.08972976 1.00000000 / 0.45401000 0.38333130 / 0.0 0.0
				0.01660156 0.12451170 0.68164070 / 0.67968750 0.51171880 0.52734370 / 0.00000000 0.07450981 0.92549020 0.00000000 / 16 19 17 16 / 173 0 255 255 / -0.59386270 0.80442410 -0.01513092 1.00000000 / 0.45100400 0.37129210 / 0.0 0.0
				0.01660156 0.12646480 0.68017580 / 0.62890620 0.57812500 0.51953120 / 0.00000000 0.06666667 0.93333340 0.00000000 / 16 19 17 16 / 173 0 255 255 / -0.65421300 0.75478880 -0.04794995 1.00000000 / 0.45278930 0.37715150 / 0.0 0.0
				0.01660156 0.12207030 0.68359370 / 0.75000000 0.44531250 0.49218750 / 0.00000000 0.09411765 0.90588230 0.00000000 / 16 19 17 16 / 172 0 255 255 / -0.45959650 0.88267600 -0.09825615 1.00000000 / 0.44868470 0.36520390 / 0.0 0.0
				0.02050781 0.12646480 0.67431640 / 0.53906250 0.82812500 0.14843750 / 0.00000000 0.13333330 0.86666670 0.00000000 / 16 19 17 16 / 166 2 248 255 / -0.83055160 0.55282070 -0.06762607 1.00000000 / 0.44952390 0.39744570 / 0.0 0.0
				0.02050781 0.12646480 0.67285160 / 0.47656250 0.87500000 -0.07812500 / 0.00000000 0.12549020 0.87450980 0.00000000 / 16 19 17 16 / 163 5 242 255 / -0.87539620 0.46496270 -0.13225330 1.00000000 / 0.45048520 0.40139770 / 0.0 0.0
				0.02392578 0.12451170 0.66992190 / 0.32812500 0.94140630 -0.09375000 / 0.00000000 0.15686280 0.84313730 0.00000000 / 16 19 17 16 / 160 7 239 255 / -0.94214790 0.33254050 0.04212068 1.00000000 / 0.44497680 0.41081240 / 0.0 0.0
				0.02441406 0.12451170 0.67138670 / 0.36328130 0.92968750 0.04296875 / 0.00000000 0.18431370 0.81568630 0.00000000 / 16 19 17 16 / 164 7 245 255 / -0.93014950 0.36025510 0.07097875 1.00000000 / 0.44409180 0.40623470 / 0.0 0.0
				0.02050781 0.12597660 0.67529300 / 0.55078120 0.76953130 0.32421880 / 0.00000000 0.12549020 0.87450980 0.00000000 / 16 19 17 16 / 170 0 254 255 / -0.80847340 0.58810410 -0.02245670 1.00000000 / 0.44857790 0.39349370 / 0.0 0.0
				0.02978515 0.12255860 0.66796880 / 0.34375000 0.93750000 0.06250000 / 0.00000000 0.22352940 0.77647060 0.00000000 / 25 19 17 16 / 164 42 243 255 / -0.93912530 0.34264420 0.02526787 1.00000000 / 0.43511960 0.41433710 / 0.0 0.0
				0.02441406 0.12402340 0.67285160 / 0.47656250 0.83984370 0.26171870 / 0.00000000 0.18431370 0.81568630 0.00000000 / 16 19 17 16 / 169 7 251 255 / -0.87565390 0.47985100 0.05452790 1.00000000 / 0.44319150 0.40164180 / 0.0 0.0
				0.02050781 0.12500000 0.67773440 / 0.57031250 0.64453120 0.50781250 / 0.00000000 0.12156860 0.87843140 0.00000000 / 16 19 17 16 / 173 0 255 255 / -0.73372890 0.67843200 -0.03703874 1.00000000 / 0.44635010 0.38714600 / 0.0 0.0
				0.02441406 0.12353520 0.67529300 / 0.51562500 0.72656250 0.45312500 / 0.00000000 0.18039220 0.81960790 0.00000000 / 16 19 17 16 / 172 7 255 255 / -0.82140600 0.56996490 0.02079108 1.00000000 / 0.44145200 0.39411930 / 0.0 0.0
				0.02978515 0.12255860 0.66992190 / 0.41796880 0.87890620 0.23046880 / 0.00000000 0.23529410 0.76470590 0.00000000 / 16 19 17 16 / 168 42 249 255 / -0.90513770 0.42451630 0.02262151 1.00000000 / 0.43443300 0.40904230 / 0.0 0.0
				0.02929688 0.12158200 0.67236320 / 0.46093750 0.78906250 0.41015630 / 0.00000000 0.23137260 0.76862750 0.00000000 / 16 19 17 16 / 171 39 255 255 / -0.86459620 0.50244300 0.00495057 1.00000000 / 0.43287660 0.40115360 / 0.0 0.0
				0.03759766 0.12011720 0.66357420 / 0.42968750 0.89843750 0.06250000 / 0.00392157 0.26666670 0.72941180 0.00000000 / 25 19 17 16 / 164 110 243 255 / -0.89620000 0.43465120 -0.08890560 1.00000000 / 0.42022710 0.42680360 / 0.0 0.0
				0.03759766 0.11962890 0.66650390 / 0.49218750 0.84765630 0.19140620 / 0.00000000 0.28627450 0.71372550 0.00000000 / 25 19 17 16 / 167 109 248 255 / -0.83320040 0.52380410 -0.17721850 1.00000000 / 0.41935730 0.41986090 / 0.0 0.0
				0.04785156 0.11474610 0.65869140 / 0.57421870 0.81640630 0.07421875 / 0.02352941 0.30980390 0.66666670 0.00000000 / 25 19 17 16 / 162 176 242 255 / -0.78542050 0.57361050 -0.23256320 1.00000000 / 0.40138250 0.44419860 / 0.0 0.0
				0.03710938 0.11865230 0.66943360 / 0.46093750 0.81640630 0.35156250 / 0.00000000 0.28627450 0.71372550 0.00000000 / 25 19 17 16 / 170 102 252 255 / -0.84810490 0.52078960 -0.09744817 1.00000000 / 0.41848760 0.41078190 / 0.0 0.0
				0.04833984 0.11376950 0.66259770 / 0.63671870 0.76171880 0.10546870 / 0.00000000 0.34901960 0.65098040 0.00000000 / 25 19 17 16 / 165 175 246 255 / -0.73155130 0.64285670 -0.22708580 1.00000000 / 0.40040590 0.43601990 / 0.0 0.0
				0.04736328 0.11328120 0.66748050 / 0.56640620 0.79687500 0.21093750 / 0.00000000 0.33725490 0.66274510 0.00000000 / 25 19 17 16 / 168 165 249 255 / -0.78225060 0.60019370 -0.16688750 1.00000000 / 0.39866640 0.42405700 / 0.0 0.0
				0.05810547 0.10644530 0.65234380 / 0.74609370 0.66406250 -0.03906250 / 0.04313726 0.33333330 0.60784320 0.01568628 / 25 19 17 29 / 159 208 237 255 / -0.66455910 0.74099520 -0.09637040 1.00000000 / 0.38076780 0.46824650 / 0.0 0.0
				0.05615234 0.10791020 0.64794920 / 0.66406250 0.73046870 -0.16406250 / 0.09411765 0.26274510 0.57647060 0.06666667 / 25 19 17 29 / 157 208 233 255 / -0.74558260 0.66324310 -0.06492446 1.00000000 / 0.38610840 0.48030090 / 0.0 0.0
				0.05908203 0.10058590 0.63574220 / 0.78125000 0.58203120 -0.23046880 / 0.23921570 0.27843140 0.35686280 0.12549020 / 19 29 17 25 / 153 214 227 255 / -0.56626820 0.81320640 0.13429710 1.00000000 / 0.37760930 0.50949100 / 0.0 0.0
				0.06152343 0.09716797 0.63818360 / 0.85937500 0.47265620 -0.19140620 / 0.28627450 0.31372550 0.32549020 0.07450981 / 29 19 17 25 / 154 214 230 255 / -0.45248970 0.88033910 0.14232450 1.00000000 / 0.36889650 0.49989320 / 0.0 0.0
				0.06103515 0.10253910 0.65820310 / 0.84765630 0.52734370 -0.02734375 / 0.00392157 0.39215690 0.60392160 0.00000000 / 25 19 17 16 / 162 209 240 255 / -0.52786890 0.84916770 0.01638646 1.00000000 / 0.37542720 0.45619200 / 0.0 0.0
				0.06494140 0.09277344 0.64160160 / 0.90234380 0.39843750 -0.16796870 / 0.27843140 0.27843140 0.40784320 0.03529412 / 29 17 19 25 / 156 214 231 255 / -0.37027560 0.91235040 0.17467860 1.00000000 / 0.36018370 0.49028010 / 0.0 0.0
				0.06250000 0.08544922 0.62304690 / 0.90234380 0.32421880 -0.29296880 / 0.20392160 0.22352940 0.49019610 0.08235295 / 17 19 29 25 / 151 214 224 255 / -0.31910360 0.94559990 0.06335284 1.00000000 / 0.34761050 0.53182980 / 0.0 0.0
				0.06982422 0.08203125 0.64599610 / 0.94140630 0.31640630 -0.12109380 / 0.00000000 0.38431370 0.61568630 0.00000000 / 16 19 17 16 / 157 214 234 255 / -0.30107500 0.94491270 0.12842780 1.00000000 / 0.32997130 0.47138980 / 0.0 0.0
				0.06738281 0.07421875 0.62695310 / 0.92578120 0.25000000 -0.28515620 / 0.21960780 0.22352940 0.55686280 0.00000000 / 17 19 29 16 / 152 214 227 255 / -0.24613300 0.96796560 0.04961081 1.00000000 / 0.32113650 0.52471920 / 0.0 0.0
				0.05859375 0.10449220 0.66699220 / 0.71484380 0.68750000 0.12500000 / 0.00000000 0.36862750 0.63137260 0.00000000 / 16 19 17 16 / 166 199 248 255 / -0.68362650 0.72540330 -0.08027971 1.00000000 / 0.36961360 0.43052670 / 0.0 0.0
				0.06835937 0.08886719 0.66259770 / 0.93359370 0.35546870 -0.02343750 / 0.00000000 0.39607840 0.60392160 0.00000000 / 16 19 17 16 / 162 214 240 255 / -0.33629460 0.90125330 0.27321870 1.00000000 / 0.33224490 0.43939210 / 0.0 0.0
				0.06591797 0.09375000 0.67089840 / 0.85546880 0.50781250 0.10156250 / 0.00000000 0.35294120 0.64705880 0.00000000 / 16 19 17 16 / 165 207 245 255 / -0.51332030 0.85741330 0.03667094 1.00000000 / 0.33961490 0.41894530 / 0.0 0.0
				0.05517578 0.10595700 0.67236320 / 0.63671870 0.73046870 0.24218750 / 0.00000000 0.34117650 0.65882350 0.00000000 / 16 19 17 16 / 168 165 251 255 / -0.72716800 0.67507810 -0.12448490 1.00000000 / 0.36953730 0.41302490 / 0.0 0.0
				0.06103515 0.09863281 0.67578120 / 0.76562500 0.59765620 0.22656250 / 0.00000000 0.30196080 0.69803930 0.00000000 / 16 19 17 16 / 166 175 248 255 / -0.60242890 0.79566830 -0.06317976 1.00000000 / 0.34486390 0.40414430 / 0.0 0.0
				0.06835937 0.08544922 0.67871090 / 0.92578120 0.36328130 0.10937500 / 0.00000000 0.25882350 0.74117650 0.00000000 / 16 19 17 16 / 164 208 243 255 / -0.37293650 0.92355090 0.08928665 1.00000000 / 0.31520080 0.39591980 / 0.0 0.0
				0.07128906 0.07763672 0.67138670 / 0.96875000 0.24609380 0.02734375 / 0.00000000 0.23529410 0.76470590 0.00000000 / 16 19 17 16 / 162 214 242 255 / -0.24752410 0.96579830 0.07723638 1.00000000 / 0.30392460 0.40600590 / 0.0 0.0
				0.07275391 0.07177734 0.65136720 / 0.96875000 0.22656250 -0.09375000 / 0.15686280 0.23921570 0.60392160 0.00000000 / 29 19 17 16 / 158 214 236 255 / -0.23758550 0.96285880 -0.12828170 1.00000000 / 0.31205750 0.45883180 / 0.0 0.0
				0.07031250 0.07568359 0.68554690 / 0.96484370 0.26171870 0.06640625 / 0.00000000 0.12156860 0.87843140 0.00000000 / 16 19 17 16 / 163 214 243 255 / -0.26281640 0.96469090 0.01729180 1.00000000 / 0.29695130 0.37692260 / 0.0 0.0
				0.07128906 0.06396484 0.63281250 / 0.94531250 0.19531250 -0.26171870 / 0.14509800 0.25098040 0.60392160 0.00000000 / 19 17 29 16 / 155 214 230 255 / -0.22977950 0.96721560 -0.10814490 1.00000000 / 0.30212400 0.51072690 / 0.0 0.0
				0.06347657 0.09326172 0.68115230 / 0.82812500 0.54296870 0.13281250 / 0.00000000 0.20784310 0.79215690 0.00000000 / 16 19 17 16 / 164 177 243 255 / -0.53261440 0.83918550 -0.10995340 1.00000000 / 0.33233640 0.38441470 / 0.0 0.0
				0.06152343 0.06591797 0.60595700 / 0.91406250 0.23437500 -0.33203120 / 0.01960784 0.13333330 0.83137260 0.01568628 / 17 19 29 15 / 148 214 219 255 / -0.27460390 0.95826270 -0.07953280 1.00000000 / 0.31736750 0.55978390 / 0.0 0.0
				0.06787109 0.08349610 0.68847660 / 0.92968750 0.36718750 0.07031250 / 0.00000000 0.10980390 0.89019610 0.00000000 / 24 19 17 16 / 163 211 243 255 / -0.35443410 0.92428470 -0.14168420 1.00000000 / 0.31068420 0.36923220 / 0.0 0.0
				0.05859375 0.09814453 0.68359370 / 0.74218750 0.65234380 0.14843750 / 0.00000000 0.18039220 0.81960790 0.00000000 / 24 19 17 16 / 161 111 240 255 / -0.65259900 0.75552550 -0.05740907 1.00000000 / 0.34530640 0.37500000 / 0.0 0.0
				0.06347657 0.09228516 0.68847660 / 0.84375000 0.53515630 -0.05078125 / 0.00000000 0.09019608 0.90980400 0.00000000 / 24 19 17 16 / 159 184 237 255 / -0.53461040 0.82583730 -0.17940040 1.00000000 / 0.33003240 0.36549380 / 0.0 0.0
				0.05712891 0.10156250 0.67919920 / 0.68359370 0.68750000 0.24609380 / 0.00000000 0.27058820 0.72941180 0.00000000 / 16 19 17 16 / 166 109 246 255 / -0.70346730 0.71010750 -0.02968250 1.00000000 / 0.35266110 0.38848880 / 0.0 0.0
				0.05859375 0.09814453 0.68798830 / 0.75781250 0.61718750 -0.21093750 / 0.00000000 0.09411765 0.90588230 0.00000000 / 24 19 17 16 / 155 111 230 255 / -0.63866860 0.76803170 -0.04721937 1.00000000 / 0.34362790 0.36233520 / 0.0 0.0
				0.05224610 0.10693360 0.67578120 / 0.57812500 0.76953130 0.26953130 / 0.00000000 0.31372550 0.68627450 0.00000000 / 16 19 17 16 / 168 102 251 255 / -0.77789920 0.62008270 -0.10183450 1.00000000 / 0.36962890 0.39881900 / 0.0 0.0
				0.05517578 0.10156250 0.68554690 / 0.73046870 0.67968750 0.03515625 / 0.00000000 0.16470590 0.83529410 0.00000000 / 24 19 17 16 / 157 42 234 255 / -0.68168530 0.73025930 0.04501675 1.00000000 / 0.35084530 0.37020870 / 0.0 0.0
				0.05371094 0.10351560 0.68212890 / 0.66406250 0.72656250 0.17187500 / 0.00000000 0.23921570 0.76078430 0.00000000 / 24 19 17 16 / 163 42 243 255 / -0.73572010 0.67700770 -0.01940130 1.00000000 / 0.35644530 0.38041690 / 0.0 0.0
				0.04589844 0.11328120 0.67089840 / 0.48828130 0.80468750 0.34375000 / 0.00000000 0.31764710 0.68235290 0.00000000 / 16 19 17 16 / 170 134 252 255 / -0.82652170 0.55092990 -0.11549100 1.00000000 / 0.39569090 0.41020200 / 0.0 0.0
				0.05029297 0.10742190 0.67871090 / 0.55468750 0.80859380 0.20312500 / 0.00000000 0.27058820 0.72941180 0.00000000 / 16 19 17 16 / 166 39 248 255 / -0.80949460 0.57927180 -0.09572158 1.00000000 / 0.36956790 0.38949580 / 0.0 0.0
				0.03564453 0.11767580 0.67285160 / 0.43750000 0.77734370 0.45312500 / 0.00000000 0.27843140 0.72156870 0.00000000 / 16 19 17 16 / 171 81 255 255 / -0.85282600 0.51809300 -0.06532640 1.00000000 / 0.41607670 0.40219110 / 0.0 0.0
				0.04394531 0.11279300 0.67431640 / 0.46093750 0.83593750 0.29687500 / 0.00000000 0.29411760 0.70588230 0.00000000 / 16 19 17 16 / 170 81 252 255 / -0.85524540 0.50798950 -0.10247990 1.00000000 / 0.39324950 0.39852910 / 0.0 0.0
				0.03417969 0.11718750 0.67578120 / 0.41406250 0.83203120 0.36718750 / 0.00000000 0.26666670 0.73333340 0.00000000 / 16 19 17 16 / 171 46 255 255 / -0.87687940 0.47335420 -0.08377555 1.00000000 / 0.41291810 0.39253240 / 0.0 0.0
				0.04248047 0.11279300 0.67626950 / 0.44921870 0.87109370 0.20312500 / 0.00000000 0.26274510 0.73725490 0.00000000 / 16 19 17 16 / 168 29 251 255 / -0.87889940 0.47091900 -0.07596732 1.00000000 / 0.39140320 0.39385990 / 0.0 0.0
				0.02880859 0.12011720 0.67529300 / 0.46093750 0.73046870 0.50390620 / 0.00000000 0.23137260 0.76862750 0.00000000 / 16 19 17 16 / 173 29 255 255 / -0.83563190 0.54843450 -0.03063939 1.00000000 / 0.43046570 0.39384460 / 0.0 0.0
				0.02783203 0.11914060 0.67773440 / 0.41015630 0.76953130 0.48828130 / 0.00000000 0.23529410 0.76470590 0.00000000 / 16 19 17 16 / 173 15 255 255 / -0.86347310 0.50040730 -0.06329866 1.00000000 / 0.42691040 0.38583370 / 0.0 0.0
				0.02392578 0.12207030 0.67724610 / 0.49609370 0.65234380 0.57421870 / 0.00000000 0.18431370 0.81568630 0.00000000 / 16 19 17 16 / 174 5 255 255 / -0.80076200 0.59887430 0.01139610 1.00000000 / 0.43905640 0.38757320 / 0.0 0.0
				0.03320312 0.11621090 0.67822270 / 0.37109380 0.88671870 0.27343750 / 0.00000000 0.24313730 0.75686280 0.00000000 / 16 19 17 16 / 170 15 254 255 / -0.89379670 0.42139890 -0.15346100 1.00000000 / 0.41020200 0.38732910 / 0.0 0.0
				0.02001953 0.12304690 0.67919920 / 0.56250000 0.54296870 0.62500000 / 0.00000000 0.13333330 0.86666670 0.00000000 / 16 19 17 16 / 174 0 255 255 / -0.67809170 0.73445240 -0.02777141 1.00000000 / 0.44389340 0.38108830 / 0.0 0.0
				0.02343750 0.12011720 0.67968750 / 0.42578120 0.64453120 0.63671870 / 0.00000000 0.20392160 0.79607840 0.00000000 / 16 19 17 16 / 175 2 255 255 / -0.80220880 0.59356060 -0.06439532 1.00000000 / 0.43553160 0.38056950 / 0.0 0.0
				0.02001953 0.12109380 0.68115230 / 0.54296870 0.50781250 0.67187500 / 0.00000000 0.16862750 0.83137260 0.00000000 / 16 19 17 16 / 175 0 255 255 / -0.61627510 0.78204780 -0.09276990 1.00000000 / 0.44076540 0.37525940 / 0.0 0.0
				0.02734375 0.11767580 0.68017580 / 0.31250000 0.83984370 0.44531250 / 0.00000000 0.21960780 0.78039220 0.00000000 / 16 19 17 16 / 172 4 255 255 / -0.87873870 0.43322380 -0.20033840 1.00000000 / 0.42405700 0.38014220 / 0.0 0.0
				0.02294922 0.11816410 0.68164070 / 0.32031250 0.71484380 0.62109380 / 0.00000000 0.20000000 0.80000000 0.00000000 / 16 19 17 16 / 174 0 255 255 / -0.83449850 0.52344630 -0.17209380 1.00000000 / 0.43315120 0.37521360 / 0.0 0.0
				0.01953125 0.11865230 0.68310550 / 0.51953120 0.56640620 0.63671870 / 0.00000000 0.17647060 0.82352940 0.00000000 / 16 19 17 16 / 173 0 255 255 / -0.64096590 0.75324740 -0.14758410 1.00000000 / 0.43756100 0.36962890 / 0.0 0.0
				0.03320312 0.11572270 0.68066410 / 0.31250000 0.92187500 0.22656250 / 0.00000000 0.20784310 0.79215690 0.00000000 / 16 19 17 16 / 167 2 249 255 / -0.92120600 0.35264040 -0.16439100 1.00000000 / 0.40797420 0.38215640 / 0.0 0.0
				0.02734375 0.11718750 0.68212890 / 0.20703130 0.91406250 0.34765630 / 0.00000000 0.18823530 0.81176470 0.00000000 / 16 19 17 16 / 170 0 252 255 / -0.89923870 0.31792150 -0.30049200 1.00000000 / 0.42231750 0.37736510 / 0.0 0.0
				0.02294922 0.11718750 0.68310550 / 0.16796870 0.85156250 0.49609370 / 0.00000000 0.17254900 0.82745100 0.00000000 / 16 19 17 16 / 172 0 255 255 / -0.84942260 0.38054280 -0.36560710 1.00000000 / 0.43211360 0.37109380 / 0.0 0.0
				0.04150391 0.11279300 0.67968750 / 0.41015630 0.89843750 0.15625000 / 0.00000000 0.22352940 0.77647060 0.00000000 / 16 19 17 16 / 165 5 245 255 / -0.90574220 0.42138780 -0.04542570 1.00000000 / 0.39012150 0.38615420 / 0.0 0.0
				0.03320312 0.11572270 0.68212890 / 0.26562500 0.96484370 -0.03906250 / 0.00000000 0.16078430 0.83921570 0.00000000 / 16 19 17 16 / 163 0 243 255 / -0.96053780 0.26041200 -0.09773742 1.00000000 / 0.40710450 0.37919620 / 0.0 0.0
				0.02734375 0.11669920 0.68408200 / 0.08984375 0.98828130 0.12500000 / 0.00000000 0.14117650 0.85882350 0.00000000 / 16 19 17 16 / 166 0 248 255 / -0.94423790 0.12437560 -0.30486960 1.00000000 / 0.42181400 0.37420660 / 0.0 0.0
				0.04882813 0.10839840 0.68115230 / 0.57031250 0.81640630 0.09375000 / 0.00000000 0.22745100 0.77254900 0.00000000 / 16 19 17 16 / 163 7 242 255 / -0.82033820 0.57177500 0.01088345 1.00000000 / 0.37017820 0.38182070 / 0.0 0.0
				0.04101563 0.11279300 0.68115230 / 0.45312500 0.88281250 -0.11328120 / 0.00000000 0.17254900 0.82745100 0.00000000 / 16 19 17 16 / 161 0 239 255 / -0.88931150 0.45725840 0.00630497 1.00000000 / 0.38935850 0.38279720 / 0.0 0.0
				0.05175781 0.10546870 0.68457030 / 0.70703130 0.70703130 0.00390625 / 0.00000000 0.20000000 0.80000000 0.00000000 / 24 19 17 16 / 159 7 236 255 / -0.70535970 0.70495600 0.07419374 1.00000000 / 0.36036680 0.37321470 / 0.0 0.0
				0.04736328 0.10937500 0.68310550 / 0.58203120 0.80468750 -0.12500000 / 0.00000000 0.17647060 0.82352940 0.00000000 / 16 19 17 16 / 159 0 236 255 / -0.80897810 0.58761660 0.01615989 1.00000000 / 0.37040710 0.37742620 / 0.0 0.0
				0.05029297 0.10693360 0.68603510 / 0.68359370 0.71875000 -0.11328120 / 0.00000000 0.15294120 0.84705880 0.00000000 / 24 19 17 16 / 155 0 230 255 / -0.71538190 0.69368330 0.08385901 1.00000000 / 0.36090090 0.37049870 / 0.0 0.0
				0.05273437 0.10449220 0.68701170 / 0.72265620 0.64843750 -0.23046880 / 0.00000000 0.14117650 0.85882350 0.00000000 / 24 19 17 16 / 152 7 227 255 / -0.63716590 0.75863840 0.13596850 1.00000000 / 0.35546870 0.36663820 / 0.0 0.0
				0.04589844 0.11083980 0.68554690 / 0.53906250 0.81250000 -0.21875000 / 0.00000000 0.12549020 0.87450980 0.00000000 / 24 19 17 16 / 156 0 231 255 / -0.81382680 0.57016640 0.11223320 1.00000000 / 0.37290950 0.37150570 / 0.0 0.0
				0.04882813 0.10888670 0.68798830 / 0.64843750 0.72656250 -0.22265630 / 0.00000000 0.10980390 0.89019610 0.00000000 / 27 19 17 24 / 152 0 227 255 / -0.72239600 0.68115780 0.11903000 1.00000000 / 0.36433410 0.36483760 / 0.0 0.0
				0.05175781 0.10644530 0.68798830 / 0.62890620 0.67968750 -0.37500000 / 0.00000000 0.11764710 0.88235290 0.00000000 / 24 19 17 16 / 148 0 219 255 / -0.69901750 0.70680700 0.10862050 1.00000000 / 0.35769650 0.36473080 / 0.0 0.0
				0.04052734 0.11376950 0.68408200 / 0.35156250 0.91015630 -0.22265630 / 0.00000000 0.12549020 0.87450980 0.00000000 / 16 19 17 16 / 158 0 234 255 / -0.93470380 0.35437670 -0.02731226 1.00000000 / 0.38926700 0.37586980 / 0.0 0.0
				0.04541016 0.11181640 0.68750000 / 0.54296870 0.81250000 -0.19921870 / 0.00000000 0.08627451 0.91372550 0.00000000 / 24 19 17 27 / 157 0 233 255 / -0.80603620 0.57408590 0.14398270 1.00000000 / 0.37400820 0.36834720 / 0.0 0.0
				0.03320312 0.11572270 0.68457030 / 0.14453130 0.98437500 -0.11328120 / 0.00000000 0.11372550 0.88627450 0.00000000 / 16 19 17 16 / 161 0 239 255 / -0.98489120 0.13168830 -0.11246120 1.00000000 / 0.40623470 0.37364200 / 0.0 0.0
				0.04003906 0.11425780 0.68603510 / 0.37500000 0.90234380 -0.20312500 / 0.00000000 0.08627451 0.91372550 0.00000000 / 16 19 17 16 / 159 0 237 255 / -0.92324220 0.38421170 0.00227165 1.00000000 / 0.38916010 0.37187190 / 0.0 0.0
				0.03369141 0.11621090 0.68603510 / 0.15625000 0.98046870 -0.13281250 / 0.00000000 0.07058824 0.92941180 0.00000000 / 16 19 17 16 / 162 0 240 255 / -0.98369060 0.14193040 -0.11049330 1.00000000 / 0.40574650 0.37072750 / 0.0 0.0
				0.02783203 0.11621090 0.68603510 / -0.03125000 0.99609380 0.07812500 / 0.00000000 0.09411765 0.90588230 0.00000000 / 16 19 17 16 / 164 0 245 255 / -0.96871040 -0.01093782 -0.24795280 1.00000000 / 0.42005920 0.36845400 / 0.0 0.0
				0.02783203 0.11621090 0.68750000 / -0.05859375 1.00000000 -0.01562500 / 0.00000000 0.04705882 0.95294120 0.00000000 / 16 19 17 16 / 165 0 246 255 / -0.98446550 -0.06030305 -0.16489720 1.00000000 / 0.41912840 0.36616520 / 0.0 0.0
				0.03369141 0.11621090 0.68750000 / 0.18359380 0.96875000 0.16796870 / 0.00000000 0.03529412 0.96470590 0.00000000 / 16 19 17 16 / 168 0 249 255 / -0.97825890 0.19676250 -0.06553093 1.00000000 / 0.40525820 0.36779780 / 0.0 0.0
				0.02294922 0.11621090 0.68505860 / -0.00781250 0.95703130 0.28906250 / 0.00000000 0.12156860 0.87843140 0.00000000 / 16 19 17 16 / 169 0 252 255 / -0.91218790 0.11167760 -0.39426060 1.00000000 / 0.43069460 0.36863710 / 0.0 0.0
				0.02832031 0.11621090 0.68847660 / 0.01562500 0.98437500 0.18359380 / 0.00000000 0.01568628 0.98431370 0.00000000 / 16 19 17 16 / 169 0 252 255 / -0.99209980 0.03827449 -0.11947010 1.00000000 / 0.41818240 0.36387630 / 0.0 0.0
				0.04003906 0.11474610 0.68750000 / 0.34765630 0.93359370 0.10156250 / 0.00000000 0.05098039 0.94901960 0.00000000 / 16 19 17 16 / 166 0 246 255 / -0.93584840 0.35140630 -0.02648444 1.00000000 / 0.38903810 0.36785890 / 0.0 0.0
				0.03417969 0.11572270 0.68847660 / 0.18359380 0.71093750 0.67968750 / 0.00000000 0.01568628 0.98431370 0.00000000 / 16 19 17 16 / 174 0 255 255 / -0.95220300 0.30013610 -0.05681421 1.00000000 / 0.40586850 0.36529540 / 0.0 0.0
				0.03955078 0.11425780 0.68847660 / 0.14453130 0.69140620 0.71093750 / 0.00000000 0.03137255 0.96862750 0.00000000 / 16 19 17 16 / 173 0 255 255 / -0.96892070 0.24405980 -0.04034033 1.00000000 / 0.38987730 0.36569210 / 0.0 0.0
				0.04492187 0.11230470 0.68896480 / 0.46093750 0.88671870 0.02734375 / 0.00000000 0.04705882 0.95294120 0.00000000 / 27 19 17 24 / 162 0 242 255 / -0.87611330 0.45010140 0.17272650 1.00000000 / 0.37512210 0.36520390 / 0.0 0.0
				0.04394531 0.11230470 0.68994140 / 0.09765625 0.79687500 0.59765620 / 0.00000000 0.01568628 0.98431370 0.00000000 / 27 19 17 24 / 170 0 252 255 / -0.99355400 0.04328567 0.10477080 1.00000000 / 0.37745670 0.36329650 / 0.0 0.0
				0.04785156 0.11035160 0.68945310 / 0.58203120 0.78906250 -0.19531250 / 0.00392157 0.07450981 0.92156870 0.00000000 / 27 19 17 24 / 152 0 227 255 / -0.74306170 0.61399050 0.26622320 1.00000000 / 0.36595160 0.36192320 / 0.0 0.0
				0.04589844 0.11181640 0.69140620 / 0.22656250 0.95312500 0.20312500 / 0.00000000 0.03137255 0.96862750 0.00000000 / 19 27 17 24 / 160 0 237 255 / -0.85689720 0.09573976 0.50651870 1.00000000 / 0.37150570 0.35946660 / 0.0 0.0
				0.04980469 0.10888670 0.68945310 / 0.57812500 0.73437500 -0.35156250 / 0.00000000 0.09411765 0.90588230 0.00000000 / 27 19 17 24 / 147 0 218 255 / -0.71808280 0.66436620 0.20730350 1.00000000 / 0.36314390 0.36001590 / 0.0 0.0
				0.04736328 0.11083980 0.69091800 / 0.45703120 0.88281250 -0.10156250 / 0.02352941 0.03137255 0.94509810 0.00000000 / 27 19 17 24 / 155 0 231 255 / -0.81764690 0.46269950 0.34258250 1.00000000 / 0.36758420 0.35900880 / 0.0 0.0
				0.04882813 0.11035160 0.69091800 / 0.46875000 0.82031250 -0.32421880 / 0.01960784 0.06666667 0.91372550 0.00000000 / 27 19 17 24 / 147 0 218 255 / -0.76963680 0.56063420 0.30552990 1.00000000 / 0.36515810 0.35798650 / 0.0 0.0
				0.05029297 0.10937500 0.69042970 / 0.46875000 0.74218750 -0.48046870 / 0.00392157 0.08235295 0.91372550 0.00000000 / 27 19 17 24 / 140 0 207 255 / -0.77832560 0.60359570 0.17286200 1.00000000 / 0.36260990 0.35729980 / 0.0 0.0
				0.04589844 0.11181640 0.69238280 / 0.05859375 0.82421870 -0.56640620 / 0.00000000 0.13725490 0.86274510 0.00000000 / 24 27 17 16 / 141 1 209 255 / -0.81810830 0.36458560 0.44472010 1.00000000 / 0.37237550 0.35810850 / 0.0 0.0
				0.04785156 0.11132810 0.69189460 / 0.21875000 0.83593750 -0.50390620 / 0.01176471 0.07843137 0.90588230 0.00392157 / 19 27 17 24 / 145 0 216 255 / -0.80288630 0.44743600 0.39392220 1.00000000 / 0.36717230 0.35594180 / 0.0 0.0
				0.04882813 0.11035160 0.69140620 / 0.37109380 0.81640630 -0.44140630 / 0.01960784 0.06666667 0.91372550 0.00000000 / 27 19 17 24 / 143 0 212 255 / -0.79104440 0.52734430 0.31009150 1.00000000 / 0.36604310 0.35644530 / 0.0 0.0
				0.04833984 0.11132810 0.69238280 / 0.41015630 0.80468750 -0.42968750 / 0.01568628 0.06274510 0.91372550 0.00784314 / 19 27 17 24 / 143 0 212 255 / -0.74936080 0.56571950 0.34412180 1.00000000 / 0.36712650 0.35456850 / 0.0 0.0
				0.05224610 0.10693360 0.68945310 / 0.57421870 0.59765620 -0.55859380 / 0.00000000 0.09019608 0.90980400 0.00000000 / 24 19 17 16 / 140 0 209 255 / -0.65313430 0.74647250 0.12725760 1.00000000 / 0.35801700 0.35925290 / 0.0 0.0
				0.04882813 0.11132810 0.69238280 / 0.22656250 0.80468750 -0.55078120 / 0.02352941 0.03921569 0.92549020 0.01176471 / 19 27 17 24 / 138 0 204 255 / -0.81245700 0.46712430 0.34886750 1.00000000 / 0.36708070 0.35319520 / 0.0 0.0
				0.05078125 0.10937500 0.69091800 / 0.25000000 0.72265620 -0.64453120 / 0.00392157 0.07843137 0.91764700 0.00000000 / 24 19 17 27 / 134 0 198 255 / -0.82192400 0.51019340 0.25326600 1.00000000 / 0.36267090 0.35638430 / 0.0 0.0
				0.05322266 0.10546870 0.68896480 / 0.69531250 0.53125000 -0.48046870 / 0.00000000 0.09411765 0.90588230 0.00000000 / 24 19 17 16 / 144 7 215 255 / -0.57178130 0.81689490 0.07582060 1.00000000 / 0.35556030 0.35993960 / 0.0 0.0
				0.04931641 0.11083980 0.69287110 / -0.01171875 0.69140620 -0.72265620 / 0.01568628 0.03137255 0.93725490 0.01568628 / 24 19 17 27 / 131 0 195 255 / -0.78139140 0.44448180 0.43802200 1.00000000 / 0.36708070 0.35150150 / 0.0 0.0
				0.05566406 0.10156250 0.68847660 / 0.72656250 0.58203120 -0.36328130 / 0.00392157 0.09411765 0.90196080 0.00000000 / 24 19 17 16 / 150 42 222 255 / -0.62239010 0.78265290 0.00922204 1.00000000 / 0.34841920 0.36123660 / 0.0 0.0
				0.05224610 0.10839840 0.69042970 / 0.47656250 0.61328130 -0.63281250 / 0.00784314 0.06666667 0.92549020 0.00000000 / 24 19 17 27 / 134 0 200 255 / -0.70411630 0.69545260 0.14340810 1.00000000 / 0.36000060 0.35449220 / 0.0 0.0
				0.05419922 0.10693360 0.69140620 / 0.69531250 0.48828130 -0.52734370 / 0.01568628 0.05490196 0.92941180 0.00000000 / 24 19 17 16 / 139 7 206 255 / -0.60846890 0.79045090 -0.07037745 1.00000000 / 0.35699460 0.35224910 / 0.0 0.0
				0.05664062 0.10351560 0.69189460 / 0.72265620 0.49609370 -0.48046870 / 0.01960784 0.04705882 0.93333340 0.00000000 / 24 19 17 16 / 144 42 215 255 / -0.59761390 0.79830470 -0.07461408 1.00000000 / 0.35035700 0.35063170 / 0.0 0.0
				0.05957031 0.10009770 0.69238280 / 0.76953130 0.50000000 -0.39062500 / 0.01568628 0.04705882 0.93725490 0.00000000 / 24 19 17 16 / 150 110 224 255 / -0.57541390 0.81260360 -0.09259741 1.00000000 / 0.34368900 0.35017390 / 0.0 0.0
				0.06298828 0.09570313 0.69287110 / 0.81250000 0.50390620 -0.29687500 / 0.00784314 0.03921569 0.95294120 0.00000000 / 24 19 17 16 / 156 176 231 255 / -0.56833060 0.79798000 -0.20057010 1.00000000 / 0.33372500 0.34989930 / 0.0 0.0
				0.05957031 0.10400390 0.69775390 / 0.80468750 0.45703120 -0.38281250 / 0.00000000 0.05098039 0.94901960 0.00000000 / 16 24 17 16 / 151 110 224 255 / -0.56055810 0.79611490 -0.22798160 1.00000000 / 0.35032650 0.33399960 / 0.0 0.0
				0.06445312 0.09228516 0.69384760 / 0.94140630 0.33203120 -0.05468750 / 0.00392157 0.02352941 0.97254900 0.00000000 / 24 19 17 16 / 160 206 239 255 / -0.33591570 0.91687900 -0.21562370 1.00000000 / 0.32809450 0.35075380 / 0.0 0.0
				0.06250000 0.10009770 0.69970700 / 0.93359370 0.34765630 -0.10156250 / 0.00000000 0.02745098 0.97254900 0.00000000 / 16 24 17 16 / 157 176 234 255 / -0.36157720 0.89148830 -0.27296610 1.00000000 / 0.34339910 0.33102420 / 0.0 0.0
				0.05664062 0.10693360 0.69531250 / 0.75390630 0.48437500 -0.44531250 / 0.00784314 0.05490196 0.93725490 0.00000000 / 19 24 17 16 / 143 42 213 255 / -0.61344740 0.76114590 -0.21056870 1.00000000 / 0.35537720 0.33752440 / 0.0 0.0
				0.05859375 0.10986330 0.70214850 / 0.84765630 0.51562500 -0.12109380 / 0.00000000 0.11372550 0.88627450 0.00000000 / 16 24 17 16 / 155 110 230 255 / -0.52518420 0.78764630 -0.32217190 1.00000000 / 0.36190800 0.31437680 / 0.0 0.0
				0.05371094 0.10937500 0.69335940 / 0.64062500 0.55468750 -0.53125000 / 0.02745098 0.04705882 0.92549020 0.00000000 / 19 24 17 16 / 136 7 201 255 / -0.66547900 0.74604560 -0.02352896 1.00000000 / 0.36080930 0.34303290 / 0.0 0.0
				0.05566406 0.11181640 0.69873050 / 0.72265620 0.55859380 -0.41015630 / 0.00000000 0.12156860 0.87843140 0.00000000 / 16 24 17 16 / 145 42 216 255 / -0.66171300 0.72978750 -0.17188960 1.00000000 / 0.36578370 0.32136540 / 0.0 0.0
				0.05126953 0.11083980 0.69238280 / 0.37109380 0.68359370 -0.62890620 / 0.02745098 0.05098039 0.91764700 0.00392157 / 24 19 17 27 / 130 0 194 255 / -0.72824580 0.63424870 0.25958940 1.00000000 / 0.36511230 0.34840390 / 0.0 0.0
				0.04980469 0.11376950 0.69482420 / 0.19921870 0.65625000 -0.72656250 / 0.00784314 0.07058824 0.92156870 0.00000000 / 27 24 17 16 / 125 0 186 255 / -0.82405090 0.51389310 0.23844070 1.00000000 / 0.37203980 0.34049990 / 0.0 0.0
				0.05273437 0.11328120 0.69580080 / 0.48437500 0.62109380 -0.61718750 / 0.00000000 0.10196080 0.89803920 0.00000000 / 16 24 17 16 / 134 7 198 255 / -0.75920290 0.64837880 0.05670865 1.00000000 / 0.36807250 0.33238220 / 0.0 0.0
				0.04785156 0.11328120 0.69531250 / -0.31250000 0.48828130 -0.81250000 / 0.03529412 0.04705882 0.91764700 0.00000000 / 27 24 17 16 / 128 0 191 255 / -0.76968490 0.37178760 0.51899820 1.00000000 / 0.37541200 0.34327700 / 0.0 0.0
				0.04638672 0.11669920 0.69677740 / -0.08593750 0.44921870 -0.89062500 / 0.00392157 0.12156860 0.87450980 0.00000000 / 27 24 17 16 / 119 0 177 255 / -0.88701920 0.37227510 0.27314560 1.00000000 / 0.38252260 0.33348080 / 0.0 0.0
				0.04980469 0.11767580 0.69775390 / 0.38281250 0.68750000 -0.61718750 / 0.00000000 0.18039220 0.81960790 0.00000000 / 16 24 17 16 / 131 7 195 255 / -0.83863860 0.53878100 0.08000157 1.00000000 / 0.37742620 0.32101440 / 0.0 0.0
				0.04687500 0.11328120 0.69531250 / 0.35937500 0.85156250 -0.37890620 / 0.03529412 0.07843137 0.88627450 0.00000000 / 24 27 17 16 / 139 0 206 255 / -0.73016530 0.51034310 0.45432220 1.00000000 / 0.37574770 0.34800720 / 0.0 0.0
				0.04443359 0.11572270 0.69824220 / -0.36328130 0.15234370 -0.91796870 / 0.03137255 0.08627451 0.88235290 0.00000000 / 27 24 17 16 / 125 0 185 255 / -0.86424370 0.31280840 0.39399710 1.00000000 / 0.38487240 0.33869930 / 0.0 0.0
				0.04150391 0.11914060 0.69873050 / -0.11328120 0.27343750 -0.95703130 / 0.00000000 0.19215690 0.80784310 0.00000000 / 27 24 17 16 / 114 0 170 255 / -0.94813240 0.25799770 0.18569380 1.00000000 / 0.39712530 0.32962040 / 0.0 0.0
				0.04638672 0.11376950 0.69482420 / 0.46875000 0.82812500 -0.30468750 / 0.02745098 0.13333330 0.83921570 0.00000000 / 24 27 17 16 / 145 0 215 255 / -0.74606340 0.55676210 0.36524710 1.00000000 / 0.37590030 0.35037230 / 0.0 0.0
				0.04394531 0.11572270 0.69726560 / 0.41015630 0.91015630 -0.08593750 / 0.07058824 0.10196080 0.82745100 0.00000000 / 24 27 17 16 / 141 0 209 255 / -0.86856720 0.41654880 0.26847370 1.00000000 / 0.38581850 0.34405520 / 0.0 0.0
				0.03857422 0.11767580 0.70019530 / -0.15234370 -0.02734375 -0.98828130 / 0.00784314 0.10980390 0.88235290 0.00000000 / 27 24 17 16 / 121 0 180 255 / -0.96232450 0.23193460 0.14190880 1.00000000 / 0.39820860 0.33515930 / 0.0 0.0
				0.04638672 0.11328120 0.69433600 / 0.20703130 0.77343750 -0.59765620 / 0.01960784 0.19607840 0.78431370 0.00000000 / 24 27 17 16 / 140 0 209 255 / -0.70868620 0.54027770 0.45372210 1.00000000 / 0.37606810 0.35273740 / 0.0 0.0
				0.04394531 0.11572270 0.69677740 / 0.39843750 0.91015630 -0.09765625 / 0.06274510 0.19215690 0.74509810 0.00000000 / 24 27 17 16 / 148 0 219 255 / -0.86589850 0.40982230 0.28681980 1.00000000 / 0.38566590 0.34696960 / 0.0 0.0
				0.04345703 0.11572270 0.69628900 / 0.28906250 0.87109370 -0.39843750 / 0.04705882 0.31372550 0.63921570 0.00000000 / 24 27 17 16 / 140 0 207 255 / -0.88447510 0.40189340 0.23703530 1.00000000 / 0.38551330 0.34989930 / 0.0 0.0
				0.03857422 0.11767580 0.69921880 / 0.30078130 0.95312500 0.01171875 / 0.09019608 0.10980390 0.80000000 0.00000000 / 24 27 17 16 / 141 0 210 255 / -0.94549900 0.29672920 0.13410180 1.00000000 / 0.39910890 0.34091190 / 0.0 0.0
				0.03857422 0.11767580 0.69873050 / 0.28125000 0.95703130 -0.08593750 / 0.08235295 0.21568630 0.70196080 0.00000000 / 24 27 17 16 / 149 0 222 255 / -0.95775120 0.28495090 0.03893097 1.00000000 / 0.39959720 0.34355170 / 0.0 0.0
				0.04541016 0.11328120 0.69384760 / 0.18750000 0.72656250 -0.66015630 / 0.01176471 0.26666670 0.72156870 0.00000000 / 24 27 17 16 / 129 0 192 255 / -0.89147220 0.40829720 0.19639420 1.00000000 / 0.37699890 0.35568240 / 0.0 0.0
				0.03320312 0.11914060 0.70019530 / 0.19921870 0.03515625 -0.98046870 / 0.01176471 0.13333330 0.85490200 0.00000000 / 27 24 17 16 / 120 0 177 255 / -0.97178660 0.13592800 -0.19275460 1.00000000 / 0.41178900 0.33445740 / 0.0 0.0
				0.04443359 0.11328120 0.69384760 / -0.21484370 0.48828130 -0.84765630 / 0.00392157 0.27058820 0.72549020 0.00000000 / 24 27 17 16 / 122 0 180 255 / -0.97476780 -0.05318999 0.21679190 1.00000000 / 0.37852480 0.35604860 / 0.0 0.0
				0.03320312 0.11914060 0.69970700 / 0.01171875 1.00000000 0.00000000 / 0.09803922 0.10196080 0.80000000 0.00000000 / 24 27 17 16 / 139 0 206 255 / -0.99397840 0.01164595 -0.10895570 1.00000000 / 0.41220090 0.33946230 / 0.0 0.0
				0.04589844 0.11132810 0.69238280 / -0.92187500 0.16796870 -0.34765630 / 0.00000000 0.09803922 0.90196080 0.00000000 / 24 27 17 16 / 145 0 215 255 / -0.21894450 -0.96916090 0.11309520 1.00000000 / 0.37478640 0.35835270 / 0.0 0.0
				0.04248047 0.11474610 0.69531250 / -0.13671870 0.43359380 -0.89062500 / 0.00784314 0.47450980 0.51764710 0.00000000 / 24 17 27 16 / 108 0 161 255 / -0.98955750 -0.10120170 0.10263570 1.00000000 / 0.38662720 0.35348510 / 0.0 0.0
				0.04248047 0.11425780 0.69482420 / -0.41406250 -0.05078125 -0.91015630 / 0.00392157 0.47450980 0.52156870 0.00000000 / 24 17 27 16 / 101 0 150 255 / -0.62556820 -0.70962050 0.32419630 1.00000000 / 0.38749690 0.35398870 / 0.0 0.0
				0.04296875 0.11523440 0.69531250 / 0.08984375 0.73437500 -0.67187500 / 0.02352941 0.46666670 0.50980400 0.00000000 / 24 17 27 16 / 123 0 183 255 / -0.97939990 0.18769240 0.07447985 1.00000000 / 0.38592530 0.35304260 / 0.0 0.0
				0.03759766 0.11621090 0.69677740 / -0.07421875 0.40234370 -0.91406250 / 0.03137255 0.30588230 0.66274510 0.00000000 / 24 17 27 16 / 100 0 149 255 / -0.99616270 -0.07279131 0.04859370 1.00000000 / 0.40129090 0.35095220 / 0.0 0.0
				0.03759766 0.11621090 0.69677740 / -0.18750000 0.01171875 -0.98046870 / 0.02352941 0.30980390 0.66666670 0.00000000 / 24 17 27 16 / 90 0 134 255 / -0.92834580 -0.32873970 0.17350490 1.00000000 / 0.40147400 0.35157770 / 0.0 0.0
				0.03808594 0.11718750 0.69677740 / 0.08203125 0.65234380 -0.75390630 / 0.05098039 0.30196080 0.64705880 0.00000000 / 24 17 27 16 / 119 0 177 255 / -0.99454980 0.10238580 -0.01968937 1.00000000 / 0.40090940 0.34991460 / 0.0 0.0
				0.03857422 0.11767580 0.69775390 / 0.20312500 0.88281250 -0.42187500 / 0.07058824 0.37254900 0.55686280 0.00000000 / 24 27 17 16 / 139 0 206 255 / -0.97775510 0.20592630 -0.03986755 1.00000000 / 0.40008540 0.34619140 / 0.0 0.0
				0.03271484 0.11718750 0.69677740 / 0.07031250 0.26953130 -0.96093750 / 0.01960784 0.32941180 0.65098040 0.00000000 / 24 17 27 16 / 96 0 143 255 / -0.97657120 -0.17773520 -0.12132120 1.00000000 / 0.41020200 0.34977720 / 0.0 0.0
				0.03271484 0.11914060 0.69873050 / 0.00781250 0.99218750 -0.12890630 / 0.07843137 0.20784310 0.71372550 0.00000000 / 24 27 17 16 / 145 0 216 255 / -0.98700650 -0.01303658 -0.16015100 1.00000000 / 0.41203310 0.34176640 / 0.0 0.0
				0.03271484 0.11865230 0.69775390 / 0.03906250 0.84375000 -0.53515630 / 0.05490196 0.36470590 0.58039220 0.00000000 / 24 27 17 16 / 134 0 198 255 / -0.98932920 -0.04257562 -0.13933810 1.00000000 / 0.41185000 0.34407040 / 0.0 0.0
				0.03271484 0.11816410 0.69726560 / 0.04296875 0.57812500 -0.81250000 / 0.03921569 0.32549020 0.63529410 0.00000000 / 24 17 27 16 / 114 0 170 255 / -0.97921520 -0.13719420 -0.14938360 1.00000000 / 0.41070560 0.34829710 / 0.0 0.0
				0.02636719 0.11767580 0.69726560 / -0.12890630 0.93359370 -0.33203120 / 0.06666667 0.16078430 0.77254900 0.00000000 / 24 27 17 16 / 133 0 198 255 / -0.92532890 -0.23384600 -0.29846700 1.00000000 / 0.42518620 0.34243770 / 0.0 0.0
				0.02636719 0.11718750 0.69628900 / 0.01171875 0.71875000 -0.69531250 / 0.04313726 0.26666670 0.69019610 0.00000000 / 24 27 17 16 / 122 0 182 255 / -0.93056200 -0.24662220 -0.27061420 1.00000000 / 0.42437740 0.34396360 / 0.0 0.0
				0.02636719 0.11767580 0.69775390 / -0.03906250 0.95312500 -0.29687500 / 0.07843137 0.08235295 0.83921570 0.00000000 / 27 24 17 16 / 130 0 194 255 / -0.95062380 -0.12710800 -0.28312160 1.00000000 / 0.42597960 0.34089660 / 0.0 0.0
				0.02685547 0.11669920 0.69580080 / 0.13281250 0.44921870 -0.88281250 / 0.01176471 0.43137260 0.55686280 0.00000000 / 24 27 17 16 / 107 0 159 255 / -0.89502130 -0.32843360 -0.30177480 1.00000000 / 0.42205810 0.34727480 / 0.0 0.0
				0.02197266 0.11572270 0.69433600 / 0.13671870 0.60937500 -0.78125000 / 0.05490196 0.09019608 0.85490200 0.00000000 / 27 24 17 16 / 118 0 176 255 / -0.96605540 -0.09254446 -0.24119010 1.00000000 / 0.43304440 0.34501650 / 0.0 0.0
				0.02197266 0.11621090 0.69433600 / 0.17187500 0.67578120 -0.71484380 / 0.02352941 0.10196080 0.87450980 0.00000000 / 27 24 17 19 / 121 0 180 255 / -0.97759790 0.02878867 -0.20850320 1.00000000 / 0.43392940 0.34445190 / 0.0 0.0
				0.02587891 0.11816410 0.69873050 / 0.44921870 0.16015630 -0.87890620 / 0.01176471 0.11764710 0.87058820 0.00000000 / 27 24 17 16 / 119 0 176 255 / -0.89297750 0.11128420 -0.43612740 1.00000000 / 0.42674260 0.33744810 / 0.0 0.0
				0.02148437 0.11718750 0.69482420 / 0.56640620 0.25000000 -0.78515620 / 0.00392157 0.11764710 0.87843140 0.00000000 / 27 24 17 19 / 119 0 176 255 / -0.78171210 0.46466680 -0.41594570 1.00000000 / 0.43583680 0.34349060 / 0.0 0.0
				0.02050781 0.11425780 0.69335940 / 0.45703120 0.27343750 -0.84765630 / 0.00392157 0.03921569 0.95686280 0.00000000 / 27 24 17 19 / 123 0 182 255 / -0.86215240 0.37021160 -0.34588540 1.00000000 / 0.43432620 0.34741210 / 0.0 0.0
				0.02246094 0.11523440 0.69433600 / 0.19140620 0.45312500 -0.87109370 / 0.06666667 0.10588240 0.82745100 0.00000000 / 24 27 17 16 / 110 0 164 255 / -0.94243990 -0.16311820 -0.29188990 1.00000000 / 0.43217470 0.34558100 / 0.0 0.0
				0.02099609 0.11425780 0.69335940 / 0.27343750 0.32031250 -0.90625000 / 0.01568628 0.03529412 0.94901960 0.00000000 / 27 24 17 16 / 118 0 174 255 / -0.96047740 0.04005486 -0.27546110 1.00000000 / 0.43376160 0.34767150 / 0.0 0.0
				0.01953125 0.11621090 0.69287110 / 0.67968750 0.07421875 -0.73046870 / 0.00000000 0.05490196 0.94509810 0.00000000 / 27 24 17 19 / 127 0 188 255 / -0.55658690 0.70044480 -0.44675290 1.00000000 / 0.43769840 0.34719850 / 0.0 0.0
				0.02294922 0.11474610 0.69384760 / 0.25000000 0.32812500 -0.91015630 / 0.03137255 0.16078430 0.80784310 0.00000000 / 24 27 17 16 / 101 0 150 255 / -0.81850890 -0.43094380 -0.37990870 1.00000000 / 0.43054200 0.34791560 / 0.0 0.0
				0.02050781 0.12011720 0.69433600 / 0.51953120 0.25000000 -0.81640630 / 0.00392157 0.14509800 0.85098040 0.00000000 / 19 24 17 27 / 120 0 177 255 / -0.81653720 0.42637590 -0.38919240 1.00000000 / 0.44061280 0.33961490 / 0.0 0.0
				0.02734375 0.11572270 0.69580080 / 0.24609380 0.16406250 -0.95703130 / 0.00000000 0.43921570 0.56078430 0.00000000 / 24 27 17 16 / 95 0 141 255 / -0.91475920 -0.28692420 -0.28441180 1.00000000 / 0.41897580 0.34935000 / 0.0 0.0
				0.02587891 0.12109380 0.69775390 / 0.37500000 0.08593750 -0.92187500 / 0.00000000 0.18431370 0.81568630 0.00000000 / 27 24 17 16 / 114 0 170 255 / -0.90458190 0.25095890 -0.34460300 1.00000000 / 0.42968750 0.33204650 / 0.0 0.0
				0.03271484 0.11669920 0.69677740 / 0.05078125 -0.06640625 -0.99609380 / 0.01176471 0.33333330 0.65490200 0.00000000 / 24 17 27 16 / 87 0 129 255 / -0.96615230 -0.25595000 -0.03223600 1.00000000 / 0.40992740 0.35047910 / 0.0 0.0
				0.03320312 0.12109380 0.69970700 / 0.11718750 0.22656250 -0.96875000 / 0.00000000 0.21176470 0.78823530 0.00000000 / 27 24 17 16 / 112 0 165 255 / -0.96848410 0.24154340 -0.06078767 1.00000000 / 0.41271970 0.32881160 / 0.0 0.0
				0.02490234 0.12744140 0.69970700 / 0.29687500 0.53125000 -0.79296870 / 0.00000000 0.22352940 0.77647060 0.00000000 / 16 24 17 16 / 125 7 186 255 / -0.93372050 0.33557110 -0.12473230 1.00000000 / 0.43765260 0.31864930 / 0.0 0.0
				0.04345703 0.12207030 0.70068360 / 0.26171870 0.75390630 -0.60156250 / 0.00000000 0.23529410 0.76470590 0.00000000 / 16 24 17 16 / 128 7 189 255 / -0.90307800 0.41151590 0.12290150 1.00000000 / 0.39471440 0.31510920 / 0.0 0.0
				0.03369141 0.12548830 0.70166010 / 0.28906250 0.75781250 -0.58593750 / 0.00000000 0.25882350 0.74117650 0.00000000 / 16 24 17 16 / 125 7 186 255 / -0.93062700 0.36570720 0.01384920 1.00000000 / 0.41659550 0.31524660 / 0.0 0.0
				0.05224610 0.11718750 0.70117190 / 0.63281250 0.73828120 -0.22656250 / 0.00000000 0.21176470 0.78823530 0.00000000 / 16 24 17 16 / 147 42 219 255 / -0.76989360 0.63126500 -0.09363974 1.00000000 / 0.37574770 0.31022640 / 0.0 0.0
				0.04589844 0.12207030 0.70507810 / 0.48046870 0.86718750 -0.14843750 / 0.00000000 0.24705880 0.75294120 0.00000000 / 16 24 17 16 / 148 42 219 255 / -0.86149750 0.49593240 0.10896360 1.00000000 / 0.39372250 0.30523680 / 0.0 0.0
				0.05517578 0.11572270 0.70654290 / 0.71484380 0.69140620 0.09375000 / 0.00000000 0.18431370 0.81568630 0.00000000 / 16 24 17 16 / 159 110 237 255 / -0.68184010 0.72132970 -0.12156300 1.00000000 / 0.37432860 0.30241390 / 0.0 0.0
				0.03515625 0.12792970 0.70654290 / 0.36328130 0.89453130 -0.25781250 / 0.00000000 0.27058820 0.72941180 0.00000000 / 16 24 17 16 / 146 42 216 255 / -0.91894170 0.39003740 0.05845452 1.00000000 / 0.41842650 0.30532840 / 0.0 0.0
				0.02392578 0.13085940 0.70458990 / 0.25781250 0.89453130 -0.36328130 / 0.00000000 0.23921570 0.76078430 0.00000000 / 16 24 17 16 / 144 42 213 255 / -0.95389060 0.29574240 0.05127574 1.00000000 / 0.44059750 0.30854800 / 0.0 0.0
				0.03613281 0.12792970 0.71240240 / 0.42187500 0.90234380 0.08203125 / 0.00000000 0.27058820 0.72941180 0.00000000 / 16 24 17 16 / 161 110 239 255 / -0.90654750 0.42026750 0.03932945 1.00000000 / 0.41874690 0.29673770 / 0.0 0.0
				0.04736328 0.12109380 0.71044920 / 0.56640620 0.80468750 0.17968750 / 0.00000000 0.24705880 0.75294120 0.00000000 / 16 24 17 16 / 161 110 240 255 / -0.82395450 0.55821300 0.09745390 1.00000000 / 0.39360050 0.29644770 / 0.0 0.0
				0.01855469 0.12646480 0.69677740 / 0.26171870 0.68750000 -0.67578120 / 0.08235295 0.16470590 0.75294120 0.00000000 / 18 24 17 16 / 129 8 191 255 / -0.92904110 0.36962210 0.01619130 1.00000000 / 0.45130920 0.32756040 / 0.0 0.0
				0.04833984 0.11767580 0.71875000 / 0.60546880 0.72656250 0.32031250 / 0.00000000 0.21568630 0.78431370 0.00000000 / 16 24 17 16 / 168 176 251 255 / -0.77468690 0.63154980 0.03170438 1.00000000 / 0.39129640 0.28074650 / 0.0 0.0
				0.01806641 0.11962890 0.69189460 / 0.52343750 0.37890620 -0.76171880 / 0.00784314 0.07058824 0.92156870 0.00000000 / 19 24 17 16 / 130 0 194 255 / -0.78006960 0.57303820 -0.25123430 1.00000000 / 0.44476320 0.34390260 / 0.0 0.0
				0.03710938 0.12451170 0.72021480 / 0.44921870 0.82812500 0.33984380 / 0.00000000 0.24313730 0.75686280 0.00000000 / 16 24 17 16 / 168 176 251 255 / -0.88684050 0.45891990 0.05391080 1.00000000 / 0.41712950 0.27967830 / 0.0 0.0
				0.05615234 0.11181640 0.71484380 / 0.78125000 0.56640620 0.26562500 / 0.00000000 0.14901960 0.85098040 0.00000000 / 16 24 17 16 / 166 176 246 255 / -0.53156610 0.82439090 -0.19446630 1.00000000 / 0.36965940 0.28919980 / 0.0 0.0
				0.03759766 0.12109380 0.72753910 / 0.44921870 0.78125000 0.43750000 / 0.00000000 0.19215690 0.80784310 0.00000000 / 16 24 17 16 / 172 208 255 255 / -0.87849890 0.47463310 0.05443584 1.00000000 / 0.41532900 0.26498410 / 0.0 0.0
				0.06054688 0.10644530 0.70751950 / 0.91015630 0.39062500 0.14453130 / 0.00000000 0.07843137 0.92156870 0.00000000 / 16 24 17 16 / 161 176 240 255 / -0.32957550 0.88730000 -0.32261180 1.00000000 / 0.35586550 0.30714420 / 0.0 0.0
				0.04785156 0.11328120 0.72656250 / 0.63281250 0.64062500 0.43359380 / 0.00000000 0.18431370 0.81568630 0.00000000 / 16 24 17 16 / 171 208 255 255 / -0.71325250 0.70088640 0.00540206 1.00000000 / 0.38772580 0.26467900 / 0.0 0.0
				0.05566406 0.10644530 0.72314450 / 0.81640630 0.44531250 0.36718750 / 0.00000000 0.13333330 0.86666670 0.00000000 / 16 24 17 16 / 169 208 252 255 / -0.42498160 0.89435370 -0.13972200 1.00000000 / 0.36270140 0.27368160 / 0.0 0.0
				0.06152343 0.10058590 0.71191410 / 0.92968750 0.29687500 0.21093750 / 0.00000000 0.07843137 0.92156870 0.00000000 / 16 24 17 16 / 166 208 246 255 / -0.24336340 0.93788070 -0.24729350 1.00000000 / 0.34793090 0.30154420 / 0.0 0.0
				0.06396484 0.09472656 0.70117190 / 0.96875000 0.24218750 0.06640625 / 0.00000000 0.02745098 0.97254900 0.00000000 / 19 24 17 16 / 162 208 242 255 / -0.21980870 0.94532920 -0.24090830 1.00000000 / 0.33465580 0.33090210 / 0.0 0.0
				0.05517578 0.10156250 0.72900390 / 0.82421870 0.44140630 0.35156250 / 0.00000000 0.15686280 0.84313730 0.00000000 / 16 24 17 16 / 170 214 254 255 / -0.44418970 0.89244210 -0.07900890 1.00000000 / 0.36048890 0.26083370 / 0.0 0.0
				0.06201172 0.09472656 0.71728520 / 0.92968750 0.30078130 0.21875000 / 0.00000000 0.10588240 0.89411760 0.00000000 / 16 24 17 16 / 167 214 249 255 / -0.26378660 0.94733880 -0.18156510 1.00000000 / 0.34101870 0.29315190 / 0.0 0.0
				0.06542969 0.08886719 0.70263670 / 0.96484370 0.23828120 0.10156250 / 0.00000000 0.03137255 0.96862750 0.00000000 / 16 24 17 16 / 165 214 245 255 / -0.21913720 0.96048780 -0.17158690 1.00000000 / 0.32559210 0.33049010 / 0.0 0.0
				0.06689453 0.08691406 0.69433600 / 0.93750000 0.33984380 0.03515625 / 0.00392157 0.02352941 0.97254900 0.00000000 / 24 19 17 16 / 163 213 242 255 / -0.32667260 0.92278520 -0.20433400 1.00000000 / 0.31935120 0.35057070 / 0.0 0.0
				0.06250000 0.08886719 0.72216800 / 0.93750000 0.28906250 0.19531250 / 0.00000000 0.07450981 0.92549020 0.00000000 / 16 24 17 16 / 167 214 249 255 / -0.27270890 0.95621400 -0.10622920 1.00000000 / 0.33624270 0.28289800 / 0.0 0.0
				0.06787109 0.08251953 0.69531250 / 0.96093750 0.25390630 0.11718750 / 0.00000000 0.01960784 0.98039220 0.00000000 / 24 19 17 16 / 164 214 243 255 / -0.22353480 0.94888820 -0.22280770 1.00000000 / 0.31176760 0.35241700 / 0.0 0.0
				0.06591797 0.08349610 0.70507810 / 0.96093750 0.25000000 0.12109380 / 0.00000000 0.02352941 0.97647060 0.00000000 / 16 24 17 16 / 165 214 246 255 / -0.22641130 0.95730030 -0.17976080 1.00000000 / 0.31895450 0.32748410 / 0.0 0.0
				0.06982422 0.07568359 0.69531250 / 0.93359370 0.35156250 0.05468750 / 0.00000000 0.01568628 0.98431370 0.00000000 / 24 19 17 16 / 163 214 243 255 / -0.35011690 0.93590660 -0.03868817 1.00000000 / 0.29907230 0.35444640 / 0.0 0.0
				0.06738281 0.07812500 0.70605470 / 0.89843750 0.43750000 0.05468750 / 0.00000000 0.00000000 1.00000000 0.00000000 / 16 24 17 16 / 164 214 245 255 / -0.43257050 0.89808920 -0.07948935 1.00000000 / 0.30998230 0.32699590 / 0.0 0.0
				0.06445312 0.08203125 0.72656250 / 0.89062500 0.41796880 0.18359380 / 0.00000000 0.01960784 0.98039220 0.00000000 / 16 24 17 16 / 166 214 248 255 / -0.41443710 0.90826840 -0.05736222 1.00000000 / 0.32801820 0.27098080 / 0.0 0.0
				0.05517578 0.09667969 0.73583980 / 0.84765630 0.42187500 0.32421880 / 0.00000000 0.12156860 0.87843140 0.00000000 / 16 24 17 16 / 170 213 254 255 / -0.42701540 0.90239720 -0.05776888 1.00000000 / 0.36013800 0.24366760 / 0.0 0.0
				0.07373047 0.06689453 0.70410150 / 0.85546880 0.51171880 -0.07812500 / 0.00000000 0.00000000 1.00000000 0.00000000 / 16 16 17 16 / 161 213 239 255 / -0.50829120 0.85903560 0.06080995 1.00000000 / 0.28599550 0.33132930 / 0.0 0.0
				0.04736328 0.10498050 0.74023440 / 0.67968750 0.61328130 0.39843750 / 0.00000000 0.14117650 0.85882350 0.00000000 / 16 24 17 16 / 172 213 255 255 / -0.68617000 0.72544340 0.05387663 1.00000000 / 0.38620000 0.23371890 / 0.0 0.0
				0.07275391 0.06738281 0.69238280 / 0.93750000 0.34375000 -0.06250000 / 0.00000000 0.00000000 1.00000000 0.00000000 / 16 16 17 16 / 161 210 239 255 / -0.34370140 0.93903150 0.00944075 1.00000000 / 0.28507990 0.36125180 / 0.0 0.0
				0.07080078 0.07275391 0.72119140 / 0.78906250 0.61328130 0.03125000 / 0.00000000 0.00000000 1.00000000 0.00000000 / 16 16 17 16 / 164 214 243 255 / -0.61414560 0.78775490 0.04761646 1.00000000 / 0.30833440 0.28793340 / 0.0 0.0
				0.07275391 0.06689453 0.68212890 / 0.97656250 0.21484370 0.02343750 / 0.00000000 0.00000000 1.00000000 0.00000000 / 16 19 17 16 / 162 209 240 255 / -0.21245660 0.97412280 -0.07711609 1.00000000 / 0.28417970 0.38584900 / 0.0 0.0
				0.07861328 0.05566406 0.69726560 / 0.94921880 0.23437500 -0.21093750 / 0.00000000 0.00000000 1.00000000 0.00000000 / 16 16 17 16 / 158 204 234 255 / -0.25847690 0.96133220 -0.09502673 1.00000000 / 0.26119990 0.34684750 / 0.0 0.0
				0.07373047 0.06640625 0.66943360 / 0.98437500 0.17968750 0.03515625 / 0.00000000 0.01176471 0.98823530 0.00000000 / 16 19 17 16 / 161 210 240 255 / -0.17203760 0.97274790 -0.15544950 1.00000000 / 0.28854370 0.41586300 / 0.0 0.0
				0.07519531 0.05761719 0.68701170 / 0.96484370 0.20703130 -0.16015630 / 0.00000000 0.00000000 1.00000000 0.00000000 / 16 16 17 16 / 158 188 236 255 / -0.22017170 0.97304610 -0.06859826 1.00000000 / 0.26647950 0.37472530 / 0.0 0.0
				0.07421875 0.05761719 0.67822270 / 0.99609380 0.10546870 0.00390625 / 0.00000000 0.00000000 1.00000000 0.00000000 / 16 16 17 16 / 160 179 239 255 / -0.10373520 0.98506370 -0.13743530 1.00000000 / 0.26936340 0.39636230 / 0.0 0.0
				0.07470703 0.06250000 0.65283200 / 0.98828130 0.14453130 -0.04687500 / 0.07450981 0.18039220 0.74509810 0.00000000 / 19 29 17 16 / 159 212 237 255 / -0.14872710 0.98346320 -0.10334660 1.00000000 / 0.29437260 0.45968630 / 0.0 0.0
				0.07519531 0.05664062 0.66650390 / 0.99609380 0.06640625 0.04296875 / 0.00000000 0.00000000 1.00000000 0.00000000 / 16 16 17 16 / 161 183 239 255 / -0.05897083 0.98588120 -0.15671890 1.00000000 / 0.27297970 0.42744450 / 0.0 0.0
				0.07470703 0.04638672 0.67480470 / 0.99609380 0.07031250 -0.01171875 / 0.00000000 0.00000000 1.00000000 0.00000000 / 16 16 17 16 / 159 115 237 255 / -0.07138511 0.98810840 -0.13618290 1.00000000 / 0.25010680 0.41157530 / 0.0 0.0
				0.07373047 0.05615234 0.63769530 / 0.97656250 0.10546870 -0.19531250 / 0.04705882 0.34509800 0.60784320 0.00000000 / 19 29 17 16 / 156 213 233 255 / -0.10684060 0.99427150 0.00303313 1.00000000 / 0.28509520 0.50279240 / 0.0 0.0
				0.07568359 0.05419922 0.65234380 / 1.00000000 0.00000000 -0.05468750 / 0.00000000 0.12941180 0.87058820 0.00000000 / 19 29 17 16 / 159 198 236 255 / -0.00237095 0.99905360 -0.04343093 1.00000000 / 0.27218630 0.46324160 / 0.0 0.0
				0.06835937 0.05371094 0.61718750 / 0.94921880 0.13281250 -0.28515620 / 0.00000000 0.16470590 0.83529410 0.00000000 / 16 19 29 16 / 152 214 225 255 / -0.18463660 0.96915790 -0.16322420 1.00000000 / 0.29156500 0.54753110 / 0.0 0.0
				0.07421875 0.05078125 0.64111330 / 0.98828130 -0.01171875 -0.14062500 / 0.00392157 0.24705880 0.74901960 0.00000000 / 19 29 17 16 / 157 209 234 255 / 0.02753077 0.99349390 0.11050760 1.00000000 / 0.27287290 0.48941040 / 0.0 0.0
				0.07080078 0.04638672 0.62646480 / 0.97656250 0.01562500 -0.21484370 / 0.00000000 0.40784320 0.59215690 0.00000000 / 16 17 29 16 / 154 213 228 255 / 0.00969644 0.99316590 0.11630740 1.00000000 / 0.27224730 0.52578740 / 0.0 0.0
				0.07275391 0.04296875 0.63574220 / 0.98828130 -0.03906250 -0.15625000 / 0.00000000 0.31372550 0.68627450 0.00000000 / 16 29 17 16 / 155 202 231 255 / 0.05540845 0.99324360 0.10196600 1.00000000 / 0.25979610 0.50132750 / 0.0 0.0
				0.07568359 0.04492187 0.66113280 / 1.00000000 0.03125000 -0.03125000 / 0.00000000 0.00000000 1.00000000 0.00000000 / 16 16 17 16 / 159 109 236 255 / -0.03395180 0.99524170 -0.09133106 1.00000000 / 0.25289920 0.44464110 / 0.0 0.0
				0.07470703 0.04345703 0.64697260 / 0.99218750 -0.01953125 -0.12109380 / 0.00000000 0.06666667 0.93333340 0.00000000 / 16 29 17 16 / 157 165 233 255 / 0.01087335 0.99735830 -0.07182097 1.00000000 / 0.25311280 0.47470090 / 0.0 0.0
				0.07177734 0.03320312 0.62988280 / 0.98828130 0.00781250 -0.16406250 / 0.00000000 0.48235290 0.51764710 0.00000000 / 16 29 17 16 / 153 194 227 255 / -0.02559081 0.99393680 -0.10693290 1.00000000 / 0.24343870 0.51165770 / 0.0 0.0
				0.06982422 0.03759766 0.61816410 / 0.97656250 0.06640625 -0.20312500 / 0.08627451 0.08627451 0.82745100 0.00000000 / 17 15 29 16 / 153 202 228 255 / -0.06540285 0.99778930 0.01178668 1.00000000 / 0.25933840 0.54745480 / 0.0 0.0
				0.06640625 0.04492187 0.60644530 / 0.94531250 0.16406250 -0.28125000 / 0.00000000 0.00000000 1.00000000 0.00000000 / 16 16 29 16 / 150 197 224 255 / -0.19369750 0.97773640 -0.08070156 1.00000000 / 0.28341670 0.57670590 / 0.0 0.0
				0.06933594 0.03076172 0.61328130 / 0.98046870 0.03125000 -0.19531250 / 0.01960784 0.01960784 0.96078430 0.00000000 / 17 15 29 16 / 152 181 227 255 / -0.05672842 0.99036700 -0.12631430 1.00000000 / 0.25309750 0.55972290 / 0.0 0.0
				0.06591797 0.03710938 0.60009760 / 0.94531250 0.10937500 -0.30468750 / 0.00000000 0.00000000 1.00000000 0.00000000 / 16 16 29 16 / 149 167 222 255 / -0.13553790 0.98859930 -0.06558087 1.00000000 / 0.28244020 0.59358210 / 0.0 0.0
				0.06103515 0.05566406 0.59570310 / 0.90234380 0.22656250 -0.36328130 / 0.00000000 0.00000000 1.00000000 0.00000000 / 16 16 29 16 / 146 192 218 255 / -0.23612160 0.97153420 0.01917807 1.00000000 / 0.31596370 0.60772710 / 0.0 0.0
				0.05957031 0.04736328 0.58886720 / 0.89843750 0.17187500 -0.40625000 / 0.00000000 0.00000000 1.00000000 0.00000000 / 16 16 29 16 / 144 154 213 255 / -0.19477690 0.98071990 -0.01582417 1.00000000 / 0.31169130 0.62147520 / 0.0 0.0
				0.05322266 0.06787109 0.58642580 / 0.84375000 0.29296880 -0.44921870 / 0.00000000 0.00000000 1.00000000 0.00000000 / 16 16 29 16 / 140 181 209 255 / -0.41559080 0.88678490 -0.20222990 1.00000000 / 0.36407470 0.63232420 / 0.0 0.0
				0.05175781 0.06103515 0.58056640 / 0.80859380 0.23828120 -0.53906250 / 0.00000000 0.00000000 1.00000000 0.00000000 / 16 16 29 16 / 137 141 204 255 / -0.28328020 0.95903670 -0.00097249 1.00000000 / 0.35620120 0.64285280 / 0.0 0.0
				0.05859375 0.04003906 0.58447270 / 0.86328130 0.11328120 -0.48828130 / 0.00000000 0.00000000 1.00000000 0.00000000 / 16 16 29 16 / 142 132 210 255 / -0.20353580 0.96972140 -0.13495810 1.00000000 / 0.31352230 0.63735960 / 0.0 0.0
				0.04882813 0.07861328 0.58642580 / 0.77343750 0.33593750 -0.53906250 / 0.00000000 0.00000000 1.00000000 0.00000000 / 16 16 29 16 / 138 194 206 255 / -0.53221780 0.80508520 -0.26188160 1.00000000 / 0.36970520 0.61953740 / 0.0 0.0
				0.06494140 0.03076172 0.59570310 / 0.94531250 0.04296875 -0.32812500 / 0.00000000 0.00000000 1.00000000 0.00000000 / 16 16 29 16 / 148 148 219 255 / -0.10667230 0.97802620 -0.17912460 1.00000000 / 0.28271480 0.60688780 / 0.0 0.0
				0.06396484 0.02587891 0.59423830 / 0.93359370 -0.05078125 -0.35546870 / 0.00000000 0.03529412 0.96470590 0.00000000 / 16 17 29 16 / 149 144 221 255 / -0.04914517 0.96255820 -0.26658310 1.00000000 / 0.28030400 0.61604310 / 0.0 0.0
				0.06884766 0.02490234 0.60986330 / 0.97656250 -0.07031250 -0.21093750 / 0.01568628 0.01568628 0.96862750 0.00000000 / 17 15 29 16 / 152 167 225 255 / 0.00334133 0.95323660 -0.30220640 1.00000000 / 0.25045780 0.57307430 / 0.0 0.0
				0.07128906 0.02734375 0.62646480 / 0.98828130 -0.05078125 -0.14453130 / 0.00000000 0.43137260 0.56862750 0.00000000 / 16 29 17 16 / 150 190 222 255 / -0.00800159 0.92506370 -0.37972760 1.00000000 / 0.23730470 0.52603150 / 0.0 0.0
				0.06347657 0.02099609 0.59375000 / 0.94531250 0.10937500 -0.31250000 / 0.01176471 0.10588240 0.88235290 0.00000000 / 16 17 29 16 / 151 154 224 255 / -0.17029250 0.96959310 -0.17575490 1.00000000 / 0.27455140 0.62435910 / 0.0 0.0
				0.06787109 0.02001953 0.60937500 / 0.97265620 -0.14453130 -0.18359380 / 0.00000000 0.05098039 0.94901960 0.00000000 / 16 17 29 16 / 152 165 225 255 / 0.09893165 0.96651980 -0.23675340 1.00000000 / 0.24481200 0.57951350 / 0.0 0.0
				0.06347657 0.01757812 0.58984370 / 0.96093750 0.18359380 -0.21093750 / 0.04705882 0.14901960 0.80392160 0.00000000 / 16 17 29 16 / 154 173 228 255 / -0.14579570 0.97240660 0.18212370 1.00000000 / 0.26960750 0.63313290 / 0.0 0.0
				0.06738281 0.01318359 0.61035150 / 0.98828130 -0.08203125 -0.14062500 / 0.00000000 0.11764710 0.88235290 0.00000000 / 16 17 29 16 / 154 179 228 255 / 0.08429769 0.99638100 0.01090638 1.00000000 / 0.23446660 0.57882690 / 0.0 0.0
				0.06396484 0.01171875 0.58642580 / 0.98437500 0.00390625 -0.17187500 / 0.14509800 0.21176470 0.64313730 0.00000000 / 16 17 29 15 / 157 202 234 255 / 0.04776346 0.95413620 0.29553800 1.00000000 / 0.25524900 0.63774110 / 0.0 0.0
				0.06591797 0.00976563 0.59960940 / 0.98437500 -0.12500000 -0.13671870 / 0.01176471 0.18431370 0.80392160 0.00000000 / 16 17 29 16 / 156 192 231 255 / 0.15701450 0.95318200 0.25843860 1.00000000 / 0.24092100 0.60397340 / 0.0 0.0
				0.07031250 0.02294922 0.62304690 / 0.98046870 -0.16406250 -0.12109380 / 0.00000000 0.30196080 0.69803930 0.00000000 / 16 29 17 16 / 147 186 219 255 / 0.12855330 0.95793590 -0.25657930 1.00000000 / 0.23220820 0.53892520 / 0.0 0.0
				0.06884766 0.01416016 0.62402340 / 0.98437500 -0.10937500 -0.12890630 / 0.00000000 0.06666667 0.93333340 0.00000000 / 16 29 17 16 / 149 193 222 255 / 0.09856237 0.99119320 -0.08843797 1.00000000 / 0.21623230 0.54357910 / 0.0 0.0
				0.06933594 0.01855469 0.62304690 / 0.97656250 -0.17578120 -0.11718750 / 0.00000000 0.14901960 0.85098040 0.00000000 / 16 29 17 16 / 147 185 219 255 / 0.13457170 0.94548810 -0.29655130 1.00000000 / 0.22505190 0.54359440 / 0.0 0.0
				0.06396484 -0.00292969 0.60839840 / 0.93750000 -0.32812500 -0.10937500 / 0.00000000 0.00392157 0.99607840 0.00000000 / 16 16 17 16 / 157 209 234 255 / 0.34601250 0.88205590 0.31977000 1.00000000 / 0.20260620 0.57557680 / 0.0 0.0
				0.06640625 0.00048828 0.62011720 / 0.96093750 -0.24218750 -0.12500000 / 0.00000000 0.00000000 1.00000000 0.00000000 / 16 16 17 16 / 155 204 231 255 / 0.25870330 0.95643770 0.13527560 1.00000000 / 0.19717410 0.55488590 / 0.0 0.0
				0.07031250 0.01562500 0.63525390 / 0.94531250 -0.15234370 -0.28906250 / 0.00000000 0.00000000 1.00000000 0.00000000 / 16 16 17 16 / 137 208 204 255 / 0.09071051 0.97224570 -0.21566140 1.00000000 / 0.20379640 0.51220700 / 0.0 0.0
				0.06884766 0.00292969 0.62988280 / 0.94921880 -0.23437500 -0.20703130 / 0.00000000 0.00000000 1.00000000 0.00000000 / 16 16 17 16 / 151 206 225 255 / 0.25102380 0.96630480 0.05693974 1.00000000 / 0.18499760 0.52612300 / 0.0 0.0
				0.06201172 -0.01318359 0.62988280 / 0.86328130 -0.46875000 -0.18359380 / 0.00000000 0.00000000 1.00000000 0.00000000 / 16 16 17 16 / 154 198 228 255 / 0.49815600 0.84951550 0.17367740 1.00000000 / 0.16398620 0.52423100 / 0.0 0.0
				0.06152343 -0.00634766 0.59667970 / 0.90234380 -0.41796880 -0.09375000 / 0.00000000 0.22352940 0.77647060 0.00000000 / 15 16 17 16 / 159 214 237 255 / 0.42843020 0.87214660 0.23623670 1.00000000 / 0.20843510 0.59828190 / 0.0 0.0
				0.05761719 -0.01708984 0.61621090 / 0.82812500 -0.54687500 -0.12500000 / 0.00000000 0.00000000 1.00000000 0.00000000 / 16 16 17 16 / 157 209 233 255 / 0.56076040 0.80308010 0.20151930 1.00000000 / 0.16084290 0.54521180 / 0.0 0.0
				0.06738281 -0.00732422 0.63916010 / 0.88281250 -0.38671880 -0.26171870 / 0.00000000 0.00000000 1.00000000 0.00000000 / 16 16 17 16 / 152 209 227 255 / 0.39561460 0.91814710 -0.02224855 1.00000000 / 0.16070560 0.50209040 / 0.0 0.0
				0.05029297 -0.02539063 0.60693360 / 0.73437500 -0.67578120 -0.05078125 / 0.00000000 0.05882353 0.94117650 0.00000000 / 16 16 17 16 / 160 214 237 255 / 0.67811920 0.73219500 0.06359801 1.00000000 / 0.14675900 0.56623840 / 0.0 0.0
				0.06494140 -0.01513672 0.64355470 / 0.83593750 -0.45703120 -0.30859370 / 0.00000000 0.00000000 1.00000000 0.00000000 / 16 16 17 16 / 152 183 225 255 / 0.50969870 0.85216280 0.11843080 1.00000000 / 0.14643860 0.49400330 / 0.0 0.0
				0.07128906 -0.00585938 0.65087890 / 0.91406250 -0.32421880 -0.25000000 / 0.00000000 0.00000000 1.00000000 0.00000000 / 16 16 17 16 / 150 207 222 255 / 0.37288710 0.90947510 0.18387580 1.00000000 / 0.15969850 0.47450260 / 0.0 0.0
				0.07128906 0.00390625 0.64062500 / 0.94140630 -0.18359380 -0.27734380 / 0.00000000 0.00000000 1.00000000 0.00000000 / 16 16 17 16 / 145 211 216 255 / 0.22983740 0.96279230 0.14214670 1.00000000 / 0.17745970 0.50166320 / 0.0 0.0
				0.05322266 -0.03125000 0.63818360 / 0.71484380 -0.61718750 -0.32812500 / 0.00000000 0.00000000 1.00000000 0.00000000 / 16 16 17 16 / 149 144 221 255 / 0.69340090 0.68610780 0.22011660 1.00000000 / 0.11331180 0.49200440 / 0.0 0.0
				0.07324219 0.00634766 0.64404300 / -0.11718750 -0.76562500 -0.63281250 / 0.00000000 0.00000000 1.00000000 0.00000000 / 16 16 17 16 / 135 214 201 255 / 0.72981570 0.36568640 -0.57761810 1.00000000 / 0.17604060 0.49473570 / 0.0 0.0
				0.05078125 -0.02978515 0.62890620 / 0.70312500 -0.67187500 -0.23046880 / 0.00000000 0.00000000 1.00000000 0.00000000 / 16 16 17 16 / 151 173 225 255 / 0.70650840 0.69661810 0.12477570 1.00000000 / 0.12466430 0.51583860 / 0.0 0.0
				0.07470703 0.00000000 0.65527350 / 0.13671870 -0.89062500 -0.43359380 / 0.00000000 0.00000000 1.00000000 0.00000000 / 16 16 17 16 / 146 214 216 255 / 0.91340810 0.28276600 -0.29279520 1.00000000 / 0.16168210 0.46900940 / 0.0 0.0
				0.04931641 -0.02832031 0.61865230 / 0.64843750 -0.73828120 -0.17187500 / 0.00000000 0.00000000 1.00000000 0.00000000 / 16 16 17 16 / 155 201 231 255 / 0.75376230 0.65668540 0.02462955 1.00000000 / 0.13493350 0.53996280 / 0.0 0.0
				0.02832031 -0.04492187 0.62011720 / 0.46484380 -0.85937500 -0.20703130 / 0.00000000 0.00000000 1.00000000 0.00000000 / 16 16 17 16 / 154 194 228 255 / 0.88320080 0.46680400 0.04528081 1.00000000 / 0.06683350 0.53283690 / 0.0 0.0
				0.02685547 -0.04345703 0.60888670 / 0.53515630 -0.84375000 -0.04296875 / 0.00000000 0.03529412 0.96470590 0.00000000 / 16 16 17 16 / 160 214 237 255 / 0.84477460 0.53429720 0.02970348 1.00000000 / 0.06932068 0.55549620 / 0.0 0.0
				0.02978515 -0.04736328 0.62841800 / 0.46093750 -0.81640630 -0.34765630 / 0.00000000 0.00000000 1.00000000 0.00000000 / 16 16 17 16 / 148 154 219 255 / 0.88259850 0.46257980 0.08390300 1.00000000 / 0.06362915 0.50843810 / 0.0 0.0
				0.00000000 -0.05371094 0.61181640 / 0.00000000 -1.00000000 -0.01953125 / 0.00000000 0.03529412 0.96470590 0.00000000 / 16 16 17 16 / 160 214 237 255 / 0.99997790 -0.00000969 -0.00663701 1.00000000 / 0.00555420 0.55004880 / 0.0 0.0
				0.00000000 -0.05468750 0.62158200 / 0.00000000 -0.97265620 -0.22656250 / 0.00000000 0.00000000 1.00000000 0.00000000 / 16 16 17 16 / 153 193 228 255 / 0.99869080 0.01241597 -0.04962336 1.00000000 / 0.00555420 0.52778630 / 0.0 0.0
				0.00000000 -0.05712891 0.62890620 / 0.00000000 -0.88281250 -0.46875000 / 0.00000000 0.00000000 1.00000000 0.00000000 / 16 16 17 16 / 147 150 218 255 / 0.99305070 0.05542502 -0.10381810 1.00000000 / 0.00555420 0.50366210 / 0.0 0.0
				0.02636719 -0.04492187 0.59570310 / 0.48828130 -0.85937500 0.14453130 / 0.00000000 0.43137260 0.56862750 0.00000000 / 15 16 17 16 / 165 214 246 255 / 0.86826020 0.49587370 0.01527729 1.00000000 / 0.06921387 0.59489440 / 0.0 0.0
				0.00000000 -0.05468750 0.59667970 / 0.00000000 -0.98828130 0.14062500 / 0.00392157 0.42745100 0.56862750 0.00000000 / 15 16 17 16 / 165 214 246 255 / 0.99655700 0.01290990 0.08189980 1.00000000 / 0.00555420 0.59063720 / 0.0 0.0
				0.03027344 -0.05126953 0.63574220 / 0.47265620 -0.73437500 -0.48828130 / 0.00000000 0.00000000 1.00000000 0.00000000 / 16 16 17 16 / 144 116 215 255 / 0.87106320 0.47326770 0.13140200 1.00000000 / 0.06030274 0.47810360 / 0.0 0.0
				0.00000000 -0.06152343 0.63525390 / 0.00000000 -0.76562500 -0.64062500 / 0.00000000 0.00000000 1.00000000 0.00000000 / 16 16 17 16 / 141 96 209 255 / 0.98660970 0.10536330 -0.12449880 1.00000000 / 0.00555420 0.47460940 / 0.0 0.0
				0.05615234 -0.03369141 0.64794920 / 0.72265620 -0.60937500 -0.32421880 / 0.00000000 0.00000000 1.00000000 0.00000000 / 16 16 17 16 / 148 115 219 255 / 0.68871880 0.67211390 0.27189940 1.00000000 / 0.10751340 0.46014400 / 0.0 0.0
				0.03027344 -0.05615234 0.64208980 / 0.52343750 -0.76562500 -0.37109380 / 0.00000000 0.00000000 1.00000000 0.00000000 / 16 16 17 16 / 143 85 212 255 / 0.85018440 0.49698340 0.17376410 1.00000000 / 0.05523682 0.45269780 / 0.0 0.0
				0.06787109 -0.02099609 0.65820310 / 0.85546880 -0.46875000 -0.22265630 / 0.00000000 0.00000000 1.00000000 0.00000000 / 16 16 17 16 / 151 152 225 255 / 0.51562690 0.81422700 0.26676450 1.00000000 / 0.13583370 0.44914250 / 0.0 0.0
				0.05712891 -0.03466797 0.65722650 / 0.73046870 -0.61718750 -0.28906250 / 0.00000000 0.00000000 1.00000000 0.00000000 / 16 16 17 16 / 147 89 218 255 / 0.68194000 0.67285410 0.28674950 1.00000000 / 0.10081480 0.43458560 / 0.0 0.0
				0.00341797 -0.06591797 0.64062500 / 0.32812500 -0.87500000 -0.35546870 / 0.00000000 0.00000000 1.00000000 0.00000000 / 16 16 17 16 / 139 68 206 255 / 0.94407480 0.31662090 0.09205317 1.00000000 / 0.01284790 0.44685370 / 0.0 0.0
				0.00000000 -0.06689453 0.64062500 / -0.06640625 -0.91406250 -0.40234370 / 0.00000000 0.00000000 1.00000000 0.00000000 / 16 16 17 16 / 138 61 204 255 / 0.98965360 -0.00953695 -0.14316050 1.00000000 / 0.00555420 0.44697570 / 0.0 0.0
				0.00000000 -0.06884766 0.64892580 / 0.03906250 -0.82031250 -0.57421870 / 0.00000000 0.00000000 1.00000000 0.00000000 / 16 16 17 16 / 137 41 204 255 / 0.99708880 0.06919276 -0.03203359 1.00000000 / 0.00555420 0.42216490 / 0.0 0.0
				0.03173828 -0.05712891 0.65087890 / 0.52343750 -0.70703130 -0.47265620 / 0.00000000 0.00000000 1.00000000 0.00000000 / 16 16 17 16 / 142 61 212 255 / 0.84565490 0.49846400 0.19079140 1.00000000 / 0.05233765 0.42958070 / 0.0 0.0
				0.00488281 -0.06787109 0.64892580 / 0.29296880 -0.65625000 -0.69531250 / 0.00000000 0.00000000 1.00000000 0.00000000 / 16 16 17 16 / 139 46 206 255 / 0.95087410 0.27606870 0.14008740 1.00000000 / 0.01542664 0.42359930 / 0.0 0.0
				0.00000000 -0.07714844 0.65332030 / 0.00000000 -0.83203120 -0.55078120 / 0.00000000 0.00000000 1.00000000 0.00000000 / 16 16 17 16 / 142 27 212 255 / 0.99897080 -0.02436714 0.03825915 1.00000000 / 0.00555420 0.39736940 / 0.0 0.0
				0.00683594 -0.07568359 0.65380860 / 0.32031250 -0.83203120 -0.44921870 / 0.00000000 0.00000000 1.00000000 0.00000000 / 16 16 17 16 / 143 30 212 255 / 0.94706480 0.27386710 0.16752580 1.00000000 / 0.01628113 0.39956660 / 0.0 0.0
				0.00000000 -0.08544922 0.68017580 / 0.00000000 -0.99218750 -0.13281250 / 0.00000000 0.00000000 1.00000000 0.00000000 / 16 16 17 16 / 153 14 228 255 / 0.99338920 -0.01556910 0.11373370 1.00000000 / 0.00979614 0.33673100 / 0.0 0.0
				0.03320312 -0.06347657 0.65576170 / 0.49218750 -0.73437500 -0.46484380 / 0.00000000 0.00000000 1.00000000 0.00000000 / 16 16 17 16 / 146 42 216 255 / 0.86760400 0.45626110 0.19770940 1.00000000 / 0.05133057 0.40647890 / 0.0 0.0
				0.00927734 -0.08398437 0.67968750 / 0.32421880 -0.93750000 -0.12890630 / 0.00000000 0.00000000 1.00000000 0.00000000 / 16 16 17 16 / 154 17 228 255 / 0.93943340 0.30288610 0.16039000 1.00000000 / 0.01649475 0.33988950 / 0.0 0.0
				0.00000000 -0.08154297 0.71679690 / 0.00000000 -0.98437500 0.17968750 / 0.00000000 0.00000000 1.00000000 0.00000000 / 16 16 17 16 / 165 8 246 255 / 0.98903670 0.02634457 0.14530090 1.00000000 / 0.00556946 0.27351380 / 0.0 0.0
				0.05761719 -0.04150391 0.66357420 / 0.73046870 -0.55468750 -0.39843750 / 0.00000000 0.00000000 1.00000000 0.00000000 / 16 16 17 16 / 149 65 222 255 / 0.67114000 0.69104570 0.26837880 1.00000000 / 0.09411621 0.40902710 / 0.0 0.0
				0.03906250 -0.07275391 0.68310550 / 0.53906250 -0.83203120 -0.13281250 / 0.00000000 0.00000000 1.00000000 0.00000000 / 16 16 17 16 / 154 24 230 255 / 0.83843220 0.51454490 0.17965220 1.00000000 / 0.05165100 0.34654240 / 0.0 0.0
				0.01074219 -0.08007813 0.71728520 / 0.26562500 -0.94921880 0.17187500 / 0.00000000 0.00000000 1.00000000 0.00000000 / 16 16 17 16 / 165 9 245 255 / 0.95086550 0.28711020 0.11585530 1.00000000 / 0.01913452 0.27464290 / 0.0 0.0
				0.00000000 -0.07128906 0.74462890 / 0.00000000 -0.90234380 0.42968750 / 0.00000000 0.00000000 1.00000000 0.00000000 / 16 16 17 16 / 172 4 255 255 / 0.98707420 0.06899723 0.14465060 1.00000000 / 0.00559998 0.21716310 / 0.0 0.0
				0.06933594 -0.02050781 0.66894530 / 0.90234380 -0.31640630 -0.29687500 / 0.00000000 0.00000000 1.00000000 0.00000000 / 16 16 17 16 / 152 133 225 255 / 0.41101470 0.84030310 0.35349330 1.00000000 / 0.13264470 0.42184450 / 0.0 0.0
				0.01025391 -0.06982422 0.74560550 / 0.19140620 -0.87890620 0.43750000 / 0.00000000 0.00000000 1.00000000 0.00000000 / 16 16 17 16 / 172 5 255 255 / 0.95979930 0.26074820 0.10390200 1.00000000 / 0.02400208 0.21763610 / 0.0 0.0
				0.00000000 -0.05419922 0.76708980 / 0.00000000 -0.77734370 0.62890620 / 0.00000000 0.00000000 1.00000000 0.00000000 / 16 16 17 16 / 176 2 255 255 / 0.96823890 0.15727370 0.19436670 1.00000000 / 0.01071167 0.13951110 / 0.0 0.0
				0.04199219 -0.06982422 0.72021480 / 0.50000000 -0.85546880 0.14843750 / 0.00000000 0.00000000 1.00000000 0.00000000 / 16 16 17 16 / 164 14 245 255 / 0.85568280 0.51262580 0.07086552 1.00000000 / 0.05368042 0.27500920 / 0.0 0.0
				0.06054688 -0.05126953 0.69042970 / 0.77734370 -0.62109380 -0.10937500 / 0.00000000 0.00000000 1.00000000 0.00000000 / 16 16 17 16 / 156 43 231 255 / 0.62959810 0.75768620 0.17180810 1.00000000 / 0.09361267 0.33901980 / 0.0 0.0
				0.00830078 -0.05273437 0.76757810 / 0.14453130 -0.76171880 0.63281250 / 0.00000000 0.00000000 1.00000000 0.00000000 / 16 16 17 16 / 176 2 255 255 / 0.93328480 0.31712480 0.16855690 1.00000000 / 0.02752686 0.14276120 / 0.0 0.0
				0.00000000 -0.04052734 0.78173830 / -0.00390625 -0.66406250 0.74609370 / 0.00000000 0.00000000 1.00000000 0.00000000 / 16 16 17 16 / 178 1 255 255 / 0.92057020 0.28947920 0.26220670 1.00000000 / 0.05529785 0.08714294 / 0.0 0.0
				0.04101563 -0.06103515 0.74804690 / 0.41796880 -0.78906250 0.44921870 / 0.00000000 0.00000000 1.00000000 0.00000000 / 16 16 17 16 / 172 7 255 255 / 0.86862190 0.49225030 0.05644237 1.00000000 / 0.05737305 0.21926880 / 0.0 0.0
				0.06201172 -0.04882813 0.72656250 / 0.80468750 -0.58203120 0.11718750 / 0.00000000 0.00000000 1.00000000 0.00000000 / 16 16 17 16 / 164 25 243 255 / 0.58279850 0.81201960 0.03114718 1.00000000 / 0.10317990 0.26185610 / 0.0 0.0
				0.07275391 -0.02539063 0.67675780 / 0.89843750 -0.34375000 -0.27734380 / 0.00000000 0.00000000 1.00000000 0.00000000 / 16 16 17 16 / 152 96 227 255 / 0.42350660 0.84724930 0.32064110 1.00000000 / 0.12944030 0.39453130 / 0.0 0.0
				0.07666016 -0.02734375 0.70410150 / 0.91015630 -0.41406250 -0.04687500 / 0.00000000 0.00000000 1.00000000 0.00000000 / 16 16 17 16 / 157 67 234 255 / 0.41538460 0.89372350 0.16945170 1.00000000 / 0.12687680 0.32104490 / 0.0 0.0
				0.07666016 -0.00390625 0.69238280 / 0.95312500 -0.01562500 -0.30859370 / 0.00000000 0.00000000 1.00000000 0.00000000 / 16 16 17 16 / 157 174 234 255 / 0.07088278 0.98298330 0.16946840 1.00000000 / 0.14949040 0.37675480 / 0.0 0.0
				0.07958985 -0.01171875 0.69775390 / 0.96484370 -0.11718750 -0.23046880 / 0.00000000 0.00000000 1.00000000 0.00000000 / 16 16 17 16 / 155 115 230 255 / 0.17647130 0.95043390 0.25599490 1.00000000 / 0.14807130 0.35220340 / 0.0 0.0
				0.08544922 0.01074219 0.71142580 / 0.96875000 -0.00781250 -0.25390630 / 0.00000000 0.00000000 1.00000000 0.00000000 / 16 16 17 16 / 156 128 233 255 / 0.02988469 0.99610180 0.08299501 1.00000000 / 0.18035890 0.31201170 / 0.0 0.0
				0.08691406 -0.00097656 0.72412110 / 0.95703130 -0.28906250 0.03515625 / 0.00000000 0.00000000 1.00000000 0.00000000 / 16 16 17 16 / 160 69 239 255 / 0.28793650 0.95709510 0.03258133 1.00000000 / 0.16972350 0.27021790 / 0.0 0.0
				0.07324219 -0.01220703 0.66845700 / 0.93359370 -0.33984380 -0.10546870 / 0.00000000 0.00000000 1.00000000 0.00000000 / 16 16 17 16 / 155 191 230 255 / 0.35534400 0.91073960 0.21043770 1.00000000 / 0.14450070 0.43106080 / 0.0 0.0
				0.07958985 0.01416016 0.70263670 / 0.94140630 0.03906250 -0.33593750 / 0.00000000 0.00000000 1.00000000 0.00000000 / 16 16 17 16 / 160 186 237 255 / -0.06348103 0.99605490 -0.06200625 1.00000000 / 0.18499760 0.34429930 / 0.0 0.0
				0.07617188 -0.00341797 0.66455080 / 0.16796870 -0.96093750 -0.21484370 / 0.00000000 0.00000000 1.00000000 0.00000000 / 16 16 17 16 / 154 214 228 255 / 0.98549300 0.15981980 0.05710716 1.00000000 / 0.15357970 0.44476320 / 0.0 0.0
				0.07666016 0.00097656 0.68701170 / 0.18359380 -0.88281250 0.42968750 / 0.00000000 0.00000000 1.00000000 0.00000000 / 16 16 17 16 / 166 214 248 255 / 0.95911160 0.25619180 0.12029470 1.00000000 / 0.15478520 0.38539120 / 0.0 0.0
				0.07666016 -0.00341797 0.67285160 / -0.10937500 -0.98437500 0.12890630 / 0.00000000 0.00000000 1.00000000 0.00000000 / 16 16 17 16 / 160 214 237 255 / 0.98837960 -0.09435632 0.11917470 1.00000000 / 0.15235900 0.42639160 / 0.0 0.0
				0.08642578 -0.00878906 0.66406250 / -0.36718750 -0.91015630 -0.19140620 / 0.00000000 0.00000000 1.00000000 0.00000000 / 16 16 17 16 / 152 212 225 255 / 0.92280320 -0.33070510 -0.19765750 1.00000000 / 0.16102600 0.44392390 / 0.0 0.0
				0.08837891 -0.01074219 0.67382810 / -0.45703120 -0.88671870 0.07031250 / 0.00000000 0.00000000 1.00000000 0.00000000 / 16 16 17 16 / 159 213 237 255 / 0.87315460 -0.43216410 0.22546660 1.00000000 / 0.15849300 0.42588810 / 0.0 0.0
				0.08349610 -0.00390625 0.65283200 / -0.29687500 -0.87109370 -0.38671880 / 0.00000000 0.00000000 1.00000000 0.00000000 / 16 16 17 16 / 143 210 212 255 / 0.85107480 -0.05830771 -0.52179670 1.00000000 / 0.16465760 0.46510310 / 0.0 0.0
				0.08935547 -0.01074219 0.68310550 / -0.42578120 -0.87109370 0.24609380 / 0.00000000 0.00000000 1.00000000 0.00000000 / 16 16 17 16 / 166 214 248 255 / 0.87339600 -0.32426510 0.36336160 1.00000000 / 0.15797420 0.40719610 / 0.0 0.0
				0.08349610 0.00341797 0.63867190 / -0.39062500 -0.75000000 -0.53515630 / 0.00000000 0.00000000 1.00000000 0.00000000 / 16 16 17 16 / 131 208 194 255 / 0.68571400 0.15099370 -0.71203740 1.00000000 / 0.17556760 0.48753360 / 0.0 0.0
				0.08642578 -0.00292969 0.65185550 / 0.57031250 -0.73437500 -0.37109380 / 0.00000000 0.00000000 1.00000000 0.00000000 / 16 16 17 16 / 145 186 216 255 / 0.65555540 0.67760540 -0.33331350 1.00000000 / 0.16769410 0.46377560 / 0.0 0.0
				0.07324219 0.01513672 0.63525390 / -0.44921870 -0.63281250 -0.62890620 / 0.00000000 0.00000000 1.00000000 0.00000000 / 16 16 17 16 / 123 214 183 255 / 0.55802440 0.35088270 -0.75199070 1.00000000 / 0.20346070 0.50697330 / 0.0 0.0
				0.08691406 0.00292969 0.63964840 / 0.56250000 -0.58593750 -0.58593750 / 0.00000000 0.00000000 1.00000000 0.00000000 / 16 16 17 16 / 136 179 201 255 / 0.55627920 0.79048010 -0.25630970 1.00000000 / 0.17727660 0.48172000 / 0.0 0.0
				0.07031250 0.01855469 0.63378910 / 0.83203120 -0.31640630 -0.45312500 / 0.00000000 0.00000000 1.00000000 0.00000000 / 16 16 17 16 / 133 204 197 255 / 0.13207160 0.91001210 -0.39298210 1.00000000 / 0.21237180 0.51329040 / 0.0 0.0
				0.07373047 0.01660156 0.63378910 / -0.45703120 -0.50781250 -0.73046870 / 0.00000000 0.00000000 1.00000000 0.00000000 / 16 16 17 16 / 120 214 179 255 / -0.09930904 0.84506990 -0.52535190 1.00000000 / 0.20803830 0.50512690 / 0.0 0.0
				0.07128906 0.02294922 0.63281250 / 0.84765630 -0.03125000 -0.53125000 / 0.00000000 0.00000000 1.00000000 0.00000000 / 16 16 17 16 / 133 202 197 255 / 0.11444800 0.98562300 0.12429380 1.00000000 / 0.22282410 0.51312260 / 0.0 0.0
				0.08007813 0.01074219 0.63330080 / -0.18359380 -0.42187500 -0.88671870 / 0.00000000 0.00000000 1.00000000 0.00000000 / 16 16 17 16 / 119 208 177 255 / 0.63350660 0.63895450 -0.43635600 1.00000000 / 0.19165040 0.49838260 / 0.0 0.0
				0.07568359 0.01757812 0.63232420 / 0.10156250 0.15234370 -0.98437500 / 0.00000000 0.00000000 1.00000000 0.00000000 / 16 16 17 16 / 119 209 176 255 / -0.10132320 0.98468450 0.14188050 1.00000000 / 0.21466060 0.50247190 / 0.0 0.0
				0.07226562 0.02685547 0.63671870 / 0.77734370 0.30859370 -0.54687500 / 0.00000000 0.00000000 1.00000000 0.00000000 / 16 16 17 16 / 138 187 206 255 / -0.13563120 0.93286960 0.33370400 1.00000000 / 0.22660830 0.50550840 / 0.0 0.0
				0.07861328 0.01953125 0.63330080 / 0.39843750 0.38671880 -0.83203120 / 0.00000000 0.00000000 1.00000000 0.00000000 / 16 16 17 16 / 127 179 189 255 / -0.17717150 0.92220620 0.34372380 1.00000000 / 0.21392820 0.49737550 / 0.0 0.0
				0.08349610 0.01171875 0.63378910 / 0.57812500 0.01562500 -0.81640630 / 0.00000000 0.00000000 1.00000000 0.00000000 / 16 16 17 16 / 127 177 188 255 / 0.04778141 0.99745230 0.05296842 1.00000000 / 0.19287110 0.49362180 / 0.0 0.0
				0.08056641 0.02148437 0.63720710 / 0.77734370 0.54296870 -0.32031250 / 0.00000000 0.00000000 1.00000000 0.00000000 / 16 16 17 16 / 142 115 212 255 / -0.41206940 0.82187810 0.39333860 1.00000000 / 0.21328740 0.49284360 / 0.0 0.0
				0.07373047 0.03222656 0.64208980 / 0.92968750 0.27734380 -0.25000000 / 0.00000000 0.00000000 1.00000000 0.00000000 / 16 16 17 16 / 150 129 222 255 / -0.30008720 0.95203540 -0.05980229 1.00000000 / 0.23294070 0.49060060 / 0.0 0.0
				0.08593750 0.01318359 0.63720710 / 0.90625000 0.33593750 -0.25781250 / 0.00000000 0.00000000 1.00000000 0.00000000 / 16 16 17 16 / 143 113 212 255 / -0.27032600 0.92738830 0.25860160 1.00000000 / 0.19387820 0.48963930 / 0.0 0.0
				0.08496094 0.01464844 0.64599610 / 0.91406250 0.40234370 -0.01953125 / 0.00000000 0.00000000 1.00000000 0.00000000 / 16 16 17 16 / 153 58 228 255 / -0.39423330 0.90377780 0.16663060 1.00000000 / 0.19685360 0.47239690 / 0.0 0.0
				0.08886719 0.00537109 0.64160160 / 0.99218750 0.08203125 -0.08984375 / 0.00000000 0.00000000 1.00000000 0.00000000 / 16 16 17 16 / 147 115 219 255 / -0.08925141 0.99266730 -0.08152134 1.00000000 / 0.17895510 0.47747800 / 0.0 0.0
				0.08251953 0.02246094 0.65087890 / 0.89843750 0.40234370 -0.16796870 / 0.00000000 0.00000000 1.00000000 0.00000000 / 16 16 17 16 / 154 47 228 255 / -0.37953080 0.91221070 0.15436300 1.00000000 / 0.21121220 0.46566770 / 0.0 0.0
				0.08642578 0.01025391 0.64990240 / 0.96093750 0.27343750 0.05078125 / 0.00000000 0.00000000 1.00000000 0.00000000 / 16 16 17 16 / 158 42 234 255 / -0.27446200 0.96144860 0.01694572 1.00000000 / 0.18797300 0.46397400 / 0.0 0.0
				0.08886719 0.00048828 0.65087890 / 0.98828130 -0.08593750 -0.13281250 / 0.00000000 0.00000000 1.00000000 0.00000000 / 16 16 17 16 / 151 128 225 255 / 0.06264372 0.98383910 -0.16773910 1.00000000 / 0.17083740 0.46247860 / 0.0 0.0
				0.08886719 -0.00781250 0.66455080 / 0.68750000 -0.64843750 -0.32031250 / 0.00000000 0.00000000 1.00000000 0.00000000 / 16 16 17 16 / 151 198 224 255 / 0.64842250 0.75047540 -0.12780800 1.00000000 / 0.16394040 0.44345090 / 0.0 0.0
				0.09179687 -0.00927734 0.67382810 / 0.66796880 -0.70312500 -0.23828120 / 0.00000000 0.00000000 1.00000000 0.00000000 / 16 16 17 16 / 157 208 233 255 / 0.71868350 0.69448070 -0.03450254 1.00000000 / 0.16165160 0.42611690 / 0.0 0.0
				0.09082031 -0.00341797 0.66406250 / 0.94921880 -0.17968750 -0.26171870 / 0.00000000 0.00000000 1.00000000 0.00000000 / 16 16 17 16 / 153 155 227 255 / 0.18559060 0.98262670 -0.00094308 1.00000000 / 0.16712950 0.44270320 / 0.0 0.0
				0.08837891 0.00439453 0.65576170 / 0.94531250 0.32421880 -0.02734375 / 0.00000000 0.00000000 1.00000000 0.00000000 / 16 16 17 16 / 157 63 234 255 / -0.31285580 0.92887750 0.19826160 1.00000000 / 0.17759710 0.45750430 / 0.0 0.0
				0.09082031 -0.00048828 0.66552730 / 0.90234380 0.39843750 -0.16796870 / 0.00000000 0.00000000 1.00000000 0.00000000 / 16 16 17 16 / 156 97 233 255 / -0.32206510 0.87819550 0.35361960 1.00000000 / 0.17117310 0.44201660 / 0.0 0.0
				0.08642578 0.00634766 0.65820310 / 0.94531250 0.32421880 0.07031250 / 0.00000000 0.00000000 1.00000000 0.00000000 / 16 16 17 16 / 161 17 239 255 / -0.32200800 0.94637280 -0.02625377 1.00000000 / 0.18193050 0.45494080 / 0.0 0.0
				0.09423828 -0.00488281 0.67333980 / 0.89843750 -0.28125000 -0.33593750 / 0.00000000 0.00000000 1.00000000 0.00000000 / 16 16 17 16 / 155 184 231 255 / 0.32615380 0.94158490 0.08391423 1.00000000 / 0.16438290 0.42549130 / 0.0 0.0
				0.09277344 -0.00976563 0.68310550 / 0.41796880 -0.88281250 0.21093750 / 0.00000000 0.00000000 1.00000000 0.00000000 / 16 16 17 16 / 164 213 245 255 / 0.88474410 0.44881230 0.12567920 1.00000000 / 0.16049190 0.40898130 / 0.0 0.0
				0.09521484 -0.00195313 0.67529300 / 0.83203120 0.50390620 -0.23046880 / 0.00000000 0.00000000 1.00000000 0.00000000 / 16 16 17 16 / 156 141 231 255 / -0.35831530 0.80672030 0.46990700 1.00000000 / 0.16773990 0.42465210 / 0.0 0.0
				0.08935547 -0.00537109 0.69189460 / -0.47656250 -0.58984370 0.64843750 / 0.00000000 0.00000000 1.00000000 0.00000000 / 16 16 17 16 / 172 214 255 255 / 0.85143060 -0.12680230 0.50890790 1.00000000 / 0.16189580 0.39028930 / 0.0 0.0
				0.09619141 -0.00634766 0.68212890 / 0.83984370 -0.54296870 -0.03906250 / 0.00000000 0.00000000 1.00000000 0.00000000 / 16 16 17 16 / 160 201 239 255 / 0.54357540 0.83893940 0.02658168 1.00000000 / 0.16360470 0.41122440 / 0.0 0.0
				0.09423828 -0.00537109 0.69189460 / 0.32421880 -0.73046870 0.59765620 / 0.00000000 0.00000000 1.00000000 0.00000000 / 16 16 17 16 / 171 214 254 255 / 0.84297600 0.51113520 0.16772650 1.00000000 / 0.16343690 0.39144900 / 0.0 0.0
				0.07812500 0.01464844 0.69482420 / -0.23828120 -0.37890620 0.89453130 / 0.00000000 0.00000000 1.00000000 0.00000000 / 16 16 17 16 / 171 214 254 255 / 0.42605350 0.78670140 0.44674310 1.00000000 / 0.18707270 0.36047360 / 0.0 0.0
				0.09667969 -0.00292969 0.67968750 / 0.93750000 0.31250000 -0.16015630 / 0.00000000 0.00000000 1.00000000 0.00000000 / 16 16 17 16 / 157 167 233 255 / -0.23922330 0.90160080 0.36040020 1.00000000 / 0.16665650 0.41528320 / 0.0 0.0
				0.09716797 -0.00292969 0.69140620 / 0.96093750 -0.22265630 0.15625000 / 0.00000000 0.00000000 1.00000000 0.00000000 / 16 16 17 16 / 164 207 245 255 / 0.19610540 0.96528240 0.17254800 1.00000000 / 0.16514590 0.39408870 / 0.0 0.0
				0.08837891 0.00292969 0.66699220 / 0.71875000 0.69140620 -0.06250000 / 0.00000000 0.00000000 1.00000000 0.00000000 / 16 16 17 16 / 159 48 236 255 / -0.68064620 0.71983290 0.13624050 1.00000000 / 0.17788700 0.44155890 / 0.0 0.0
				0.09277344 0.00048828 0.67724610 / 0.66796880 0.73437500 -0.11328120 / 0.00000000 0.00000000 1.00000000 0.00000000 / 16 16 17 16 / 156 101 233 255 / -0.70177230 0.67392260 0.23096290 1.00000000 / 0.17251590 0.42381290 / 0.0 0.0
				0.08593750 0.00488281 0.66748050 / 0.91406250 0.40234370 -0.03906250 / 0.00000000 0.00000000 1.00000000 0.00000000 / 16 16 17 16 / 159 20 237 255 / -0.40454890 0.90755170 -0.11265030 1.00000000 / 0.18165590 0.44032290 / 0.0 0.0
				0.09716797 -0.00097656 0.68798830 / 0.86718750 0.44531250 -0.21875000 / 0.00000000 0.00000000 1.00000000 0.00000000 / 16 16 17 16 / 157 174 233 255 / -0.33904740 0.85399950 0.39462870 1.00000000 / 0.16903690 0.40222170 / 0.0 0.0
				0.08789062 0.00439453 0.67529300 / 0.85546880 0.49218750 -0.14843750 / 0.00000000 0.00000000 1.00000000 0.00000000 / 16 16 17 16 / 155 56 231 255 / -0.50688840 0.85911170 -0.07064756 1.00000000 / 0.18066410 0.42739870 / 0.0 0.0
				0.09326172 0.00195313 0.68603510 / 0.70312500 0.65625000 -0.27343750 / 0.00000000 0.00000000 1.00000000 0.00000000 / 16 16 17 16 / 153 114 228 255 / -0.60514630 0.75436990 0.25440920 1.00000000 / 0.17338560 0.41029360 / 0.0 0.0
				0.09570313 0.00488281 0.69335940 / 0.85156250 0.41406250 -0.32031250 / 0.00000000 0.00000000 1.00000000 0.00000000 / 16 16 17 16 / 155 176 231 255 / -0.37171120 0.90926220 0.18727760 1.00000000 / 0.17851260 0.39299010 / 0.0 0.0
				0.08349610 0.01855469 0.67480470 / 0.96875000 0.24218750 -0.02734375 / 0.00000000 0.00000000 1.00000000 0.00000000 / 16 16 17 16 / 156 16 233 255 / -0.24308800 0.95023780 -0.19482390 1.00000000 / 0.20184330 0.42395020 / 0.0 0.0
				0.08691406 0.00878906 0.68261720 / 0.88281250 0.43359380 -0.19140620 / 0.00000000 0.00000000 1.00000000 0.00000000 / 16 16 17 16 / 151 51 224 255 / -0.46187700 0.87406070 -0.15062350 1.00000000 / 0.18560790 0.41519160 / 0.0 0.0
				0.09130859 0.00683594 0.69091800 / 0.73046870 0.46484380 -0.49609370 / 0.00000000 0.00000000 1.00000000 0.00000000 / 16 16 17 16 / 149 113 221 255 / -0.53908640 0.84223830 -0.00449820 1.00000000 / 0.18067930 0.40246580 / 0.0 0.0
				0.08593750 0.01367187 0.68603510 / 0.90234380 0.32812500 -0.28125000 / 0.00000000 0.00000000 1.00000000 0.00000000 / 16 16 17 16 / 147 61 218 255 / -0.39934820 0.88109640 -0.25335780 1.00000000 / 0.19372560 0.40716550 / 0.0 0.0
				0.09375000 0.01220703 0.69531250 / 0.87109370 0.32421880 -0.37109380 / 0.00000000 0.00000000 1.00000000 0.00000000 / 16 16 17 16 / 153 175 228 255 / -0.35883970 0.93300150 -0.02724600 1.00000000 / 0.19082640 0.38909910 / 0.0 0.0
				0.08984375 0.01318359 0.69238280 / 0.74218750 0.26953130 -0.61328130 / 0.00000000 0.00000000 1.00000000 0.00000000 / 16 16 17 16 / 146 113 216 255 / -0.46941990 0.86250300 -0.18903340 1.00000000 / 0.19354250 0.39680480 / 0.0 0.0
				0.09619141 0.00390625 0.69726560 / 0.92578120 -0.11328120 0.35937500 / 0.00000000 0.00000000 1.00000000 0.00000000 / 16 16 17 16 / 166 208 248 255 / 0.07236335 0.98941750 0.12576350 1.00000000 / 0.17720030 0.38424680 / 0.0 0.0
				0.08349610 0.02050781 0.68652340 / 0.94140630 0.22265630 -0.26171870 / 0.00000000 0.00000000 1.00000000 0.00000000 / 16 16 17 16 / 149 52 221 255 / -0.29496390 0.91167540 -0.28608450 1.00000000 / 0.20739750 0.40318300 / 0.0 0.0
				0.09326172 0.00292969 0.69921880 / 0.25390630 -0.48437500 0.83593750 / 0.00000000 0.00000000 1.00000000 0.00000000 / 16 16 17 16 / 174 213 255 255 / 0.53082100 0.79316660 0.29852250 1.00000000 / 0.17726140 0.37971500 / 0.0 0.0
				0.08691406 0.02099609 0.69140620 / 0.76953130 0.14062500 -0.62500000 / 0.00000000 0.00000000 1.00000000 0.00000000 / 16 16 17 16 / 147 108 218 255 / -0.39149450 0.87489890 -0.28510340 1.00000000 / 0.20698550 0.39456180 / 0.0 0.0
				0.08886719 0.00341797 0.69873050 / -0.53125000 -0.42187500 0.73437500 / 0.00000000 0.00000000 1.00000000 0.00000000 / 16 16 17 16 / 176 213 255 255 / 0.66898640 0.32308250 0.66938390 1.00000000 / 0.17730710 0.37663270 / 0.0 0.0
				0.09082031 0.02050781 0.69531250 / 0.85546880 0.35546870 -0.37500000 / 0.00000000 0.00000000 1.00000000 0.00000000 / 16 16 17 16 / 154 169 230 255 / -0.45433840 0.86383450 -0.21763840 1.00000000 / 0.20637510 0.38662720 / 0.0 0.0
				0.08935547 0.00927734 0.70214850 / -0.34375000 -0.25390630 0.90625000 / 0.00000000 0.00000000 1.00000000 0.00000000 / 16 16 17 16 / 178 213 255 255 / 0.04332345 0.95741620 0.28544260 1.00000000 / 0.18948360 0.37342830 / 0.0 0.0
				0.09521484 0.01074219 0.70019530 / 0.87500000 0.18750000 0.44140630 / 0.00000000 0.00000000 1.00000000 0.00000000 / 16 16 17 16 / 166 207 248 255 / -0.22646530 0.97335570 0.03594726 1.00000000 / 0.18980410 0.38064570 / 0.0 0.0
				0.08642578 0.01806641 0.70068360 / -0.51171880 -0.08593750 0.85546880 / 0.00000000 0.00000000 1.00000000 0.00000000 / 16 16 17 16 / 177 214 255 255 / -0.37227880 0.91892490 -0.13032830 1.00000000 / 0.20320130 0.37295530 / 0.0 0.0
				0.09277344 0.00976563 0.70214850 / 0.21484370 -0.02343750 0.97656250 / 0.00000000 0.00000000 1.00000000 0.00000000 / 16 16 17 16 / 176 213 255 255 / -0.10421140 0.99345510 0.04676378 1.00000000 / 0.18943790 0.37649540 / 0.0 0.0
				0.08935547 0.01904297 0.70166010 / 0.20312500 0.28906250 0.93750000 / 0.00000000 0.00000000 1.00000000 0.00000000 / 16 16 17 16 / 176 214 255 255 / -0.45379750 0.87450250 -0.17121100 1.00000000 / 0.20429990 0.37701420 / 0.0 0.0
				0.09130859 0.02001953 0.69970700 / 0.82812500 0.48828130 0.26953130 / 0.00000000 0.00000000 1.00000000 0.00000000 / 16 16 17 16 / 167 206 248 255 / -0.45592990 0.87183300 -0.17898330 1.00000000 / 0.20465090 0.38075260 / 0.0 0.0
				0.08251953 0.02685547 0.69824220 / -0.55859380 0.14843750 0.81640630 / 0.00000000 0.00000000 1.00000000 0.00000000 / 16 16 17 16 / 174 212 255 255 / -0.53675950 0.68552100 -0.49188420 1.00000000 / 0.21553040 0.37408450 / 0.0 0.0
				0.08398437 0.02783203 0.69775390 / 0.19531250 0.62500000 0.75781250 / 0.00000000 0.00000000 1.00000000 0.00000000 / 16 16 17 16 / 174 212 255 255 / -0.57131860 0.69948010 -0.42932810 1.00000000 / 0.21716310 0.37786860 / 0.0 0.0
				0.08544922 0.02832031 0.69677740 / 0.72265620 0.66015630 0.21093750 / 0.00000000 0.00000000 1.00000000 0.00000000 / 16 16 17 16 / 167 200 249 255 / -0.54949210 0.73104560 -0.40451290 1.00000000 / 0.21807860 0.38174440 / 0.0 0.0
				0.08593750 0.02929688 0.69091800 / 0.84375000 0.46484380 -0.26562500 / 0.00000000 0.00000000 1.00000000 0.00000000 / 16 16 17 16 / 157 157 234 255 / -0.53573140 0.72905180 -0.42599920 1.00000000 / 0.21934510 0.38929750 / 0.0 0.0
				0.08203125 0.03076172 0.69384760 / 0.51562500 0.80468750 0.28906250 / 0.00000000 0.00000000 1.00000000 0.00000000 / 16 16 17 16 / 168 192 249 255 / -0.60574400 0.58271130 -0.54177650 1.00000000 / 0.22348020 0.38105770 / 0.0 0.0
				0.07861328 0.03320312 0.69140620 / 0.78906250 0.39453130 0.46875000 / 0.00000000 0.00000000 1.00000000 0.00000000 / 16 16 17 16 / 166 198 248 255 / -0.17244610 0.87661120 -0.44923830 1.00000000 / 0.22682190 0.37901310 / 0.0 0.0
				0.08300782 0.02880859 0.68701170 / 0.91796870 0.13671870 -0.37109380 / 0.00000000 0.00000000 1.00000000 0.00000000 / 16 16 17 16 / 153 75 227 255 / -0.29159410 0.86830620 -0.40126940 1.00000000 / 0.22099300 0.39703370 / 0.0 0.0
				0.08056641 0.03417969 0.68359370 / 0.83593750 0.53906250 -0.10937500 / 0.00000000 0.00000000 1.00000000 0.00000000 / 16 16 17 16 / 159 125 237 255 / -0.53778850 0.75984840 -0.36525870 1.00000000 / 0.23103330 0.39671320 / 0.0 0.0
				0.07763672 0.03906250 0.68359370 / 0.95312500 0.28906250 -0.09375000 / 0.00000000 0.00000000 1.00000000 0.00000000 / 16 16 17 16 / 160 144 237 255 / -0.29998200 0.84713830 -0.43859720 1.00000000 / 0.23716740 0.39361570 / 0.0 0.0
				0.07714844 0.02490234 0.69335940 / 0.96875000 -0.03125000 0.23828120 / 0.00000000 0.00000000 1.00000000 0.00000000 / 16 16 17 16 / 169 213 252 255 / 0.10312970 0.94815950 -0.30059580 -1.00000000 / 0.21076970 0.36538700 / 0.0 0.0
				0.08056641 0.03710938 0.69726560 / 0.98046870 -0.01562500 -0.19531250 / 0.00000000 0.00000000 1.00000000 0.00000000 / 16 16 17 16 / 159 199 237 255 / -0.01331457 0.98918860 -0.14604390 1.00000000 / 0.22801210 0.35850520 / 0.0 0.0
				0.07958985 0.02734375 0.70166010 / 0.97265620 -0.06640625 -0.23046880 / 0.00000000 0.00000000 1.00000000 0.00000000 / 16 16 17 16 / 160 198 239 255 / 0.07105979 0.99739370 0.01249811 1.00000000 / 0.20874020 0.34623720 / 0.0 0.0
				0.08251953 0.02978515 0.71142580 / 0.97265620 0.04687500 -0.23046880 / 0.00000000 0.00000000 1.00000000 0.00000000 / 16 16 17 16 / 156 170 231 255 / -0.04747796 0.99886830 0.00280483 1.00000000 / 0.21307370 0.31604000 / 0.0 0.0
				0.08203125 0.04199219 0.70800780 / 0.98828130 0.04296875 -0.15625000 / 0.00000000 0.00000000 1.00000000 0.00000000 / 16 16 17 16 / 157 197 233 255 / -0.05954783 0.99287880 -0.10317870 1.00000000 / 0.23535160 0.32609560 / 0.0 0.0
				0.07812500 0.04443359 0.68847660 / 0.96875000 0.12109380 -0.22656250 / 0.00000000 0.00000000 1.00000000 0.00000000 / 16 16 17 16 / 157 175 234 255 / -0.19219030 0.92493630 -0.32795690 1.00000000 / 0.24258420 0.37496950 / 0.0 0.0
				0.07568359 0.03906250 0.67724610 / 0.94531250 0.26953130 -0.17578120 / 0.00000000 0.00000000 1.00000000 0.00000000 / 16 16 17 16 / 158 86 236 255 / -0.31190920 0.90556860 -0.28750330 1.00000000 / 0.23867800 0.40776060 / 0.0 0.0
				0.07568359 0.04638672 0.68115230 / 0.96093750 0.15234370 -0.23437500 / 0.00000000 0.00000000 1.00000000 0.00000000 / 16 16 17 16 / 158 139 234 255 / -0.18470010 0.97501370 -0.12342650 1.00000000 / 0.24922180 0.39358520 / 0.0 0.0
				0.08105468 0.05957031 0.71142580 / 0.91406250 0.39062500 -0.11328120 / 0.00000000 0.00000000 1.00000000 0.00000000 / 16 16 17 16 / 160 214 237 255 / -0.39395320 0.91908330 -0.00932156 1.00000000 / 0.26989750 0.30812070 / 0.0 0.0
				0.08251953 0.04833984 0.71728520 / 0.99218750 0.11328120 -0.02734375 / 0.00000000 0.00000000 1.00000000 0.00000000 / 16 16 17 16 / 158 189 236 255 / -0.11500450 0.99098190 -0.06876656 1.00000000 / 0.25038150 0.29541020 / 0.0 0.0
				0.07861328 0.06494140 0.72705080 / 0.86328130 0.50000000 0.02734375 / 0.00000000 0.00000000 1.00000000 0.00000000 / 16 16 17 16 / 162 204 240 255 / -0.50111790 0.86536370 -0.00515699 1.00000000 / 0.28538510 0.26652530 / 0.0 0.0
				0.08300782 0.03564453 0.72119140 / 0.97656250 0.12109380 -0.17578120 / 0.00000000 0.00000000 1.00000000 0.00000000 / 16 16 17 16 / 157 149 233 255 / -0.11368720 0.99216440 0.05181775 1.00000000 / 0.22647090 0.28593440 / 0.0 0.0
				0.08349610 0.04589844 0.72900390 / 0.96875000 0.20312500 -0.13671870 / 0.00000000 0.00000000 1.00000000 0.00000000 / 16 16 17 16 / 159 146 237 255 / -0.20886580 0.97755350 -0.02764538 1.00000000 / 0.25067140 0.26560970 / 0.0 0.0
				0.08544922 0.02636719 0.72607420 / 0.98828130 0.07031250 -0.12890630 / 0.00000000 0.00000000 1.00000000 0.00000000 / 16 16 17 16 / 158 109 236 255 / -0.06170107 0.99563550 0.07002161 1.00000000 / 0.21151730 0.26766970 / 0.0 0.0
				0.08740234 0.04003906 0.73730470 / 0.97656250 0.14453130 -0.14843750 / 0.00000000 0.00000000 1.00000000 0.00000000 / 16 16 17 16 / 161 101 240 255 / -0.13827130 0.98895280 0.05341761 1.00000000 / 0.24073790 0.23995970 / 0.0 0.0
				0.08007813 0.06201172 0.73681640 / 0.89453130 0.44140630 -0.07031250 / 0.00000000 0.00000000 1.00000000 0.00000000 / 16 16 17 16 / 162 163 242 255 / -0.44205070 0.89696200 0.00709927 1.00000000 / 0.28472900 0.23982240 / 0.0 0.0
				0.08691406 0.01757812 0.73632810 / 0.99218750 -0.10546870 0.04687500 / 0.00000000 0.00000000 1.00000000 0.00000000 / 16 16 17 16 / 162 64 242 255 / 0.10611270 0.99431260 -0.00908010 1.00000000 / 0.19953920 0.23811340 / 0.0 0.0
				0.08007813 -0.01318359 0.74121100 / 0.90234380 -0.39062500 0.18750000 / 0.00000000 0.00000000 1.00000000 0.00000000 / 16 16 17 16 / 166 33 248 255 / 0.39819640 0.91728650 -0.00500385 1.00000000 / 0.15811160 0.22973630 / 0.0 0.0
				0.08837891 0.03320312 0.74707030 / 0.99218750 0.03125000 0.12109380 / 0.00000000 0.00000000 1.00000000 0.00000000 / 16 16 17 16 / 165 61 246 255 / -0.02703105 0.99897430 -0.03632879 1.00000000 / 0.22763060 0.20925900 / 0.0 0.0
				0.06250000 -0.03906250 0.75097650 / 0.77343750 -0.56640620 0.28515620 / 0.00000000 0.00000000 1.00000000 0.00000000 / 16 16 17 16 / 170 12 254 255 / 0.59673080 0.80203850 -0.02543056 1.00000000 / 0.10433960 0.20814510 / 0.0 0.0
				0.08398437 0.00683594 0.75292970 / 0.93359370 -0.26562500 0.23828120 / 0.00000000 0.00000000 1.00000000 0.00000000 / 16 16 17 16 / 168 32 251 255 / 0.28251600 0.95849220 -0.03843807 1.00000000 / 0.18815610 0.20355220 / 0.0 0.0
				0.07031250 -0.01757812 0.75830080 / 0.83203120 -0.40234370 0.37890620 / 0.00000000 0.00000000 1.00000000 0.00000000 / 16 16 17 16 / 171 15 255 255 / 0.45223090 0.89064750 -0.04726826 1.00000000 / 0.14134220 0.19235230 / 0.0 0.0
				0.06005860 -0.03417969 0.76318360 / 0.60546880 -0.60156250 0.52343750 / 0.00000000 0.00000000 1.00000000 0.00000000 / 16 16 17 16 / 174 6 255 255 / 0.67062460 0.73819390 0.07302325 1.00000000 / 0.11068730 0.18133540 / 0.0 0.0
				0.03710938 -0.04443359 0.77001950 / 0.30078130 -0.72265620 0.62109380 / 0.00000000 0.00000000 1.00000000 0.00000000 / 16 16 17 16 / 176 3 255 255 / 0.81389910 0.53452070 0.22771890 1.00000000 / 0.07681274 0.15625000 / 0.0 0.0
				0.06347657 -0.02246094 0.76757810 / 0.70312500 -0.39453130 0.59375000 / 0.00000000 0.00000000 1.00000000 0.00000000 / 16 16 17 16 / 174 8 255 255 / 0.51604310 0.85549830 -0.04268634 1.00000000 / 0.13005070 0.17178350 / 0.0 0.0
				0.00781250 -0.03955078 0.78173830 / 0.08593750 -0.65625000 0.75000000 / 0.00000000 0.00000000 1.00000000 0.00000000 / 16 16 17 16 / 178 1 255 255 / 0.81507770 0.47906870 0.32579360 1.00000000 / 0.06320191 0.09359741 / 0.0 0.0
				0.00097656 -0.02197266 0.79296870 / -0.03906250 -0.50781250 0.86328130 / 0.00000000 0.00000000 1.00000000 0.00000000 / 16 16 17 16 / 179 1 255 255 / 0.71340470 0.58937000 0.37907330 1.00000000 / 0.11761480 0.04769898 / 0.0 0.0
				0.05322266 -0.02783203 0.77490230 / 0.58984370 -0.46875000 0.65625000 / 0.00000000 0.00000000 1.00000000 0.00000000 / 16 16 17 16 / 177 3 255 255 / 0.58321150 0.81047940 0.05465586 1.00000000 / 0.11810300 0.15005490 / 0.0 0.0
				0.00830078 -0.02148437 0.79394530 / -0.01171875 -0.49609370 0.86718750 / 0.00000000 0.00000000 1.00000000 0.00000000 / 16 16 17 16 / 179 1 255 255 / 0.59478950 0.69427680 0.40522210 1.00000000 / 0.12312320 0.06016541 / 0.0 0.0
				0.00244141 -0.00097656 0.80371090 / -0.08203125 -0.33593750 0.93750000 / 0.00000000 0.00000000 1.00000000 0.00000000 / 16 16 17 16 / 180 5 255 255 / 0.42505540 0.83966000 0.33808140 1.00000000 / 0.19839480 0.02685547 / 0.0 0.0
				0.03222656 -0.03515625 0.78222660 / 0.15234370 -0.66015630 0.73437500 / 0.00000000 0.00000000 1.00000000 0.00000000 / 16 16 17 16 / 178 1 255 255 / 0.70242110 0.59561690 0.38967290 1.00000000 / 0.09249878 0.12278750 / 0.0 0.0
				0.00927734 -0.00048828 0.80419920 / 0.00000000 -0.29687500 0.95312500 / 0.00000000 0.00000000 1.00000000 0.00000000 / 16 16 17 16 / 180 5 255 255 / 0.39624160 0.87659420 0.27308480 1.00000000 / 0.19625850 0.03791809 / 0.0 0.0
				0.02880859 -0.02001953 0.79443360 / 0.06250000 -0.51171880 0.85546880 / 0.00000000 0.00000000 1.00000000 0.00000000 / 16 16 17 16 / 179 2 255 255 / 0.58310870 0.71526670 0.38519850 1.00000000 / 0.13146970 0.08943176 / 0.0 0.0
				0.00244141 0.03466797 0.81103520 / -0.08593750 -0.07812500 0.99218750 / 0.00000000 0.00000000 1.00000000 0.00000000 / 16 16 17 16 / 180 12 255 255 / 0.08063835 0.99309610 0.08519247 1.00000000 / 0.30055240 0.01005554 / 0.0 0.0
				0.04296875 -0.03173828 0.78173830 / 0.48046870 -0.55859380 0.67578120 / 0.00000000 0.00000000 1.00000000 0.00000000 / 16 16 17 16 / 178 1 255 255 / 0.68625730 0.71947560 0.10679760 1.00000000 / 0.10530090 0.13642880 / 0.0 0.0
				0.03710938 -0.01806641 0.79394530 / 0.44921870 -0.37109380 0.81250000 / 0.00000000 0.00000000 1.00000000 0.00000000 / 16 16 17 16 / 178 2 255 255 / 0.53886250 0.83810910 0.08485539 1.00000000 / 0.13694760 0.10224910 / 0.0 0.0
				0.02832031 0.00146484 0.80419920 / 0.16796870 -0.30078130 0.93750000 / 0.00000000 0.00000000 1.00000000 0.00000000 / 16 16 17 16 / 179 5 255 255 / 0.42698160 0.88051380 0.20586960 1.00000000 / 0.19203190 0.07089233 / 0.0 0.0
				0.04443359 -0.01611328 0.78808600 / 0.66015630 -0.23046880 0.71484380 / 0.00000000 0.00000000 1.00000000 0.00000000 / 16 16 17 16 / 178 2 255 255 / 0.50788070 0.83817550 -0.19879350 1.00000000 / 0.14242550 0.11506650 / 0.0 0.0
				0.05371094 -0.01074219 0.78076170 / 0.53906250 -0.20703130 0.81640630 / 0.00000000 0.00000000 1.00000000 0.00000000 / 16 16 17 16 / 178 3 255 255 / 0.35257860 0.93577130 0.00450118 1.00000000 / 0.15229800 0.12721250 / 0.0 0.0
				0.04150391 0.00439453 0.79443360 / 0.67187500 -0.17187500 0.71875000 / 0.00000000 0.00000000 1.00000000 0.00000000 / 16 16 17 16 / 179 5 255 255 / 0.40478390 0.89972580 -0.16322860 1.00000000 / 0.19264220 0.09162903 / 0.0 0.0
				0.03564453 0.00292969 0.80029290 / 0.58593750 -0.19531250 0.78906250 / 0.00000000 0.00000000 1.00000000 0.00000000 / 16 16 17 16 / 179 5 255 255 / 0.43767310 0.89310550 -0.10394580 1.00000000 / 0.19233700 0.08126831 / 0.0 0.0
				0.05566406 -0.00927734 0.78173830 / 0.52343750 -0.37109380 0.76562500 / 0.00000000 0.00000000 1.00000000 0.00000000 / 16 16 17 16 / 178 5 255 255 / 0.49465610 0.86528380 0.08123479 1.00000000 / 0.15585330 0.13391110 / 0.0 0.0
				0.02978515 0.02685547 0.80957030 / 0.20703130 -0.13671870 0.96875000 / 0.00000000 0.00000000 1.00000000 0.00000000 / 16 16 17 16 / 179 12 255 255 / 0.17945760 0.97869340 0.09977037 1.00000000 / 0.26387020 0.05545044 / 0.0 0.0
				0.06738281 -0.00537109 0.77490230 / 0.67187500 -0.39453130 0.62890620 / 0.00000000 0.00000000 1.00000000 0.00000000 / 16 16 17 16 / 176 8 255 255 / 0.55613580 0.82770590 -0.07494074 1.00000000 / 0.16294860 0.14718630 / 0.0 0.0
				0.05859375 0.00830078 0.78710940 / 0.29296880 -0.31640630 0.90234380 / 0.00000000 0.00000000 1.00000000 0.00000000 / 16 16 17 16 / 179 6 255 255 / 0.55513260 0.82460160 0.10890430 1.00000000 / 0.19664000 0.12103270 / 0.0 0.0
				0.07519531 -0.00048828 0.76611330 / 0.81640630 -0.38281250 0.43359380 / 0.00000000 0.00000000 1.00000000 0.00000000 / 16 16 17 16 / 172 16 255 255 / 0.43725620 0.89884400 -0.02977373 1.00000000 / 0.17247010 0.16688540 / 0.0 0.0
				0.06982422 0.01220703 0.78271480 / 0.62890620 -0.31640630 0.70703130 / 0.00000000 0.00000000 1.00000000 0.00000000 / 16 16 17 16 / 177 9 255 255 / 0.52003900 0.85019850 -0.08198630 1.00000000 / 0.20075990 0.13192750 / 0.0 0.0
				0.07812500 0.01611328 0.77490230 / 0.84375000 -0.23437500 0.48046870 / 0.00000000 0.00000000 1.00000000 0.00000000 / 16 16 17 16 / 174 16 255 255 / 0.33924320 0.92990520 -0.14209340 1.00000000 / 0.20581060 0.14773560 / 0.0 0.0
				0.05322266 0.00781250 0.78515620 / 0.43750000 -0.20312500 0.87500000 / 0.00000000 0.00000000 1.00000000 0.00000000 / 16 16 17 16 / 179 5 255 255 / 0.46865100 0.88290500 -0.02906872 1.00000000 / 0.19554140 0.11375430 / 0.0 0.0
				0.06347657 0.02392578 0.78955080 / 0.17968750 -0.06250000 0.98046870 / 0.00000000 0.00000000 1.00000000 0.00000000 / 16 16 17 16 / 179 11 255 255 / 0.49787780 0.86650020 -0.03598648 1.00000000 / 0.23739620 0.10729980 / 0.0 0.0
				0.07080078 0.02734375 0.78515620 / 0.64453120 -0.05468750 0.76562500 / 0.00000000 0.00000000 1.00000000 0.00000000 / 16 16 17 16 / 178 12 255 255 / 0.34357370 0.91204590 -0.22389630 1.00000000 / 0.23843380 0.11723330 / 0.0 0.0
				0.08447265 0.02392578 0.76416020 / 0.94921880 -0.02734375 0.31640630 / 0.00000000 0.00000000 1.00000000 0.00000000 / 16 16 17 16 / 170 30 254 255 / 0.05584297 0.99509030 -0.08171257 1.00000000 / 0.21322630 0.17498780 / 0.0 0.0
				0.07519531 0.02978515 0.77929690 / 0.83593750 -0.00781250 0.55078120 / 0.00000000 0.00000000 1.00000000 0.00000000 / 16 16 17 16 / 176 18 255 255 / 0.11397750 0.98065130 -0.15916120 1.00000000 / 0.24009700 0.12551880 / 0.0 0.0
				0.07177734 0.03564453 0.78417970 / 0.72265620 0.17968750 0.66796880 / 0.00000000 0.00000000 1.00000000 0.00000000 / 16 16 17 16 / 177 20 255 255 / -0.16976450 0.98218160 -0.08061827 1.00000000 / 0.25743100 0.11575320 / 0.0 0.0
				0.08105468 0.04003906 0.77148440 / 0.87500000 0.14453130 0.46093750 / 0.00000000 0.00000000 1.00000000 0.00000000 / 16 16 17 16 / 172 32 255 255 / -0.18369660 0.98214070 0.04068399 1.00000000 / 0.25361630 0.15525820 / 0.0 0.0
				0.08251953 0.05126953 0.75781250 / 0.92578120 0.25000000 0.28125000 / 0.00000000 0.00000000 1.00000000 0.00000000 / 16 16 17 16 / 168 66 251 255 / -0.27918980 0.95787160 0.06734323 1.00000000 / 0.26936340 0.18269350 / 0.0 0.0
				0.06689453 0.04150391 0.78613280 / 0.29296880 0.29296880 0.91015630 / 0.00000000 0.00000000 1.00000000 0.00000000 / 16 16 17 16 / 177 20 255 255 / -0.18304850 0.95147790 -0.24735180 1.00000000 / 0.27006530 0.10867310 / 0.0 0.0
				0.07470703 0.04931641 0.77490230 / 0.73046870 0.37500000 0.57031250 / 0.00000000 0.00000000 1.00000000 0.00000000 / 16 16 17 16 / 174 36 255 255 / -0.43705150 0.89889240 -0.03128015 1.00000000 / 0.27633670 0.14546200 / 0.0 0.0
				0.08300782 0.05810547 0.74511720 / 0.88671870 0.45312500 0.09375000 / 0.00000000 0.00000000 1.00000000 0.00000000 / 16 16 17 16 / 164 113 243 255 / -0.46069280 0.88296070 0.09023669 1.00000000 / 0.28315730 0.21994020 / 0.0 0.0
				0.07470703 0.06201172 0.76367180 / 0.74609370 0.54296870 0.38281250 / 0.00000000 0.00000000 1.00000000 0.00000000 / 16 16 17 16 / 170 68 254 255 / -0.62237440 0.77429460 0.11453440 1.00000000 / 0.30120850 0.17860410 / 0.0 0.0
				0.06787109 0.05712891 0.77539060 / 0.52343750 0.48046870 0.70703130 / 0.00000000 0.00000000 1.00000000 0.00000000 / 16 16 17 16 / 174 38 255 255 / -0.59366080 0.79812790 -0.10275610 1.00000000 / 0.29643250 0.13681030 / 0.0 0.0
				0.05566406 0.02392578 0.78808600 / 0.34765630 -0.01953125 0.93750000 / 0.00000000 0.00000000 1.00000000 0.00000000 / 16 16 17 16 / 179 10 255 255 / 0.32587780 0.93997250 -0.10126860 1.00000000 / 0.23857120 0.09985352 / 0.0 0.0
				0.05859375 0.04541016 0.78515620 / 0.69140620 0.09375000 0.71875000 / 0.00000000 0.00000000 1.00000000 0.00000000 / 16 16 17 16 / 177 19 255 255 / -0.19651420 0.97855420 0.06175540 1.00000000 / 0.28437800 0.10104370 / 0.0 0.0
				0.04443359 0.02441406 0.79785150 / 0.71093750 -0.19140620 0.67968750 / 0.00000000 0.00000000 1.00000000 0.00000000 / 16 16 17 16 / 178 11 255 255 / 0.30099700 0.95247950 -0.04673000 1.00000000 / 0.24757390 0.07775879 / 0.0 0.0
				0.05761719 0.06835937 0.77636720 / 0.86718750 0.29296880 0.40625000 / 0.00000000 0.00000000 1.00000000 0.00000000 / 16 16 17 16 / 173 38 255 255 / -0.40832520 0.88181630 0.23594620 1.00000000 / 0.31852720 0.13085940 / 0.0 0.0
				0.03759766 0.02539063 0.80468750 / 0.61328130 -0.18359380 0.76953130 / 0.00000000 0.00000000 1.00000000 0.00000000 / 16 16 17 16 / 178 11 255 255 / 0.23601510 0.97077430 0.04352342 1.00000000 / 0.25572200 0.06660461 / 0.0 0.0
				0.05371094 0.05273437 0.79736330 / 0.84375000 -0.03515625 0.53515630 / 0.00000000 0.00000000 1.00000000 0.00000000 / 16 16 17 16 / 176 19 255 255 / -0.17589300 0.92453360 0.33808160 1.00000000 / 0.30427550 0.08749390 / 0.0 0.0
				0.04492187 0.06054688 0.80615240 / 0.60546880 0.06640625 0.79296870 / 0.00000000 0.00000000 1.00000000 0.00000000 / 16 16 17 16 / 177 19 255 255 / -0.36528840 0.90852660 0.20283940 1.00000000 / 0.32392880 0.07894898 / 0.0 0.0
				0.05419922 0.08007813 0.78808600 / 0.87890620 0.29687500 0.37109380 / 0.00000000 0.00000000 1.00000000 0.00000000 / 16 16 17 16 / 172 38 255 255 / -0.43550330 0.81703090 0.37788540 1.00000000 / 0.34329220 0.12406920 / 0.0 0.0
				0.06591797 0.06884766 0.76562500 / 0.64843750 0.63281250 0.42187500 / 0.00000000 0.00000000 1.00000000 0.00000000 / 16 16 17 16 / 170 72 252 255 / -0.68077330 0.73079340 -0.04988746 1.00000000 / 0.32281490 0.17483520 / 0.0 0.0
				0.05419922 0.08056641 0.76708980 / 0.87500000 0.46093750 0.14453130 / 0.00000000 0.00000000 1.00000000 0.00000000 / 16 16 17 16 / 169 72 251 255 / -0.47950590 0.86627880 0.14012570 1.00000000 / 0.34924320 0.16258240 / 0.0 0.0
				0.06933594 0.06835937 0.75878910 / 0.64453120 0.75781250 0.09375000 / 0.00000000 0.00000000 1.00000000 0.00000000 / 16 16 17 16 / 168 99 249 255 / -0.75904260 0.65003050 -0.03625605 1.00000000 / 0.31546020 0.19169620 / 0.0 0.0
				0.05712891 0.07812500 0.75976560 / 0.70312500 0.70312500 0.09765625 / 0.00000000 0.00000000 1.00000000 0.00000000 / 16 16 17 16 / 167 117 248 255 / -0.70068870 0.71024880 -0.06769068 1.00000000 / 0.34634400 0.18397520 / 0.0 0.0
				0.07324219 0.06494140 0.74804690 / 0.64062500 0.76171880 0.10156250 / 0.00000000 0.00000000 1.00000000 0.00000000 / 16 16 17 16 / 165 150 246 255 / -0.76550950 0.64341750 0.00303953 1.00000000 / 0.30627440 0.21412660 / 0.0 0.0
				0.07080078 0.07080078 0.73437500 / 0.69140620 0.70703130 0.15625000 / 0.00000000 0.00000000 1.00000000 0.00000000 / 16 16 17 16 / 165 208 245 255 / -0.71919360 0.69335170 0.04498897 1.00000000 / 0.30889890 0.24560550 / 0.0 0.0
				0.06201172 0.07470703 0.75244140 / 0.72265620 0.66796880 0.17187500 / 0.00000000 0.00000000 1.00000000 0.00000000 / 16 16 17 16 / 166 165 248 255 / -0.68243750 0.73026170 0.03157508 1.00000000 / 0.33581540 0.20506290 / 0.0 0.0
				0.06298828 0.07714844 0.74121100 / 0.81250000 0.53906250 0.22265630 / 0.00000000 0.00000000 1.00000000 0.00000000 / 16 16 17 16 / 167 204 248 255 / -0.55740020 0.82987160 0.02486140 1.00000000 / 0.33114620 0.23110960 / 0.0 0.0
				0.05517578 0.08300782 0.75537110 / 0.80859380 0.55468750 0.19921870 / 0.00000000 0.00000000 1.00000000 0.00000000 / 16 16 17 16 / 167 161 249 255 / -0.56110680 0.82733080 -0.02613190 1.00000000 / 0.35624700 0.19750980 / 0.0 0.0
				0.05517578 0.09082031 0.74316400 / 0.83203120 0.46093750 0.31250000 / 0.00000000 0.03921569 0.96078430 0.00000000 / 16 24 17 16 / 170 209 252 255 / -0.47680110 0.87861200 -0.02649045 1.00000000 / 0.35910030 0.22724910 / 0.0 0.0
				0.05468750 0.08642578 0.74951170 / 0.80859380 0.50000000 0.30859370 / 0.00000000 0.00000000 1.00000000 0.00000000 / 16 16 17 16 / 169 200 251 255 / -0.51840130 0.85472530 -0.02654761 1.00000000 / 0.35914610 0.21113590 / 0.0 0.0
				0.04687500 0.10058590 0.74707030 / 0.71484380 0.56640620 0.40625000 / 0.00000000 0.02352941 0.97647060 0.00000000 / 16 24 17 16 / 171 209 255 255 / -0.62379320 0.78154980 0.00787739 1.00000000 / 0.38644410 0.21691890 / 0.0 0.0
				0.04589844 0.09765625 0.75292970 / 0.71484380 0.60937500 0.34765630 / 0.00000000 0.00000000 1.00000000 0.00000000 / 16 16 17 16 / 170 203 252 255 / -0.64716090 0.76233420 -0.00540799 1.00000000 / 0.38679500 0.20109560 / 0.0 0.0
				0.04541016 0.09570313 0.75878910 / 0.76953130 0.60546880 0.20703130 / 0.00000000 0.00000000 1.00000000 0.00000000 / 16 16 17 16 / 167 172 249 255 / -0.60912420 0.79147680 -0.05032009 1.00000000 / 0.38656620 0.18513490 / 0.0 0.0
				0.05273437 0.08496094 0.76220700 / 0.83593750 0.54687500 0.01953125 / 0.00000000 0.00000000 1.00000000 0.00000000 / 16 16 17 16 / 167 113 248 255 / -0.54742540 0.83485890 0.05776007 1.00000000 / 0.36085510 0.17659000 / 0.0 0.0
				0.04492187 0.09570313 0.76562500 / 0.72265620 0.68750000 0.05078125 / 0.00000000 0.00000000 1.00000000 0.00000000 / 16 16 17 16 / 166 120 248 255 / -0.68775430 0.72521500 -0.03251424 1.00000000 / 0.39044190 0.16868590 / 0.0 0.0
				0.04931641 0.09179687 0.77587890 / 0.74609370 0.65234380 0.14062500 / 0.00000000 0.00000000 1.00000000 0.00000000 / 16 16 17 16 / 168 71 251 255 / -0.66500200 0.74170000 0.08748358 1.00000000 / 0.37457280 0.15248110 / 0.0 0.0
				0.03906250 0.10107420 0.76025390 / 0.57421870 0.80078130 0.17578120 / 0.00000000 0.00000000 1.00000000 0.00000000 / 16 16 17 16 / 167 165 248 255 / -0.81039730 0.58552970 -0.02027507 1.00000000 / 0.40370180 0.18089290 / 0.0 0.0
				0.03662109 0.10058590 0.76806640 / 0.58203120 0.80859380 0.08203125 / 0.00000000 0.00000000 1.00000000 0.00000000 / 16 16 17 16 / 166 113 248 255 / -0.80695890 0.58723910 -0.06298978 1.00000000 / 0.41275020 0.16410830 / 0.0 0.0
				0.04345703 0.08789062 0.79589850 / 0.65625000 0.48437500 0.57812500 / 0.00000000 0.00000000 1.00000000 0.00000000 / 16 16 17 16 / 173 37 255 255 / -0.65387850 0.74768730 0.11578750 1.00000000 / 0.36950680 0.11479190 / 0.0 0.0
				0.03710938 0.09960938 0.78222660 / 0.60546880 0.76171880 0.23828120 / 0.00000000 0.00000000 1.00000000 0.00000000 / 16 16 17 16 / 168 69 251 255 / -0.75146250 0.64328980 -0.14656910 1.00000000 / 0.40246580 0.13946530 / 0.0 0.0
				0.03515625 0.06835937 0.81054680 / 0.23437500 0.13671870 0.96093750 / 0.00000000 0.00000000 1.00000000 0.00000000 / 16 16 17 16 / 178 20 255 255 / -0.40500210 0.91378730 -0.03108315 1.00000000 / 0.34036260 0.06910705 / 0.0 0.0
				0.03125000 0.09570313 0.80126950 / 0.48828130 0.63281250 0.60156250 / 0.00000000 0.00000000 1.00000000 0.00000000 / 16 16 17 16 / 174 39 255 255 / -0.68429640 0.70503520 -0.18618190 1.00000000 / 0.39624020 0.10423280 / 0.0 0.0
				0.02685547 0.10693360 0.78271480 / 0.54687500 0.82031250 0.17578120 / 0.00000000 0.00000000 1.00000000 0.00000000 / 16 16 17 16 / 169 72 251 255 / -0.77037460 0.57334820 -0.27891720 1.00000000 / 0.42622380 0.13160710 / 0.0 0.0
				0.00976563 0.03369141 0.81201170 / 0.03515625 -0.06640625 0.99609380 / 0.00000000 0.00000000 1.00000000 0.00000000 / 16 16 17 16 / 180 12 255 255 / 0.06093540 0.99606860 0.06429794 1.00000000 / 0.29248050 0.02043152 / 0.0 0.0
				0.01123047 0.08300782 0.81152340 / 0.04687500 0.14453130 0.98828130 / 0.00000000 0.00000000 1.00000000 0.00000000 / 16 16 17 16 / 178 26 255 255 / -0.33412620 0.93474790 -0.12085590 1.00000000 / 0.37983700 0.03063965 / 0.0 0.0
				0.00292969 0.08496094 0.81054680 / -0.17187500 0.25390630 0.95312500 / 0.00000000 0.00000000 1.00000000 0.00000000 / 16 16 17 16 / 179 26 255 255 / -0.42366580 0.85330060 -0.30394980 1.00000000 / 0.38761900 0.01792908 / 0.0 0.0
				0.01513672 0.10498050 0.80126950 / 0.26171870 0.52734370 0.80859380 / 0.00000000 0.00000000 1.00000000 0.00000000 / 16 16 17 16 / 174 44 255 255 / -0.62315550 0.73192590 -0.27561170 1.00000000 / 0.43190000 0.08634949 / 0.0 0.0
				0.00830078 0.10791020 0.79931640 / 0.05859375 0.65625000 0.75000000 / 0.00000000 0.00000000 1.00000000 0.00000000 / 16 16 17 16 / 174 46 255 255 / -0.67960920 0.57753660 -0.45230840 1.00000000 / 0.46452330 0.07696533 / 0.0 0.0
				0.00097656 0.11035160 0.79687500 / -0.21875000 0.69921880 0.67968750 / 0.00000000 0.00000000 1.00000000 0.00000000 / 16 16 17 16 / 174 48 255 255 / -0.95607740 -0.01450564 -0.29275500 1.00000000 / 0.50003050 0.06846618 / 0.0 0.0
				0.01367187 0.11523440 0.78173830 / 0.43359380 0.83984370 0.33203120 / 0.00000000 0.00000000 1.00000000 0.00000000 / 16 16 17 16 / 168 77 251 255 / -0.72571080 0.54214900 -0.42357800 1.00000000 / 0.45127870 0.12115480 / 0.0 0.0
				0.00732422 0.11865230 0.78027340 / 0.27343750 0.91015630 0.31250000 / 0.00000000 0.00000000 1.00000000 0.00000000 / 16 16 17 16 / 167 82 249 255 / -0.81426790 0.39170690 -0.42840810 1.00000000 / 0.47102360 0.11599730 / 0.0 0.0
				0.01416016 0.11523440 0.77099610 / 0.47656250 0.87500000 -0.07031250 / 0.00000000 0.00000000 1.00000000 0.00000000 / 16 16 17 16 / 163 121 243 255 / -0.84385200 0.43419060 -0.31526530 1.00000000 / 0.46151730 0.14663700 / 0.0 0.0
				0.02734375 0.10742190 0.77099610 / 0.51171880 0.85937500 -0.00781250 / 0.00000000 0.00000000 1.00000000 0.00000000 / 16 16 17 16 / 165 116 246 255 / -0.84975310 0.50459980 -0.15263960 1.00000000 / 0.43554690 0.15780640 / 0.0 0.0
				0.00732422 0.11767580 0.77001950 / 0.31640630 0.93359370 -0.16796870 / 0.00000000 0.00000000 1.00000000 0.00000000 / 16 16 17 16 / 161 128 240 255 / -0.92892390 0.26905600 -0.25437990 1.00000000 / 0.47743220 0.14248660 / 0.0 0.0
				0.02832031 0.10644530 0.76269530 / 0.44531250 0.88671870 0.12109380 / 0.00000000 0.00000000 1.00000000 0.00000000 / 16 16 17 16 / 166 169 246 255 / -0.88253140 0.45785310 -0.10727900 1.00000000 / 0.42919920 0.17427060 / 0.0 0.0
				0.00048828 0.12109380 0.77880860 / -0.03515625 0.97265620 0.23046880 / 0.00000000 0.00000000 1.00000000 0.00000000 / 16 16 17 16 / 167 86 248 255 / -0.99029210 -0.00286712 -0.13897210 1.00000000 / 0.49996950 0.11286930 / 0.0 0.0
				0.01562500 0.11230470 0.76367180 / 0.41406250 0.91015630 -0.01171875 / 0.00000000 0.00000000 1.00000000 0.00000000 / 16 16 17 16 / 163 173 243 255 / -0.89832550 0.40653560 -0.16655310 1.00000000 / 0.46044920 0.16648870 / 0.0 0.0
				0.01025391 0.11474610 0.76367180 / 0.33984380 0.92968750 -0.12500000 / 0.00000000 0.00000000 1.00000000 0.00000000 / 16 16 17 16 / 161 176 240 255 / -0.93558940 0.32261580 -0.14349700 1.00000000 / 0.47389220 0.16406250 / 0.0 0.0
				0.03808594 0.10400390 0.75439450 / 0.51562500 0.78515620 0.34375000 / 0.00000000 0.00000000 1.00000000 0.00000000 / 16 16 17 16 / 170 204 252 255 / -0.82740680 0.56027360 -0.03861884 1.00000000 / 0.40646360 0.19648740 / 0.0 0.0
				0.02832031 0.10839840 0.75537110 / 0.38281250 0.87109370 0.31640630 / 0.00000000 0.00000000 1.00000000 0.00000000 / 16 16 17 16 / 169 205 252 255 / -0.90056810 0.42643500 -0.08444113 1.00000000 / 0.42999270 0.19180300 / 0.0 0.0
				0.03759766 0.10791020 0.74853510 / 0.51171880 0.72656250 0.46093750 / 0.00000000 0.03529412 0.96470590 0.00000000 / 16 24 17 16 / 172 210 255 255 / -0.81561070 0.57856470 -0.00647911 1.00000000 / 0.40969850 0.21362300 / 0.0 0.0
				0.01660156 0.11279300 0.75537110 / 0.30859370 0.90234380 0.29687500 / 0.00000000 0.00000000 1.00000000 0.00000000 / 16 16 17 16 / 167 206 249 255 / -0.93510770 0.34559240 -0.07835479 1.00000000 / 0.45845030 0.18931580 / 0.0 0.0
				0.02734375 0.11230470 0.74853510 / 0.30859370 0.82031250 0.48046870 / 0.00000000 0.02352941 0.97647060 0.00000000 / 16 24 17 16 / 172 211 255 255 / -0.92198330 0.38243220 -0.06076494 1.00000000 / 0.43345640 0.21150210 / 0.0 0.0
				0.03759766 0.11230470 0.74169920 / 0.48046870 0.75000000 0.45703120 / 0.00000000 0.14901960 0.85098040 0.00000000 / 16 24 17 16 / 173 213 255 255 / -0.85107310 0.52387320 0.03509145 1.00000000 / 0.41192630 0.23286440 / 0.0 0.0
				0.01123047 0.11474610 0.75488280 / 0.30078130 0.92968750 0.21484370 / 0.00000000 0.00000000 1.00000000 0.00000000 / 16 16 17 16 / 166 207 248 255 / -0.94748370 0.31674700 -0.04411432 1.00000000 / 0.47227480 0.18931580 / 0.0 0.0
				0.01708984 0.11621090 0.74707030 / 0.23046880 0.86328130 0.45312500 / 0.00000000 0.01960784 0.98039220 0.00000000 / 16 24 17 16 / 171 212 255 255 / -0.94802620 0.30339240 -0.09591303 1.00000000 / 0.45812990 0.21337890 / 0.0 0.0
				0.02685547 0.11718750 0.74121100 / 0.28515620 0.82031250 0.49218750 / 0.00000000 0.12156860 0.87843140 0.00000000 / 16 24 17 16 / 173 213 255 255 / -0.93280140 0.35639310 -0.05353068 1.00000000 / 0.43713380 0.23381040 / 0.0 0.0
				0.04736328 0.10888670 0.73339840 / 0.65625000 0.61718750 0.43359380 / 0.00000000 0.21176470 0.78823530 0.00000000 / 16 24 17 16 / 172 214 255 255 / -0.69735000 0.71579770 0.03656092 1.00000000 / 0.38652040 0.25146480 / 0.0 0.0
				0.03759766 0.11621090 0.73486330 / 0.47265620 0.74218750 0.47656250 / 0.00000000 0.20000000 0.80000000 0.00000000 / 16 24 17 16 / 173 214 255 255 / -0.85643590 0.51391730 0.04905704 1.00000000 / 0.41337590 0.25019840 / 0.0 0.0
				0.02636719 0.12158200 0.73486330 / 0.26562500 0.82812500 0.49218750 / 0.04705882 0.14901960 0.80392160 0.00000000 / 18 24 17 16 / 173 214 255 255 / -0.93872880 0.33877550 -0.06339792 1.00000000 / 0.43965150 0.25117490 / 0.0 0.0
				0.01660156 0.12060550 0.73974610 / 0.16796870 0.85937500 0.48437500 / 0.00000000 0.08235295 0.91764700 0.00000000 / 16 24 17 16 / 173 214 255 255 / -0.94418130 0.28123260 -0.17155170 1.00000000 / 0.46051020 0.23429870 / 0.0 0.0
				0.02539063 0.12646480 0.72656250 / 0.23046880 0.86328130 0.44921870 / 0.00784314 0.21960780 0.77254900 0.00000000 / 18 24 17 16 / 172 208 255 255 / -0.95476100 0.28973650 -0.06696470 1.00000000 / 0.44134520 0.26763920 / 0.0 0.0
				0.01611328 0.12451170 0.73242190 / 0.12890630 0.87890620 0.45703120 / 0.09019608 0.10196080 0.80784310 0.00000000 / 18 24 17 16 / 173 214 255 255 / -0.93914430 0.25653560 -0.22846780 1.00000000 / 0.46376040 0.25198360 / 0.0 0.0
				0.01123047 0.11816410 0.74609370 / 0.19531250 0.89062500 0.41015630 / 0.00000000 0.00784314 0.99215690 0.00000000 / 16 24 17 16 / 170 212 254 255 / -0.96646230 0.24596210 -0.07384701 1.00000000 / 0.47227480 0.21452330 / 0.0 0.0
				0.02490234 0.13085940 0.71875000 / 0.23437500 0.90625000 0.35546870 / 0.00392157 0.24705880 0.74901960 0.00000000 / 18 24 17 16 / 167 176 249 255 / -0.96299390 0.26601920 -0.04331975 1.00000000 / 0.44308470 0.28286740 / 0.0 0.0
				0.00683594 0.11572270 0.75488280 / 0.17968750 0.97265620 0.15234370 / 0.00000000 0.00000000 1.00000000 0.00000000 / 16 16 17 16 / 165 208 246 255 / -0.98276330 0.18412440 -0.01656916 1.00000000 / 0.48402410 0.19032290 / 0.0 0.0
				0.01074219 0.12255860 0.73779300 / 0.14062500 0.87890620 0.45703120 / 0.00000000 0.05098039 0.94901960 0.00000000 / 16 24 17 16 / 172 214 255 255 / -0.95337760 0.24449700 -0.17689640 1.00000000 / 0.47457890 0.23530580 / 0.0 0.0
				0.00683594 0.11962890 0.74560550 / 0.14843750 0.89843750 0.41015630 / 0.00000000 0.00000000 1.00000000 0.00000000 / 20 24 17 16 / 170 213 254 255 / -0.98445930 0.17388170 -0.02460006 1.00000000 / 0.48423770 0.21586610 / 0.0 0.0
				0.00537109 0.11621090 0.76367180 / 0.22265630 0.95312500 -0.19531250 / 0.00000000 0.00000000 1.00000000 0.00000000 / 16 16 17 16 / 160 181 239 255 / -0.97272420 0.20507160 -0.10841250 1.00000000 / 0.48619080 0.16192630 / 0.0 0.0
				0.00000000 0.11962890 0.76953130 / 0.03515625 0.96484370 -0.25781250 / 0.00000000 0.00000000 1.00000000 0.00000000 / 16 16 17 16 / 159 144 237 255 / -0.99816070 0.02122194 -0.05678827 1.00000000 / 0.50003050 0.13961790 / 0.0 0.0
				0.00000000 0.11718750 0.76367180 / 0.02734375 0.99218750 -0.12500000 / 0.00000000 0.00000000 1.00000000 0.00000000 / 16 16 17 16 / 160 185 237 255 / -0.99890110 0.02231888 -0.04121299 1.00000000 / 0.50003050 0.16081240 / 0.0 0.0
				-0.00683594 0.11865230 0.77783200 / -0.41015630 0.84375000 0.34765630 / 0.00000000 0.00000000 1.00000000 0.00000000 / 16 16 17 16 / 167 85 249 255 / -0.88633410 -0.45825620 0.06643067 1.00000000 / 0.52647400 0.11552430 / 0.0 0.0
				0.00000000 0.11669920 0.75439450 / 0.00781250 0.96484370 0.25781250 / 0.00000000 0.00000000 1.00000000 0.00000000 / 16 16 17 16 / 165 207 246 255 / -0.99953440 0.01518868 -0.02646286 1.00000000 / 0.50003050 0.19131470 / 0.0 0.0
				0.00000000 0.12060550 0.74511720 / 0.00000000 0.90625000 0.42578120 / 0.00000000 0.00392157 0.99607840 0.00000000 / 24 20 17 16 / 170 213 254 255 / -1.00000000 -0.00000662 0.00001439 1.00000000 / 0.50003050 0.21730040 / 0.0 0.0
				0.00000000 0.12500000 0.73583980 / 0.00000000 0.89062500 0.45703120 / 0.01568628 0.05098039 0.93333340 0.00000000 / 24 20 17 16 / 172 214 255 255 / -1.00000000 -0.00002454 0.00004801 1.00000000 / 0.50003050 0.23754880 / 0.0 0.0
				0.00585938 0.12402340 0.73681640 / 0.14843750 0.87109370 0.46484380 / 0.01568628 0.03137255 0.95294120 0.00000000 / 20 24 17 16 / 172 214 255 255 / -0.97139770 0.21698160 -0.09646509 1.00000000 / 0.48582460 0.23651120 / 0.0 0.0
				0.00976563 0.12646480 0.73046870 / 0.14843750 0.88671870 0.43359380 / 0.07843137 0.09803922 0.82352940 0.00000000 / 24 18 17 20 / 172 214 255 255 / -0.94122430 0.26195670 -0.21325000 1.00000000 / 0.47680670 0.25201420 / 0.0 0.0
				0.01464844 0.12890630 0.72314450 / 0.09375000 0.89843750 0.42578120 / 0.11372550 0.14509800 0.74117650 0.00000000 / 18 24 17 16 / 171 208 255 255 / -0.95933910 0.19624610 -0.20286890 1.00000000 / 0.46788020 0.27099610 / 0.0 0.0
				0.01464844 0.13232420 0.71582030 / 0.08593750 0.96093750 0.26953130 / 0.13333330 0.17254900 0.69411760 0.00000000 / 18 24 17 16 / 166 177 248 255 / -0.98786550 0.11692000 -0.10223170 1.00000000 / 0.47270200 0.28904720 / 0.0 0.0
				0.02392578 0.13281250 0.71142580 / 0.21093750 0.97656250 -0.00781250 / 0.00000000 0.24705880 0.75294120 0.00000000 / 16 24 17 16 / 159 110 236 255 / -0.97723690 0.21126960 0.01931654 1.00000000 / 0.44273380 0.29641720 / 0.0 0.0
				0.01513672 0.13330080 0.70849610 / 0.10937500 0.98437500 -0.12500000 / 0.07058824 0.18431370 0.74509810 0.00000000 / 18 24 17 16 / 157 111 233 255 / -0.99394710 0.10786260 -0.02085501 1.00000000 / 0.47103880 0.30332950 / 0.0 0.0
				0.01611328 0.13085940 0.70214850 / 0.15234370 0.90234380 -0.40625000 / 0.02745098 0.18039220 0.79215690 0.00000000 / 18 24 17 16 / 143 43 212 255 / -0.95860350 0.23453450 0.16147100 1.00000000 / 0.46078490 0.31651300 / 0.0 0.0
				0.01269531 0.13037110 0.70019530 / 0.19921870 0.85546880 -0.48046870 / 0.12156860 0.23137260 0.64705880 0.00000000 / 24 18 17 16 / 145 46 216 255 / -0.95678270 0.27533360 0.09358516 1.00000000 / 0.46737670 0.32209780 / 0.0 0.0
				0.01513672 0.12548830 0.69482420 / 0.33593750 0.65625000 -0.67187500 / 0.09019608 0.14901960 0.76078430 0.00000000 / 24 18 17 16 / 136 8 201 255 / -0.86769490 0.49465010 0.04926445 1.00000000 / 0.45698550 0.33378600 / 0.0 0.0
				0.01367187 0.12500000 0.69287110 / 0.75000000 0.59765620 -0.28125000 / 0.05490196 0.16470590 0.78039220 0.00000000 / 24 18 17 16 / 147 8 218 255 / -0.64590300 0.75384800 -0.12050930 1.00000000 / 0.45922850 0.33860780 / 0.0 0.0
				0.01660156 0.11816410 0.69042970 / 0.82031250 0.46484380 -0.33593750 / 0.00392157 0.00784314 0.98823530 0.00000000 / 24 19 17 16 / 149 0 222 255 / -0.55915080 0.77626370 -0.29114480 1.00000000 / 0.44424440 0.35021970 / 0.0 0.0
				0.01513672 0.12207030 0.68798830 / 0.88281250 0.45312500 0.11718750 / 0.01176471 0.03137255 0.95686280 0.00000000 / 19 18 17 24 / 162 0 242 255 / -0.43073080 0.88495480 -0.17699150 1.00000000 / 0.45281980 0.35308840 / 0.0 0.0
				0.01855469 0.11523440 0.69189460 / 0.80468750 0.25000000 -0.53906250 / 0.00000000 0.00784314 0.99215690 0.00000000 / 19 24 17 27 / 143 0 213 255 / -0.52169050 0.73110230 -0.43969150 1.00000000 / 0.43838500 0.35035700 / 0.0 0.0
				0.01708984 0.11962890 0.68554690 / 0.76953130 0.46093750 0.43750000 / 0.00000000 0.09803922 0.90196080 0.00000000 / 16 19 17 16 / 169 0 252 255 / -0.38742550 0.88652220 -0.25294200 1.00000000 / 0.44563290 0.36109920 / 0.0 0.0
				0.01757812 0.11669920 0.68798830 / 0.78125000 0.57031250 0.25390630 / 0.00000000 0.07058824 0.92941180 0.00000000 / 16 19 17 16 / 164 0 245 255 / -0.46895540 0.80459280 -0.36429560 1.00000000 / 0.44183350 0.35723880 / 0.0 0.0
				0.02001953 0.11669920 0.68505860 / 0.42578120 0.74609370 0.51171880 / 0.00000000 0.14901960 0.85098040 0.00000000 / 16 19 17 16 / 171 0 255 255 / -0.68934490 0.63390240 -0.35067290 1.00000000 / 0.43579100 0.36621090 / 0.0 0.0
				0.02050781 0.11523440 0.68701170 / 0.19140620 0.91406250 0.35937500 / 0.00000000 0.09019608 0.90980400 0.00000000 / 16 19 17 16 / 169 0 251 255 / -0.86896210 0.32772630 -0.37081020 1.00000000 / 0.43510440 0.36291500 / 0.0 0.0
				0.01855469 0.11474610 0.69042970 / 0.64453120 0.74218750 0.17968750 / 0.00000000 0.01960784 0.98039220 0.00000000 / 27 19 17 24 / 160 0 239 255 / -0.62767630 0.64910340 -0.42975260 1.00000000 / 0.43803410 0.35408020 / 0.0 0.0
				0.02392578 0.11572270 0.68750000 / -0.12500000 0.96093750 0.25000000 / 0.00000000 0.06666667 0.93333340 0.00000000 / 16 19 17 16 / 167 0 249 255 / -0.92998740 -0.02547940 -0.36670720 1.00000000 / 0.42820740 0.36384580 / 0.0 0.0
				0.02099609 0.11474610 0.68896480 / 0.04687500 0.92968750 0.35937500 / 0.00000000 0.03529412 0.96470590 0.00000000 / 27 19 17 16 / 167 0 249 255 / -0.82996220 0.23686300 -0.50503320 1.00000000 / 0.43359380 0.35888670 / 0.0 0.0
				0.01953125 0.11376950 0.69287110 / 0.74218750 0.46875000 -0.48046870 / 0.00000000 0.00784314 0.99215690 0.00000000 / 27 24 17 19 / 139 0 207 255 / -0.66234080 0.62229540 -0.41719660 1.00000000 / 0.43501280 0.35020450 / 0.0 0.0
				0.01953125 0.11376950 0.69189460 / 0.26562500 0.91015630 0.32031250 / 0.00000000 0.00000000 1.00000000 0.00000000 / 27 19 17 24 / 158 0 234 255 / -0.85922180 0.37373840 -0.34936730 1.00000000 / 0.43516540 0.35247800 / 0.0 0.0
				0.02148437 0.11425780 0.69042970 / -0.17578120 0.92187500 0.34375000 / 0.00000000 0.00784314 0.99215690 0.00000000 / 27 19 17 16 / 167 0 249 255 / -0.89873630 -0.00778164 -0.43842040 1.00000000 / 0.43211360 0.35768130 / 0.0 0.0
				0.02441406 0.11572270 0.68896480 / -0.21093750 0.96875000 0.12890630 / 0.00000000 0.02745098 0.97254900 0.00000000 / 16 19 17 16 / 168 0 251 255 / -0.93703580 -0.16290470 -0.30891100 1.00000000 / 0.42701720 0.36196900 / 0.0 0.0
				0.02050781 0.11376950 0.69287110 / 0.56250000 0.67578120 -0.48046870 / 0.00000000 0.00392157 0.99607840 0.00000000 / 27 24 17 16 / 136 0 201 255 / -0.82718260 0.46774490 -0.31142210 1.00000000 / 0.43392940 0.34997560 / 0.0 0.0
				0.02490234 0.11523440 0.68994140 / -0.19140620 0.92968750 0.32031250 / 0.00000000 0.00392157 0.99607840 0.00000000 / 16 19 17 16 / 171 0 255 255 / -0.97657810 -0.14681060 -0.15729520 1.00000000 / 0.42582700 0.36009220 / 0.0 0.0
				0.02050781 0.11328120 0.69238280 / 0.25781250 0.90234380 0.34375000 / 0.00000000 0.00000000 1.00000000 0.00000000 / 24 27 17 19 / 157 0 234 255 / -0.88271230 0.36518800 -0.29573080 1.00000000 / 0.43396000 0.35208130 / 0.0 0.0
				0.02099609 0.11328120 0.69335940 / 0.42968750 0.53515630 -0.72656250 / 0.00000000 0.00784314 0.99215690 0.00000000 / 24 27 17 16 / 132 0 197 255 / -0.90052210 0.31193630 -0.30291210 1.00000000 / 0.43284610 0.34974670 / 0.0 0.0
				0.02099609 0.11279300 0.69238280 / 0.00390625 0.86718750 0.49609370 / 0.00000000 0.00000000 1.00000000 0.00000000 / 24 27 17 16 / 157 0 233 255 / -0.90626740 0.21307640 -0.36507270 1.00000000 / 0.43275450 0.35168460 / 0.0 0.0
				0.02148437 0.11425780 0.69335940 / 0.17187500 0.26562500 -0.94921880 / 0.02352941 0.03921569 0.93725490 0.00000000 / 24 27 17 16 / 111 0 165 255 / -0.98291360 -0.01909844 -0.18307440 1.00000000 / 0.43318180 0.34793090 / 0.0 0.0
				0.02197266 0.11376950 0.69384760 / 0.17578120 0.23046880 -0.95703130 / 0.01176471 0.05882353 0.92941180 0.00000000 / 24 27 17 16 / 105 0 156 255 / -0.94578160 -0.23018150 -0.22915870 1.00000000 / 0.43220520 0.34837340 / 0.0 0.0
				0.02197266 0.11279300 0.69335940 / 0.40625000 0.46484380 -0.78515620 / 0.00000000 0.01176471 0.98823530 0.00000000 / 24 27 17 16 / 126 0 188 255 / -0.89292700 0.02135752 -0.44969470 1.00000000 / 0.42980960 0.35113530 / 0.0 0.0
				0.02343750 0.11425780 0.69384760 / 0.35937500 0.10156250 -0.92968750 / 0.00784314 0.12549020 0.86666670 0.00000000 / 24 27 17 16 / 96 0 143 255 / -0.82637580 -0.42737820 -0.36667530 1.00000000 / 0.42550660 0.35034180 / 0.0 0.0
				0.02246094 0.11328120 0.69384760 / 0.28125000 0.06640625 -0.95703130 / 0.00000000 0.03137255 0.96862750 0.00000000 / 24 27 17 16 / 104 0 155 255 / -0.74664760 -0.61154610 -0.26178000 1.00000000 / 0.42784120 0.35049440 / 0.0 0.0
				0.02734375 0.11523440 0.69580080 / 0.32031250 -0.16015630 -0.93359370 / 0.00000000 0.43921570 0.56078430 0.00000000 / 24 27 17 16 / 90 0 134 255 / -0.92767720 -0.25262230 -0.27494900 1.00000000 / 0.41831970 0.34996030 / 0.0 0.0
				0.02343750 0.11376950 0.69384760 / 0.48828130 -0.12500000 -0.86328130 / 0.00392157 0.16470590 0.83137260 0.00000000 / 24 27 17 16 / 96 0 143 255 / -0.83538540 -0.35306950 -0.42127570 1.00000000 / 0.42408750 0.35092160 / 0.0 0.0
				0.02294922 0.11279300 0.69384760 / 0.38281250 -0.05078125 -0.92187500 / 0.00000000 0.03529412 0.96470590 0.00000000 / 24 27 17 16 / 109 0 162 255 / -0.91754530 -0.13695550 -0.37330110 1.00000000 / 0.42581180 0.35104370 / 0.0 0.0
				0.03222656 0.11572270 0.69677740 / 0.07812500 -0.00781250 -0.99609380 / 0.00000000 0.33725490 0.66274510 0.00000000 / 24 17 27 16 / 89 0 132 255 / -0.94937720 -0.30575090 -0.07210692 1.00000000 / 0.40979000 0.35113530 / 0.0 0.0
				0.02685547 0.11376950 0.69580080 / 0.29296880 -0.03125000 -0.95703130 / 0.00000000 0.43921570 0.56078430 0.00000000 / 24 27 17 16 / 93 0 138 255 / -0.92609420 -0.25837030 -0.27494400 1.00000000 / 0.41755680 0.35063170 / 0.0 0.0
				0.02343750 0.11181640 0.69384760 / 0.46484380 0.01171875 -0.88671870 / 0.00000000 0.16470590 0.83529410 0.00000000 / 24 27 17 16 / 101 0 150 255 / -0.88558480 0.00605173 -0.46443820 1.00000000 / 0.42280580 0.35153200 / 0.0 0.0
				0.03759766 0.11474610 0.69677740 / -0.12890630 0.10546870 -0.98437500 / 0.00000000 0.31764710 0.68235290 0.00000000 / 24 17 27 16 / 91 0 135 255 / -0.96028820 -0.26138740 0.09758761 1.00000000 / 0.40165710 0.35220340 / 0.0 0.0
				0.03222656 0.11376950 0.69677740 / 0.03906250 0.10937500 -0.99218750 / 0.00000000 0.33725490 0.66274510 0.00000000 / 16 17 27 16 / 104 0 155 255 / -0.94657400 -0.31435980 -0.07194150 1.00000000 / 0.40950010 0.35255430 / 0.0 0.0
				0.02685547 0.11181640 0.69580080 / 0.33984380 0.03515625 -0.94140630 / 0.00000000 0.43921570 0.56078430 0.00000000 / 16 27 17 16 / 107 0 159 255 / -0.90034990 -0.27749040 -0.33521520 1.00000000 / 0.41714480 0.35173030 / 0.0 0.0
				0.03759766 0.11279300 0.69628900 / -0.13281250 0.21484370 -0.96875000 / 0.00000000 0.00392157 0.99607840 0.00000000 / 24 27 17 16 / 106 0 158 255 / -0.97175990 -0.22036220 0.08439890 1.00000000 / 0.40203860 0.35345460 / 0.0 0.0
				0.02392578 0.10986330 0.69384760 / 0.44531250 0.06250000 -0.89453130 / 0.00000000 0.00392157 0.99607840 0.00000000 / 16 27 17 16 / 114 0 168 255 / -0.85214480 0.33618150 -0.40103750 1.00000000 / 0.41969300 0.35231020 / 0.0 0.0
				0.04199219 0.11181640 0.69482420 / -0.23828120 0.23046880 -0.94531250 / 0.00000000 0.02745098 0.97254900 0.00000000 / 24 27 17 16 / 114 0 170 255 / -0.86275870 -0.49621340 0.09705509 1.00000000 / 0.39010620 0.35549930 / 0.0 0.0
				0.02294922 0.11132810 0.69384760 / 0.35156250 0.00390625 -0.93750000 / 0.00000000 0.02745098 0.97254900 0.00000000 / 24 27 17 16 / 115 1 171 255 / -0.64007570 0.73076080 -0.23725890 1.00000000 / 0.42393500 0.35200500 / 0.0 0.0
				0.02343750 0.10986330 0.69384760 / 0.32812500 0.05859375 -0.94140630 / 0.00000000 0.00000000 1.00000000 0.00000000 / 16 27 17 16 / 125 0 186 255 / -0.64659960 0.74149940 -0.17912970 1.00000000 / 0.42021180 0.35272220 / 0.0 0.0
				0.02197266 0.11230470 0.69335940 / 0.65625000 0.07421875 -0.75000000 / 0.00000000 0.00392157 0.99607840 0.00000000 / 24 27 17 16 / 134 1 200 255 / -0.47422880 0.81434790 -0.33458100 1.00000000 / 0.42730710 0.35227970 / 0.0 0.0
				0.02197266 0.11132810 0.69335940 / 0.82812500 0.16796870 -0.53515630 / 0.00000000 0.00000000 1.00000000 0.00000000 / 16 27 17 16 / 140 2 209 255 / -0.37689200 0.87311170 -0.30923850 1.00000000 / 0.42483520 0.35292050 / 0.0 0.0
				0.02294922 0.10986330 0.69384760 / 0.84765630 0.51562500 0.13671870 / 0.00000000 0.00000000 1.00000000 0.00000000 / 16 27 17 16 / 144 1 213 255 / -0.46905310 0.84207510 -0.26626800 1.00000000 / 0.42105100 0.35336300 / 0.0 0.0
				0.02197266 0.11279300 0.69287110 / 0.17187500 0.69921880 0.69140620 / 0.00000000 0.00000000 1.00000000 0.00000000 / 24 27 17 16 / 158 0 236 255 / -0.24032900 0.71139740 -0.66042080 1.00000000 / 0.42994690 0.35249330 / 0.0 0.0
				0.02197266 0.11230470 0.69287110 / 0.53515630 0.26562500 0.80078130 / 0.00000000 0.00000000 1.00000000 0.00000000 / 24 27 17 16 / 161 2 240 255 / 0.03799677 0.94059160 -0.33740730 1.00000000 / 0.42698670 0.35362240 / 0.0 0.0
				0.02246094 0.11132810 0.69287110 / 0.53125000 0.23828120 0.81250000 / 0.00000000 0.00000000 1.00000000 0.00000000 / 16 27 17 16 / 164 0 243 255 / -0.28180970 0.95467790 -0.09577712 1.00000000 / 0.42416380 0.35415650 / 0.0 0.0
				0.02343750 0.10986330 0.69287110 / 0.44140630 0.30468750 0.84375000 / 0.00000000 0.00000000 1.00000000 0.00000000 / 16 16 17 16 / 161 0 240 255 / -0.43200870 0.89655170 -0.09779359 1.00000000 / 0.42073060 0.35459900 / 0.0 0.0
				0.02343750 0.11376950 0.69189460 / -0.11718750 0.76171880 0.63671870 / 0.00000000 0.00000000 1.00000000 0.00000000 / 19 27 17 16 / 173 0 255 255 / -0.70688310 0.38647060 -0.59241590 1.00000000 / 0.42791750 0.35566710 / 0.0 0.0
				0.02343750 0.11328120 0.69238280 / 0.28906250 0.24218750 0.92578120 / 0.00000000 0.00000000 1.00000000 0.00000000 / 16 27 17 16 / 175 1 255 255 / -0.40719820 0.90667910 -0.11010180 1.00000000 / 0.42562860 0.35565180 / 0.0 0.0
				0.02343750 0.11181640 0.69238280 / 0.33984380 0.15234370 0.92968750 / 0.00000000 0.00000000 1.00000000 0.00000000 / 16 16 17 16 / 175 0 255 255 / -0.49011570 0.87089800 0.03637539 1.00000000 / 0.42343140 0.35530090 / 0.0 0.0
				0.02392578 0.10986330 0.69287110 / 0.35546870 0.19531250 0.91406250 / 0.00000000 0.00000000 1.00000000 0.00000000 / 16 16 17 16 / 169 0 252 255 / -0.59408320 0.80219060 0.05962628 1.00000000 / 0.42036440 0.35484320 / 0.0 0.0
				0.02587891 0.10986330 0.69189460 / 0.37500000 0.14062500 0.91796870 / 0.00000000 0.00000000 1.00000000 0.00000000 / 16 16 17 16 / 171 0 255 255 / -0.59444810 0.79493390 0.12129130 1.00000000 / 0.41940310 0.35551450 / 0.0 0.0
				0.02246094 0.11425780 0.69140620 / -0.22265630 0.85546880 0.46875000 / 0.00000000 0.00000000 1.00000000 0.00000000 / 27 19 17 16 / 170 0 252 255 / -0.94624820 -0.07373735 -0.31492360 1.00000000 / 0.43063360 0.35647580 / 0.0 0.0
				0.02539063 0.11523440 0.69091800 / -0.00781250 0.73046870 0.67968750 / 0.00000000 0.00000000 1.00000000 0.00000000 / 16 19 17 16 / 175 0 255 255 / -0.92246250 0.25780500 -0.28740090 1.00000000 / 0.42442320 0.35806270 / 0.0 0.0
				0.02880859 0.11621090 0.68994140 / 0.10546870 0.74609370 0.65625000 / 0.00000000 0.00392157 0.99607840 0.00000000 / 16 19 17 16 / 175 0 255 255 / -0.95502890 0.26025460 -0.14208180 1.00000000 / 0.41777040 0.36175540 / 0.0 0.0
				0.02587891 0.11425780 0.69140620 / 0.29296880 0.23046880 0.92968750 / 0.00000000 0.00000000 1.00000000 0.00000000 / 16 19 17 16 / 178 0 255 255 / -0.59958410 0.80025280 -0.00970814 1.00000000 / 0.42353820 0.35751340 / 0.0 0.0
				0.02539063 0.11230470 0.69140620 / 0.33984380 0.12500000 0.93359370 / 0.00000000 0.00000000 1.00000000 0.00000000 / 16 19 17 16 / 178 0 255 255 / -0.43027860 0.90198950 0.03571088 1.00000000 / 0.42163090 0.35681150 / 0.0 0.0
				0.02880859 0.11474610 0.68994140 / 0.26562500 0.18359380 0.94531250 / 0.00000000 0.00000000 1.00000000 0.00000000 / 16 19 17 16 / 179 0 255 255 / -0.55232770 0.83360170 -0.00651252 1.00000000 / 0.41740420 0.36054990 / 0.0 0.0
				0.02832031 0.11279300 0.69042970 / 0.28906250 0.05468750 0.95703130 / 0.00000000 0.00000000 1.00000000 0.00000000 / 16 19 17 16 / 178 0 255 255 / -0.49994340 0.86002950 0.10200980 1.00000000 / 0.41644290 0.35969540 / 0.0 0.0
				0.02832031 0.10937500 0.69091800 / 0.34765630 0.07421875 0.93359370 / 0.00000000 0.00000000 1.00000000 0.00000000 / 16 16 17 16 / 171 0 255 255 / -0.51550820 0.84779440 0.12448330 1.00000000 / 0.41453550 0.35797120 / 0.0 0.0
				0.03417969 0.10791020 0.68896480 / 0.12890630 0.02734375 0.99218750 / 0.00000000 0.00000000 1.00000000 0.00000000 / 16 19 17 16 / 171 0 254 255 / -0.70997250 0.70044550 0.07290552 1.00000000 / 0.40524290 0.36074830 / 0.0 0.0
				0.03417969 0.11474610 0.68896480 / 0.14453130 0.13671870 0.98046870 / 0.00000000 0.01176471 0.98823530 0.00000000 / 16 19 17 16 / 178 0 255 255 / -0.77234890 0.63469170 0.02537212 1.00000000 / 0.40629580 0.36399840 / 0.0 0.0
				0.03417969 0.11230470 0.68896480 / 0.10546870 -0.00390625 0.99609380 / 0.00000000 0.00784314 0.99215690 0.00000000 / 16 19 17 16 / 178 0 255 255 / -0.72972240 0.67905780 0.07991068 1.00000000 / 0.40594480 0.36291500 / 0.0 0.0
				0.03955078 0.11328120 0.68896480 / -0.07031250 0.10937500 0.99218750 / 0.00000000 0.01960784 0.98039220 0.00000000 / 24 19 17 16 / 178 0 255 255 / -0.99387520 0.07733386 -0.07894005 1.00000000 / 0.39044190 0.36456300 / 0.0 0.0
				0.04003906 0.11035160 0.68896480 / -0.12890630 0.01171875 0.99218750 / 0.00000000 0.01176471 0.98823530 0.00000000 / 16 19 17 16 / 177 0 255 255 / -0.97565490 -0.18049890 -0.12457010 1.00000000 / 0.39102170 0.36373900 / 0.0 0.0
				0.03955078 0.10546870 0.68896480 / -0.21093750 0.05078125 0.97656250 / 0.00000000 0.00000000 1.00000000 0.00000000 / 16 16 17 16 / 169 0 252 255 / -0.91954220 -0.34912480 -0.18042760 1.00000000 / 0.39122010 0.36158750 / 0.0 0.0
				0.04345703 0.11181640 0.69042970 / -0.37109380 0.12500000 0.92187500 / 0.00000000 0.00784314 0.99215690 0.00000000 / 27 19 17 24 / 174 0 255 255 / -0.60122190 -0.78757780 -0.13510510 1.00000000 / 0.37921140 0.36236570 / 0.0 0.0
				0.04345703 0.10937500 0.69042970 / -0.46093750 0.08203125 0.88281250 / 0.00000000 0.00392157 0.99607840 0.00000000 / 27 19 17 24 / 174 0 255 255 / -0.37086960 -0.92238250 -0.10800980 1.00000000 / 0.38101200 0.36161800 / 0.0 0.0
				0.04296875 0.10595700 0.69042970 / -0.58984370 0.18359380 0.78515620 / 0.00000000 0.00000000 1.00000000 0.00000000 / 24 19 17 16 / 166 0 248 255 / -0.53208170 -0.82082610 -0.20768670 1.00000000 / 0.38414000 0.36058040 / 0.0 0.0
				0.04541016 0.11132810 0.69189460 / -0.59375000 0.30078130 0.74609370 / 0.00000000 0.01960784 0.98039220 0.00000000 / 19 27 17 24 / 164 1 245 255 / -0.23968240 -0.95151110 0.19281860 1.00000000 / 0.37425230 0.35960390 / 0.0 0.0
				0.04541016 0.10937500 0.69189460 / -0.73046870 0.23828120 0.64062500 / 0.00000000 0.00784314 0.99215690 0.00000000 / 19 27 17 24 / 164 0 245 255 / -0.24027270 -0.96691310 0.08572036 1.00000000 / 0.37666320 0.35981750 / 0.0 0.0
				0.04443359 0.10791020 0.69238280 / -0.83203120 0.44140630 0.33203120 / 0.00000000 0.00000000 1.00000000 0.00000000 / 19 27 17 24 / 159 0 237 255 / -0.46165820 -0.88673880 0.02378990 1.00000000 / 0.38012690 0.35952760 / 0.0 0.0
				0.04492187 0.10791020 0.69238280 / -0.78515620 0.42187500 -0.45312500 / 0.00000000 0.00000000 1.00000000 0.00000000 / 24 27 17 16 / 146 0 216 255 / -0.54029430 -0.82440560 0.16863430 1.00000000 / 0.37907410 0.35925290 / 0.0 0.0
				0.04589844 0.10986330 0.69238280 / -0.78125000 0.20312500 -0.58984370 / 0.00000000 0.05882353 0.94117650 0.00000000 / 24 27 17 19 / 146 0 218 255 / -0.40209950 -0.88697160 0.22715070 1.00000000 / 0.37687680 0.35888670 / 0.0 0.0
				0.04443359 0.11328120 0.69384760 / -0.67187500 -0.00390625 -0.74218750 / 0.00000000 0.26274510 0.73725490 0.00000000 / 24 27 17 16 / 121 0 180 255 / -0.23546150 -0.94707550 0.21818790 1.00000000 / 0.37937930 0.35641480 / 0.0 0.0
				0.04394531 0.11083980 0.69384760 / -0.43359380 0.26562500 -0.86328130 / 0.00000000 0.05882353 0.94117650 0.00000000 / 24 27 17 16 / 128 0 191 255 / -0.80401780 -0.54583820 0.23583020 1.00000000 / 0.38197330 0.35749820 / 0.0 0.0
				0.04443359 0.11181640 0.69384760 / -0.53906250 0.07421875 -0.83984370 / 0.00000000 0.19607840 0.80392160 0.00000000 / 24 27 17 16 / 123 0 183 255 / -0.52788870 -0.80612000 0.26740250 1.00000000 / 0.38024900 0.35678100 / 0.0 0.0
				0.04248047 0.11328120 0.69531250 / -0.32812500 0.07421875 -0.94140630 / 0.00000000 0.24705880 0.75294120 0.00000000 / 24 27 17 16 / 103 0 153 255 / -0.82739760 -0.50351330 0.24877170 1.00000000 / 0.38836670 0.35449220 / 0.0 0.0
				0.04394531 0.11083980 0.69384760 / -0.15625000 0.51171880 -0.84375000 / 0.00000000 0.05882353 0.94117650 0.00000000 / 24 27 17 16 / 128 0 191 255 / -0.83967860 -0.51917540 -0.15936310 1.00000000 / 0.38197330 0.35749820 / 0.0 0.0
				0.03271484 0.10595700 0.69287110 / 0.29296880 0.73828120 0.60937500 / 0.00000000 0.00000000 1.00000000 0.00000000 / 16 16 17 16 / 144 0 213 255 / -0.95050770 0.29282140 0.10387880 1.00000000 / 0.40452580 0.35610960 / 0.0 0.0
				0.03759766 0.11279300 0.69628900 / -0.13281250 0.48046870 -0.86718750 / 0.00000000 0.00392157 0.99607840 0.00000000 / 24 27 17 16 / 106 0 158 255 / -0.93743260 -0.34491290 -0.04748853 1.00000000 / 0.40203860 0.35345460 / 0.0 0.0
				0.04492187 0.10791020 0.69238280 / -0.16015630 0.73046870 -0.66406250 / 0.00000000 0.00000000 1.00000000 0.00000000 / 24 27 17 16 / 146 0 216 255 / -0.93540130 -0.32711120 -0.13424880 1.00000000 / 0.37907410 0.35925290 / 0.0 0.0
				0.03222656 0.11376950 0.69677740 / -0.01953125 0.42578120 -0.90234380 / 0.00000000 0.33725490 0.66274510 0.00000000 / 16 17 27 16 / 104 0 155 255 / -0.89406480 -0.41221820 -0.17528360 1.00000000 / 0.40950010 0.35255430 / 0.0 0.0
				0.04443359 0.10791020 0.69238280 / -0.16015630 0.73046870 -0.66406250 / 0.00000000 0.00000000 1.00000000 0.00000000 / 19 27 17 24 / 159 0 237 255 / -0.94136960 -0.31536940 -0.11985620 1.00000000 / 0.38012690 0.35952760 / 0.0 0.0
				0.02685547 0.11181640 0.69580080 / -0.01953125 0.42578120 -0.90234380 / 0.00000000 0.43921570 0.56078430 0.00000000 / 16 27 17 16 / 107 0 159 255 / -0.84634910 -0.48831510 -0.21270090 1.00000000 / 0.41714480 0.35173030 / 0.0 0.0
				0.04296875 0.10595700 0.69042970 / -0.06250000 0.97656250 -0.21484370 / 0.00000000 0.00000000 1.00000000 0.00000000 / 24 19 17 16 / 166 0 248 255 / -0.95507700 -0.12014720 -0.27091060 1.00000000 / 0.38414000 0.36058040 / 0.0 0.0
				0.02392578 0.10986330 0.69384760 / 0.13281250 0.53906250 -0.83203120 / 0.00000000 0.00392157 0.99607840 0.00000000 / 16 27 17 16 / 114 0 168 255 / -0.97915610 -0.05882654 -0.19440330 1.00000000 / 0.41969300 0.35231020 / 0.0 0.0
				0.03955078 0.10546870 0.68896480 / -0.06250000 0.97656250 -0.21484370 / 0.00000000 0.00000000 1.00000000 0.00000000 / 16 16 17 16 / 169 0 252 255 / -0.99205090 -0.08496772 -0.09281917 1.00000000 / 0.39122010 0.36158750 / 0.0 0.0
				0.02343750 0.10986330 0.69384760 / 0.15625000 0.58203120 -0.79687500 / 0.00000000 0.00000000 1.00000000 0.00000000 / 16 27 17 16 / 125 0 186 255 / -0.94743340 0.31668490 0.04561410 1.00000000 / 0.42021180 0.35272220 / 0.0 0.0
				0.03417969 0.10791020 0.68896480 / 0.34375000 0.79296870 0.50390620 / 0.00000000 0.00000000 1.00000000 0.00000000 / 16 19 17 16 / 171 0 254 255 / -0.88697660 0.45011370 -0.10329520 1.00000000 / 0.40524290 0.36074830 / 0.0 0.0
				0.02294922 0.10986330 0.69384760 / 0.15625000 0.58203120 -0.79687500 / 0.00000000 0.00000000 1.00000000 0.00000000 / 16 27 17 16 / 144 1 213 255 / -0.94825460 0.31450430 0.04359122 1.00000000 / 0.42105100 0.35336300 / 0.0 0.0
				0.02832031 0.10937500 0.69091800 / 0.34375000 0.79296870 0.50390620 / 0.00000000 0.00000000 1.00000000 0.00000000 / 16 16 17 16 / 171 0 255 255 / -0.87650280 0.46321190 -0.13106350 1.00000000 / 0.41453550 0.35797120 / 0.0 0.0
				0.02343750 0.10986330 0.69287110 / 0.29296880 0.73828120 0.60937500 / 0.00000000 0.00000000 1.00000000 0.00000000 / 16 16 17 16 / 161 0 240 255 / -0.89627820 0.43335370 -0.09428666 1.00000000 / 0.42073060 0.35459900 / 0.0 0.0
				0.02587891 0.10986330 0.69189460 / 0.23046880 0.60156250 0.76562500 / 0.00000000 0.00000000 1.00000000 0.00000000 / 16 16 17 16 / 171 0 255 255 / -0.80326350 0.56132400 -0.19920620 1.00000000 / 0.41940310 0.35551450 / 0.0 0.0
				0.02392578 0.10986330 0.69287110 / 0.29296880 0.73828120 0.60937500 / 0.00000000 0.00000000 1.00000000 0.00000000 / 16 16 17 16 / 169 0 252 255 / -0.84844610 0.49375490 -0.19064450 1.00000000 / 0.42036440 0.35484320 / 0.0 0.0
				0.00000000 -0.07812500 0.55322260 / 0.00000000 -0.70312500 0.71093750 / 0.00000000 0.01176471 0.98823530 0.00000000 / 17 15 16 16 / 176 214 255 255 / 0.90932920 0.29584870 0.29256440 1.00000000 / 0.00555420 0.65293890 / 0.0 0.0
				0.02539063 -0.07177734 0.55517580 / 0.16406250 -0.68750000 0.70703130 / 0.00000000 0.01176471 0.98823530 0.00000000 / 17 15 16 16 / 176 214 255 255 / 0.82281560 0.49087590 0.28638330 1.00000000 / 0.03349304 0.65710450 / 0.0 0.0
				0.02929688 -0.05712891 0.56787110 / 0.28906250 -0.71093750 0.64062500 / 0.01568628 0.03137255 0.95294120 0.00000000 / 17 15 16 16 / 175 214 255 255 / 0.81194470 0.53679260 0.22934590 1.00000000 / 0.06739807 0.64456180 / 0.0 0.0
				0.00000000 -0.06201172 0.56982420 / 0.00000000 -0.81250000 0.58203120 / 0.02352941 0.03921569 0.93725490 0.00000000 / 17 15 16 16 / 174 214 255 255 / 0.94768500 0.18603770 0.25939010 1.00000000 / 0.00555420 0.63676450 / 0.0 0.0
				0.04248047 -0.06298828 0.55761720 / 0.37500000 -0.50781250 0.77734370 / 0.00000000 0.01568628 0.98431370 0.00000000 / 17 15 16 16 / 177 214 255 255 / 0.50083710 0.81521390 0.29084100 1.00000000 / 0.06855774 0.66598510 / 0.0 0.0
				0.00000000 -0.05615234 0.58398440 / 0.00000000 -0.92578120 0.38281250 / 0.07058824 0.12156860 0.80784310 0.00000000 / 15 17 16 16 / 170 214 254 255 / 0.97987970 0.07539313 0.18480220 1.00000000 / 0.00555420 0.61798090 / 0.0 0.0
				0.05175781 -0.03710938 0.56689450 / 0.61718750 -0.41406250 0.66796880 / 0.01568628 0.03529412 0.94901960 0.00000000 / 17 15 16 16 / 174 214 255 255 / 0.40325660 0.89658620 0.18307720 1.00000000 / 0.13433840 0.66145330 / 0.0 0.0
				0.06005860 -0.04394531 0.55908200 / 0.54296870 -0.23828120 0.80468750 / 0.00000000 0.01960784 0.98039220 0.00000000 / 17 15 16 16 / 176 214 255 255 / 0.18403120 0.96933430 0.16286050 1.00000000 / 0.12933350 0.68440250 / 0.0 0.0
				0.06835937 -0.01904297 0.55322260 / 0.73046870 0.03906250 0.67968750 / 0.00784314 0.01960784 0.97254900 0.00000000 / 17 15 16 16 / 174 214 255 255 / -0.03057562 0.99923090 -0.02455379 1.00000000 / 0.18644710 0.70721430 / 0.0 0.0
				0.02636719 -0.04785156 0.58251950 / 0.46875000 -0.79687500 0.37890620 / 0.07058824 0.11372550 0.81568630 0.00000000 / 15 17 16 16 / 170 214 254 255 / 0.83418860 0.54117090 0.10612860 1.00000000 / 0.06915283 0.62318420 / 0.0 0.0
				0.06201172 -0.01464844 0.56054690 / 0.89843750 -0.02343750 0.43750000 / 0.01960784 0.03137255 0.94901960 0.00000000 / 17 15 16 16 / 172 214 255 255 / 0.04704232 0.99796050 -0.04314877 1.00000000 / 0.19213870 0.68112180 / 0.0 0.0
				0.06738281 0.00634766 0.54150390 / 0.79296870 0.34765630 0.50000000 / 0.02745098 0.03137255 0.94117650 0.00000000 / 17 15 16 16 / 172 214 255 255 / -0.29237360 0.93759640 -0.18823000 1.00000000 / 0.24508670 0.73764040 / 0.0 0.0
				0.04882813 -0.03125000 0.57763670 / 0.75781250 -0.57421870 0.30468750 / 0.05490196 0.10588240 0.83921570 0.00000000 / 15 17 16 16 / 169 214 252 255 / 0.58576240 0.80785510 0.06521074 1.00000000 / 0.14018250 0.63760380 / 0.0 0.0
				0.04833984 -0.02832031 0.59082030 / 0.76562500 -0.63671870 0.07421875 / 0.00392157 0.48235290 0.51372550 0.00000000 / 15 16 17 16 / 164 214 245 255 / 0.63517160 0.77036290 0.05566004 1.00000000 / 0.14340210 0.60810850 / 0.0 0.0
				0.05908203 -0.01123047 0.57031250 / 0.96093750 -0.24218750 0.13281250 / 0.04705882 0.07450981 0.87843140 0.00000000 / 15 17 16 16 / 167 214 249 255 / 0.23412200 0.96940140 0.07380976 1.00000000 / 0.19689940 0.65666200 / 0.0 0.0
				0.05957031 -0.00878906 0.58251950 / 0.94921880 -0.30859370 -0.04687500 / 0.01176471 0.39607840 0.59215690 0.00000000 / 15 17 16 16 / 163 214 242 255 / 0.31174120 0.92768680 0.20546210 1.00000000 / 0.20118710 0.63029480 / 0.0 0.0
				0.06152343 0.01025391 0.57226560 / 0.99218750 0.07031250 -0.09375000 / 0.08627451 0.37647060 0.47843140 0.05882353 / 17 29 16 15 / 161 214 239 255 / -0.03034831 0.92713330 0.37350090 1.00000000 / 0.25476070 0.66006470 / 0.0 0.0
				0.06103515 0.00927734 0.55908200 / 0.98437500 0.17187500 0.05468750 / 0.04313726 0.09803922 0.81568630 0.04313726 / 15 29 16 17 / 166 214 246 255 / -0.17935850 0.96325270 0.19993670 1.00000000 / 0.25483700 0.68278500 / 0.0 0.0
				0.05468750 0.02734375 0.55908200 / 0.88671870 0.45703120 -0.07421875 / 0.02352941 0.37647060 0.58039220 0.01960784 / 17 29 16 15 / 160 214 239 255 / -0.41694650 0.85782070 0.30049850 1.00000000 / 0.32853700 0.70164490 / 0.0 0.0
				0.06250000 0.00781250 0.54882810 / 0.86328130 0.39062500 0.31250000 / 0.02745098 0.02745098 0.94509810 0.00000000 / 17 15 16 16 / 170 214 254 255 / -0.39111400 0.91796020 -0.06617493 1.00000000 / 0.25181580 0.70710750 / 0.0 0.0
				0.06152343 0.02880859 0.52490230 / 0.68750000 0.55468750 0.46875000 / 0.03137255 0.07058824 0.89803920 0.00000000 / 17 15 16 16 / 171 214 255 255 / -0.49012840 0.83067400 -0.26411110 1.00000000 / 0.30972290 0.77799990 / 0.0 0.0
				0.05419922 0.02685547 0.54638670 / 0.86328130 0.50000000 0.05859375 / 0.02352941 0.09803922 0.85882350 0.01960784 / 17 29 16 15 / 165 214 246 255 / -0.49814640 0.83108300 0.24728760 1.00000000 / 0.32727050 0.72325130 / 0.0 0.0
				0.04492187 0.03808594 0.54931640 / 0.73046870 0.68359370 -0.00781250 / 0.00392157 0.37647060 0.61568630 0.00392157 / 17 29 16 15 / 160 214 237 255 / -0.67251410 0.72056930 0.16883330 1.00000000 / 0.37861630 0.72320560 / 0.0 0.0
				0.05566406 0.02734375 0.53417970 / 0.70703130 0.59375000 0.38281250 / 0.03137255 0.04313726 0.92549020 0.00000000 / 17 15 16 16 / 170 214 252 255 / -0.62282320 0.78009460 -0.05952783 1.00000000 / 0.32179260 0.74703980 / 0.0 0.0
				0.04589844 0.03906250 0.53515630 / 0.67578120 0.71093750 0.18750000 / 0.02352941 0.09803922 0.85490200 0.02352941 / 15 29 16 17 / 166 214 246 255 / -0.73628400 0.65286050 0.17792990 1.00000000 / 0.38539120 0.74705510 / 0.0 0.0
				0.05126953 0.04101563 0.52099610 / 0.49218750 0.76562500 0.41406250 / 0.04705882 0.08627451 0.86666670 0.00000000 / 17 15 16 16 / 170 214 252 255 / -0.85218280 0.52086260 0.04986500 1.00000000 / 0.38063050 0.77502440 / 0.0 0.0
				0.03662109 0.04687500 0.52832030 / 0.45312500 0.87109370 0.19140620 / 0.03529412 0.09803922 0.83529410 0.03137255 / 15 29 16 17 / 164 214 245 255 / -0.89071600 0.45118560 0.05528636 1.00000000 / 0.42066950 0.76594540 / 0.0 0.0
				-0.02734375 -0.04345703 0.60888670 / -0.53906250 -0.84375000 -0.04296875 / 0.00000000 0.07843137 0.92156870 0.00000000 / 16 16 17 16 / 160 214 237 255 / 0.84295160 -0.53721080 -0.02893215 1.00000000 / 0.93074040 0.55549620 / 0.0 0.0
				-0.05029297 -0.02490234 0.60693360 / -0.73828120 -0.67578120 -0.05078125 / 0.00000000 0.02352941 0.97647060 0.00000000 / 16 16 17 16 / 160 214 237 255 / 0.67629330 -0.73385890 -0.06386300 1.00000000 / 0.85328670 0.56623840 / 0.0 0.0
				-0.02832031 -0.04492187 0.62011720 / -0.46875000 -0.85937500 -0.20703130 / 0.00000000 0.00000000 1.00000000 0.00000000 / 16 16 17 16 / 154 195 228 255 / 0.88157670 -0.46979240 -0.04601934 1.00000000 / 0.93322750 0.53283690 / 0.0 0.0
				0.00000000 -0.05468750 0.62158200 / 0.00000000 -0.97265620 -0.22656250 / 0.00000000 0.00000000 1.00000000 0.00000000 / 16 16 17 16 / 153 193 228 255 / 0.99869130 -0.01241384 0.04961426 1.00000000 / 0.99156190 0.52778630 / 0.0 0.0
				-0.04931641 -0.02832031 0.61865230 / -0.65234380 -0.73828120 -0.17187500 / 0.00000000 0.00000000 1.00000000 0.00000000 / 16 16 17 16 / 155 201 231 255 / 0.75200360 -0.65869410 -0.02475429 1.00000000 / 0.86512760 0.53996280 / 0.0 0.0
				-0.05761719 -0.01708984 0.61621090 / -0.83203120 -0.54296870 -0.12500000 / 0.00000000 0.00000000 1.00000000 0.00000000 / 16 16 17 16 / 157 209 233 255 / 0.55629930 -0.80548740 -0.20425750 1.00000000 / 0.83921810 0.54521180 / 0.0 0.0
				-0.02978515 -0.04736328 0.62841800 / -0.46484380 -0.81640630 -0.34765630 / 0.00000000 0.00000000 1.00000000 0.00000000 / 16 16 17 16 / 148 156 221 255 / 0.88088120 -0.46583170 -0.08395834 1.00000000 / 0.93643190 0.50843810 / 0.0 0.0
				0.00000000 -0.05712891 0.62890620 / 0.00000000 -0.88281250 -0.46875000 / 0.00000000 0.00000000 1.00000000 0.00000000 / 16 16 17 16 / 147 150 218 255 / 0.99305110 -0.05542333 0.10381490 1.00000000 / 0.99156190 0.50366210 / 0.0 0.0
				-0.05078125 -0.02978515 0.62890620 / -0.70703130 -0.66796880 -0.23046880 / 0.00000000 0.00000000 1.00000000 0.00000000 / 16 16 17 16 / 151 173 225 255 / 0.70260050 -0.70044090 -0.12543920 1.00000000 / 0.87538150 0.51583860 / 0.0 0.0
				-0.03027344 -0.05126953 0.63574220 / -0.47656250 -0.73046870 -0.48828130 / 0.00000000 0.00000000 1.00000000 0.00000000 / 16 16 17 16 / 145 117 215 255 / 0.86806280 -0.47893210 -0.13073330 1.00000000 / 0.93974300 0.47810360 / 0.0 0.0
				0.00000000 -0.06152343 0.63525390 / 0.00000000 -0.76562500 -0.64062500 / 0.00000000 0.00000000 1.00000000 0.00000000 / 16 16 17 16 / 141 96 209 255 / 0.98715750 -0.10322780 0.12191900 1.00000000 / 0.99156190 0.47460940 / 0.0 0.0
				-0.05322266 -0.03076172 0.63818360 / -0.71875000 -0.61328130 -0.32812500 / 0.00000000 0.00000000 1.00000000 0.00000000 / 16 16 17 16 / 149 142 221 255 / 0.68958340 -0.68927180 -0.22221410 1.00000000 / 0.88673400 0.49200440 / 0.0 0.0
				-0.06201172 -0.01318359 0.62988280 / -0.86328130 -0.46875000 -0.18359380 / 0.00000000 0.00000000 1.00000000 0.00000000 / 16 16 17 16 / 154 197 228 255 / 0.49817860 -0.84943640 -0.17399990 1.00000000 / 0.83607480 0.52423100 / 0.0 0.0
				-0.06445312 -0.00292969 0.60839840 / -0.93750000 -0.32421880 -0.10937500 / 0.00000000 0.00000000 1.00000000 0.00000000 / 16 16 17 16 / 158 209 234 255 / 0.34275250 -0.88343930 -0.31946170 1.00000000 / 0.79743960 0.57557680 / 0.0 0.0
				-0.06640625 0.00048828 0.62011720 / -0.96484370 -0.23828120 -0.12500000 / 0.00000000 0.00000000 1.00000000 0.00000000 / 16 29 17 16 / 156 204 231 255 / 0.25386090 -0.95795730 -0.13368850 1.00000000 / 0.80288700 0.55488590 / 0.0 0.0
				-0.06494140 -0.01513672 0.64355470 / -0.83593750 -0.45312500 -0.30859370 / 0.00000000 0.00000000 1.00000000 0.00000000 / 16 16 17 16 / 152 176 225 255 / 0.50627030 -0.85441910 -0.11686910 1.00000000 / 0.85362240 0.49400330 / 0.0 0.0
				-0.06884766 0.01416016 0.62402340 / -0.98437500 -0.10546870 -0.12890630 / 0.00000000 0.43137260 0.56862750 0.00000000 / 16 29 17 16 / 149 193 222 255 / 0.09422379 -0.99131750 0.09171477 1.00000000 / 0.78382870 0.54357910 / 0.0 0.0
				-0.06884766 0.00292969 0.62988280 / -0.94921880 -0.23046880 -0.20703130 / 0.00000000 0.00000000 1.00000000 0.00000000 / 16 16 17 16 / 151 206 225 255 / 0.24119980 -0.97013160 -0.02583187 1.00000000 / 0.81504820 0.52612300 / 0.0 0.0
				-0.06738281 -0.00732422 0.63916010 / -0.88671870 -0.38281250 -0.26171870 / 0.00000000 0.00000000 1.00000000 0.00000000 / 16 16 17 16 / 152 205 227 255 / 0.39098070 -0.92015450 0.02120489 1.00000000 / 0.83934020 0.50209040 / 0.0 0.0
				-0.05615234 -0.03320312 0.64794920 / -0.72656250 -0.60937500 -0.32421880 / 0.00000000 0.00000000 1.00000000 0.00000000 / 16 16 17 16 / 148 111 219 255 / 0.68674800 -0.67429500 -0.27148370 1.00000000 / 0.89253230 0.46014400 / 0.0 0.0
				-0.07128906 -0.00537109 0.65087890 / -0.91796870 -0.32031250 -0.23046880 / 0.00000000 0.00000000 1.00000000 0.00000000 / 16 16 17 16 / 150 194 224 255 / 0.35733340 -0.92344140 -0.13988850 1.00000000 / 0.84217840 0.47450260 / 0.0 0.0
				-0.06835937 -0.02050781 0.65820310 / -0.86328130 -0.45312500 -0.21875000 / 0.00000000 0.00000000 1.00000000 0.00000000 / 16 16 17 16 / 152 135 225 255 / 0.49960440 -0.82583780 -0.26151010 1.00000000 / 0.86421200 0.44914250 / 0.0 0.0
				-0.03076172 -0.05615234 0.64208980 / -0.52734370 -0.76562500 -0.37109380 / 0.00000000 0.00000000 1.00000000 0.00000000 / 16 16 17 16 / 143 86 212 255 / 0.84842700 -0.49930390 -0.17569060 1.00000000 / 0.94480900 0.45269780 / 0.0 0.0
				-0.05712891 -0.03466797 0.65722650 / -0.73437500 -0.61328130 -0.29296880 / 0.00000000 0.00000000 1.00000000 0.00000000 / 16 16 17 16 / 147 83 218 255 / 0.67883390 -0.67692350 -0.28453340 1.00000000 / 0.89923100 0.43458560 / 0.0 0.0
				-0.00341797 -0.06591797 0.64062500 / -0.33593750 -0.86718750 -0.36328130 / 0.00000000 0.00000000 1.00000000 0.00000000 / 16 16 17 16 / 139 68 206 255 / 0.94123780 -0.32225820 -0.10109950 1.00000000 / 0.97862250 0.44659420 / 0.0 0.0
				0.00000000 -0.06689453 0.64062500 / -0.06640625 -0.91406250 -0.40234370 / 0.00000000 0.00000000 1.00000000 0.00000000 / 16 16 17 16 / 138 61 204 255 / 0.99083110 -0.10762980 0.08166773 1.00000000 / 0.99156190 0.44697570 / 0.0 0.0
				-0.03173828 -0.05712891 0.65087890 / -0.52734370 -0.70703130 -0.47265620 / 0.00000000 0.00000000 1.00000000 0.00000000 / 16 16 17 16 / 142 61 212 255 / 0.84483130 -0.49586190 -0.20095030 1.00000000 / 0.94772340 0.42958070 / 0.0 0.0
				-0.00537109 -0.06787109 0.64892580 / -0.29687500 -0.66796880 -0.67968750 / 0.00000000 0.00000000 1.00000000 0.00000000 / 16 16 17 16 / 139 47 206 255 / 0.94695100 -0.29783040 -0.12075100 1.00000000 / 0.97750850 0.42204280 / 0.0 0.0
				0.00000000 -0.06884766 0.64892580 / 0.03906250 -0.82031250 -0.57421870 / 0.00000000 0.00000000 1.00000000 0.00000000 / 16 16 17 16 / 137 41 204 255 / 0.99294890 -0.03171362 0.11422230 1.00000000 / 0.99156190 0.42216490 / 0.0 0.0
				0.00000000 -0.07714844 0.65332030 / 0.00000000 -0.83203120 -0.55078120 / 0.00000000 0.00000000 1.00000000 0.00000000 / 16 16 17 16 / 142 27 212 255 / 0.99970500 0.01268611 -0.02070660 1.00000000 / 0.99156190 0.39736940 / 0.0 0.0
				-0.00683594 -0.07568359 0.65380860 / -0.32421880 -0.83203120 -0.44921870 / 0.00000000 0.00000000 1.00000000 0.00000000 / 16 16 17 16 / 143 31 212 255 / 0.94593010 -0.28252790 -0.15935600 1.00000000 / 0.97848510 0.39956660 / 0.0 0.0
				0.00000000 -0.08544922 0.68017580 / 0.00000000 -0.99218750 -0.13281250 / 0.00000000 0.00000000 1.00000000 0.00000000 / 16 16 17 16 / 153 14 228 255 / 0.99302410 0.01597558 -0.11682370 1.00000000 / 0.99156190 0.33673100 / 0.0 0.0
				-0.03320312 -0.06347657 0.65576170 / -0.49609370 -0.73437500 -0.46484380 / 0.00000000 0.00000000 1.00000000 0.00000000 / 16 16 17 16 / 145 42 216 255 / 0.86618950 -0.45637050 -0.20357230 1.00000000 / 0.95063780 0.40647890 / 0.0 0.0
				-0.00976563 -0.08398437 0.67968750 / -0.32421880 -0.93750000 -0.12890630 / 0.00000000 0.00000000 1.00000000 0.00000000 / 16 16 17 16 / 154 17 228 255 / 0.93866680 -0.30168580 -0.16700430 1.00000000 / 0.97827150 0.33988950 / 0.0 0.0
				0.00000000 -0.08154297 0.71679690 / 0.00000000 -0.98437500 0.17968750 / 0.00000000 0.00000000 1.00000000 0.00000000 / 16 16 17 16 / 165 8 246 255 / 0.99082440 -0.02410843 -0.13298800 1.00000000 / 0.99156190 0.27351380 / 0.0 0.0
				-0.05810547 -0.04101563 0.66357420 / -0.73046870 -0.55078120 -0.39843750 / 0.00000000 0.00000000 1.00000000 0.00000000 / 16 16 17 16 / 149 60 222 255 / 0.66885360 -0.69352950 -0.26767860 1.00000000 / 0.90592950 0.40902710 / 0.0 0.0
				-0.03906250 -0.07275391 0.68310550 / -0.53906250 -0.83203120 -0.13281250 / 0.00000000 0.00000000 1.00000000 0.00000000 / 16 16 17 16 / 154 26 230 255 / 0.83838670 -0.51444050 -0.18016300 1.00000000 / 0.94839470 0.34654240 / 0.0 0.0
				-0.01123047 -0.08007813 0.71728520 / -0.26953130 -0.94921880 0.17187500 / 0.00000000 0.00000000 1.00000000 0.00000000 / 16 16 17 16 / 165 10 245 255 / 0.94933170 -0.29111320 -0.11841640 1.00000000 / 0.97563170 0.27464290 / 0.0 0.0
				0.00000000 -0.07128906 0.74462890 / 0.00000000 -0.90234380 0.42968750 / 0.00000000 0.00000000 1.00000000 0.00000000 / 16 16 17 16 / 172 4 255 255 / 0.98751600 -0.06781541 -0.14217330 1.00000000 / 0.99159240 0.21716310 / 0.0 0.0
				-0.01025391 -0.06982422 0.74560550 / -0.19531250 -0.87890620 0.43750000 / 0.00000000 0.00000000 1.00000000 0.00000000 / 16 16 17 16 / 172 5 255 255 / 0.95932170 -0.26356130 -0.10118000 1.00000000 / 0.97074890 0.21763610 / 0.0 0.0
				0.00000000 -0.05419922 0.76708980 / 0.00000000 -0.77734370 0.62890620 / 0.00000000 0.00000000 1.00000000 0.00000000 / 16 16 17 16 / 176 2 255 255 / 0.96946960 -0.15424410 -0.19062420 1.00000000 / 0.99160770 0.13894650 / 0.0 0.0
				-0.04248047 -0.06982422 0.72021480 / -0.50000000 -0.85546880 0.14843750 / 0.00000000 0.00000000 1.00000000 0.00000000 / 16 16 17 16 / 165 16 245 255 / 0.85578370 -0.51259050 -0.06989413 1.00000000 / 0.94636530 0.27500920 / 0.0 0.0
				-0.00878906 -0.05273437 0.76757810 / -0.14453130 -0.76171880 0.63281250 / 0.00000000 0.00000000 1.00000000 0.00000000 / 16 16 17 16 / 176 2 255 255 / 0.92704260 -0.32753430 -0.18251950 1.00000000 / 0.96395870 0.14276120 / 0.0 0.0
				0.00000000 -0.04052734 0.78173830 / -0.00390625 -0.66406250 0.74609370 / 0.00000000 0.00000000 1.00000000 0.00000000 / 16 16 17 16 / 178 1 255 255 / 0.90585750 -0.31887110 -0.27882510 1.00000000 / 0.94458010 0.08663941 / 0.0 0.0
				-0.04150391 -0.06103515 0.74804690 / -0.41796880 -0.78515620 0.45703120 / 0.00000000 0.00000000 1.00000000 0.00000000 / 16 16 17 16 / 171 8 255 255 / 0.86639320 -0.49581280 -0.05943489 1.00000000 / 0.94267280 0.21926880 / 0.0 0.0
				-0.06054688 -0.05078125 0.69042970 / -0.77734370 -0.62109380 -0.10937500 / 0.00000000 0.00000000 1.00000000 0.00000000 / 16 16 17 16 / 156 40 231 255 / 0.62958270 -0.75761410 -0.17218180 1.00000000 / 0.90643310 0.33901980 / 0.0 0.0
				-0.00781250 -0.03955078 0.78173830 / -0.08593750 -0.63671870 0.76562500 / 0.00000000 0.00000000 1.00000000 0.00000000 / 16 16 17 16 / 178 1 255 255 / 0.81897350 -0.48303540 -0.30977280 1.00000000 / 0.93685920 0.09359741 / 0.0 0.0
				0.00097656 -0.02197266 0.79296870 / -0.03906250 -0.50781250 0.86328130 / 0.00000000 0.00000000 1.00000000 0.00000000 / 16 16 17 16 / 179 1 255 255 / 0.68415000 -0.64172130 -0.34660130 1.00000000 / 0.88244630 0.04769898 / 0.0 0.0
				-0.03662109 -0.04443359 0.77050780 / -0.34765630 -0.70703130 0.61328130 / 0.00000000 0.00000000 1.00000000 0.00000000 / 16 16 17 16 / 175 3 255 255 / 0.80552180 -0.56115750 -0.19036020 1.00000000 / 0.92324830 0.15625000 / 0.0 0.0
				-0.06298828 -0.04833984 0.72656250 / -0.81640630 -0.56250000 0.14062500 / 0.00000000 0.00000000 1.00000000 0.00000000 / 16 16 17 16 / 164 28 245 255 / 0.56227110 -0.82599830 -0.03972326 1.00000000 / 0.89688110 0.26185610 / 0.0 0.0
				-0.06054688 -0.03906250 0.75195310 / -0.72265620 -0.55859380 0.41015630 / 0.00000000 0.00000000 1.00000000 0.00000000 / 16 16 17 16 / 171 12 255 255 / 0.60317940 -0.79727040 -0.02312384 1.00000000 / 0.89570620 0.20814510 / 0.0 0.0
				-0.00634766 -0.02148437 0.79296870 / -0.03125000 -0.47265620 0.87890620 / 0.00000000 0.00000000 1.00000000 0.00000000 / 16 16 17 16 / 179 2 255 255 / 0.58398200 -0.72342290 -0.36827210 1.00000000 / 0.87693780 0.06016541 / 0.0 0.0
				0.00244141 -0.00097656 0.80371090 / -0.08203125 -0.33593750 0.93750000 / 0.00000000 0.00000000 1.00000000 0.00000000 / 16 16 17 16 / 180 5 255 255 / 0.39501890 -0.87524980 -0.27910190 1.00000000 / 0.80165100 0.02685547 / 0.0 0.0
				-0.03271484 -0.03515625 0.78222660 / -0.28125000 -0.61328130 0.73828120 / 0.00000000 0.00000000 1.00000000 0.00000000 / 16 16 17 16 / 177 2 255 255 / 0.72606760 -0.63892940 -0.25415560 1.00000000 / 0.90756230 0.12278750 / 0.0 0.0
				-0.00488281 -0.00048828 0.80322270 / -0.15234370 -0.25000000 0.95703130 / 0.00000000 0.00000000 1.00000000 0.00000000 / 16 16 17 16 / 180 5 255 255 / 0.41624670 -0.89375290 -0.16716630 1.00000000 / 0.80378730 0.03791809 / 0.0 0.0
				0.00244141 0.03466797 0.81103520 / -0.08593750 -0.07812500 0.99218750 / 0.00000000 0.00000000 1.00000000 0.00000000 / 16 16 17 16 / 180 12 255 255 / 0.07004938 -0.99492100 -0.07228706 1.00000000 / 0.69950870 0.01005554 / 0.0 0.0
				-0.02978515 -0.01953125 0.79345700 / -0.17187500 -0.39843750 0.89843750 / 0.00000000 0.00000000 1.00000000 0.00000000 / 16 16 17 16 / 179 3 255 255 / 0.59860780 -0.76845060 -0.22616880 1.00000000 / 0.86857600 0.08943176 / 0.0 0.0
				-0.05175781 -0.02783203 0.77587890 / -0.63281250 -0.50781250 0.58203120 / 0.00000000 0.00000000 1.00000000 0.00000000 / 16 16 17 16 / 175 6 255 255 / 0.59565410 -0.80157370 -0.05172920 1.00000000 / 0.88194270 0.15005490 / 0.0 0.0
				-0.04589844 -0.01611328 0.78857420 / -0.47265620 -0.35937500 0.80468750 / 0.00000000 0.00000000 1.00000000 0.00000000 / 16 16 17 16 / 178 4 255 255 / 0.54873480 -0.83447790 -0.05036622 1.00000000 / 0.85762020 0.11506650 / 0.0 0.0
				-0.02783203 0.00146484 0.79882810 / -0.25390630 -0.17968750 0.94921880 / 0.00000000 0.00000000 1.00000000 0.00000000 / 16 16 17 16 / 180 5 255 255 / 0.43842330 -0.89723020 -0.05256292 1.00000000 / 0.80801390 0.07089233 / 0.0 0.0
				-0.04296875 0.00439453 0.79394530 / -0.40625000 -0.17968750 0.89843750 / 0.00000000 0.00000000 1.00000000 0.00000000 / 16 16 17 16 / 179 7 255 255 / 0.45086930 -0.89222770 0.02542672 1.00000000 / 0.80741880 0.09162903 / 0.0 0.0
				-0.05566406 -0.00927734 0.78222660 / -0.71093750 -0.28515620 0.64062500 / 0.00000000 0.00000000 1.00000000 0.00000000 / 16 16 17 16 / 176 8 255 255 / 0.41779110 -0.90655290 0.06010417 1.00000000 / 0.84527590 0.13024900 / 0.0 0.0
				-0.06835937 -0.01757812 0.75878910 / -0.80468750 -0.35156250 0.47656250 / 0.00000000 0.00000000 1.00000000 0.00000000 / 16 16 17 16 / 172 14 255 255 / 0.42750290 -0.90226160 0.05625999 1.00000000 / 0.85870360 0.19235230 / 0.0 0.0
				-0.07763672 -0.01269531 0.74267580 / -0.90234380 -0.37500000 0.21484370 / 0.00000000 0.00000000 1.00000000 0.00000000 / 16 16 17 16 / 167 29 249 255 / 0.38997730 -0.92028670 0.03146559 1.00000000 / 0.84193420 0.22973630 / 0.0 0.0
				-0.07031250 0.00195313 0.76660160 / -0.80078130 -0.25781250 0.53906250 / 0.00000000 0.00000000 1.00000000 0.00000000 / 16 16 17 16 / 174 17 255 255 / 0.36676190 -0.92464100 0.10259110 1.00000000 / 0.82759090 0.16688540 / 0.0 0.0
				-0.08203125 0.00927734 0.75146490 / -0.89843750 -0.21093750 0.38281250 / 0.00000000 0.00000000 1.00000000 0.00000000 / 16 16 17 16 / 169 33 252 255 / 0.28033840 -0.95047040 0.13422510 1.00000000 / 0.81188960 0.20355220 / 0.0 0.0
				-0.05761719 0.00830078 0.78710940 / -0.66406250 -0.22656250 0.71093750 / 0.00000000 0.00000000 1.00000000 0.00000000 / 16 16 17 16 / 177 12 255 255 / 0.40351660 -0.91086130 0.08663740 1.00000000 / 0.80409240 0.11695860 / 0.0 0.0
				-0.07080078 0.01660156 0.77246090 / -0.81640630 -0.18750000 0.54296870 / 0.00000000 0.00000000 1.00000000 0.00000000 / 16 16 17 16 / 175 21 255 255 / 0.33056570 -0.92704690 0.17694750 1.00000000 / 0.79423520 0.14773560 / 0.0 0.0
				-0.02978515 0.02685547 0.80224610 / -0.28515620 -0.12890630 0.94921880 / 0.00000000 0.00000000 1.00000000 0.00000000 / 16 16 17 16 / 180 12 255 255 / 0.22614280 -0.97198540 -0.06406128 1.00000000 / 0.73617550 0.05545044 / 0.0 0.0
				-0.04589844 0.02441406 0.79589850 / -0.41015630 -0.16015630 0.89843750 / 0.00000000 0.00000000 1.00000000 0.00000000 / 16 16 17 16 / 179 14 255 255 / 0.32557390 -0.94530750 -0.01988475 1.00000000 / 0.75247190 0.07775879 / 0.0 0.0
				-0.00488281 0.03369141 0.81103520 / -0.22265630 -0.07031250 0.97265620 / 0.00000000 0.00000000 1.00000000 0.00000000 / 16 16 17 16 / 180 12 255 255 / 0.04658119 -0.99702560 -0.06140223 1.00000000 / 0.70756530 0.02043152 / 0.0 0.0
				-0.06054688 0.02441406 0.78906250 / -0.60937500 -0.16796870 0.77734370 / 0.00000000 0.00000000 1.00000000 0.00000000 / 16 16 17 16 / 177 17 255 255 / 0.32962900 -0.94252360 0.05471584 1.00000000 / 0.76402280 0.10525510 / 0.0 0.0
				-0.00585938 0.08300782 0.80957030 / -0.25390630 0.21875000 0.94140630 / 0.00000000 0.00000000 1.00000000 0.00000000 / 16 16 17 16 / 178 30 255 255 / -0.36809010 -0.92264310 0.11506320 1.00000000 / 0.62034600 0.03082275 / 0.0 0.0
				0.00292969 0.08496094 0.81054680 / -0.17187500 0.25390630 0.95312500 / 0.00000000 0.00000000 1.00000000 0.00000000 / 16 16 17 16 / 179 26 255 255 / -0.44535100 -0.88187370 0.15479420 1.00000000 / 0.61244200 0.01792908 / 0.0 0.0
				-0.06884766 0.03027344 0.77929690 / -0.83203120 -0.14843750 0.53515630 / 0.00000000 0.00000000 1.00000000 0.00000000 / 16 16 17 16 / 175 27 255 255 / 0.22770860 -0.97001380 0.08498215 1.00000000 / 0.75994880 0.12551880 / 0.0 0.0
				-0.06494140 0.04248047 0.78857420 / -0.71875000 -0.08984375 0.68750000 / 0.00000000 0.00000000 1.00000000 0.00000000 / 16 16 17 16 / 176 31 255 255 / -0.01172939 -0.98984040 -0.14169870 1.00000000 / 0.72619630 0.10649110 / 0.0 0.0
				-0.08056641 0.02636719 0.75878910 / -0.89453130 -0.06250000 0.44531250 / 0.00000000 0.00000000 1.00000000 0.00000000 / 16 16 17 16 / 171 37 255 255 / 0.13224690 -0.98294270 0.12780620 1.00000000 / 0.78683470 0.17498780 / 0.0 0.0
				-0.07714844 0.04199219 0.76708980 / -0.91406250 0.08984375 0.39843750 / 0.00000000 0.00000000 1.00000000 0.00000000 / 16 16 17 16 / 172 47 255 255 / -0.17314480 -0.96856490 -0.17861420 1.00000000 / 0.74642940 0.15525820 / 0.0 0.0
				-0.05517578 0.05371094 0.79736330 / -0.44921870 0.07031250 0.89062500 / 0.00000000 0.00000000 1.00000000 0.00000000 / 16 16 17 16 / 177 30 255 255 / -0.31474970 -0.94544010 -0.08411693 1.00000000 / 0.69252010 0.08871460 / 0.0 0.0
				-0.06884766 0.06298828 0.78320310 / -0.83984370 0.29296880 0.45703120 / 0.00000000 0.00000000 1.00000000 0.00000000 / 16 16 17 16 / 171 58 255 255 / -0.39971580 -0.90336360 -0.15543920 1.00000000 / 0.70362850 0.13681030 / 0.0 0.0
				-0.08642578 0.03515625 0.74560550 / -0.96093750 0.01953125 0.27343750 / 0.00000000 0.00000000 1.00000000 0.00000000 / 16 16 17 16 / 167 63 248 255 / -0.00398407 -0.99835470 0.05720307 1.00000000 / 0.77241520 0.20925900 / 0.0 0.0
				-0.08642578 0.01806641 0.73632810 / -0.98437500 -0.13671870 0.09765625 / 0.00000000 0.00000000 1.00000000 0.00000000 / 16 16 17 16 / 164 62 245 255 / 0.14323750 -0.98780190 0.06107672 1.00000000 / 0.80050660 0.23811340 / 0.0 0.0
				-0.08544922 0.02685547 0.72558590 / -0.98828130 -0.03125000 -0.15234370 / 0.00000000 0.00000000 1.00000000 0.00000000 / 16 16 17 16 / 160 99 237 255 / 0.03566653 -0.99901340 -0.02646173 1.00000000 / 0.78852840 0.26766970 / 0.0 0.0
				-0.08447265 -0.00048828 0.72412110 / -0.96093750 -0.27343750 0.03515625 / 0.00000000 0.00000000 1.00000000 0.00000000 / 16 16 17 16 / 162 65 240 255 / 0.27289990 -0.96182120 -0.02062800 1.00000000 / 0.83033750 0.27021790 / 0.0 0.0
				-0.08251953 0.01074219 0.71142580 / -0.97265620 -0.02734375 -0.23046880 / 0.00000000 0.00000000 1.00000000 0.00000000 / 16 16 17 16 / 157 114 234 255 / 0.04701353 -0.99566210 -0.08029232 1.00000000 / 0.81968690 0.31201170 / 0.0 0.0
				-0.07714844 -0.02734375 0.70410150 / -0.92187500 -0.38671880 -0.02734375 / 0.00000000 0.00000000 1.00000000 0.00000000 / 16 16 17 16 / 158 56 234 255 / 0.38535520 -0.90636840 -0.17319900 1.00000000 / 0.87316890 0.32104490 / 0.0 0.0
				-0.08007813 -0.01171875 0.69775390 / -0.98046870 -0.08203125 -0.17968750 / 0.00000000 0.00000000 1.00000000 0.00000000 / 16 16 17 16 / 156 89 231 255 / 0.12814860 -0.95636040 -0.26258820 1.00000000 / 0.85197450 0.35220340 / 0.0 0.0
				-0.07275391 -0.02539063 0.67675780 / -0.89843750 -0.34375000 -0.27343750 / 0.00000000 0.00000000 1.00000000 0.00000000 / 16 16 17 16 / 153 76 227 255 / 0.42251610 -0.84640580 -0.32415640 1.00000000 / 0.87060550 0.39453130 / 0.0 0.0
				-0.07714844 -0.00390625 0.69238280 / -0.96093750 0.01562500 -0.27734380 / 0.00000000 0.00000000 1.00000000 0.00000000 / 16 16 17 16 / 158 134 236 255 / 0.03774051 -0.98180260 -0.18611620 1.00000000 / 0.85055540 0.37675480 / 0.0 0.0
				-0.06982422 -0.02001953 0.66894530 / -0.90625000 -0.28515620 -0.31250000 / 0.00000000 0.00000000 1.00000000 0.00000000 / 16 16 17 16 / 152 110 227 255 / 0.38856020 -0.85300890 -0.34842070 1.00000000 / 0.86741640 0.42184450 / 0.0 0.0
				-0.07226562 -0.01171875 0.66845700 / -0.93750000 -0.32812500 -0.10937500 / 0.00000000 0.00000000 1.00000000 0.00000000 / 16 16 17 16 / 155 159 231 255 / 0.34499500 -0.91302560 -0.21763020 1.00000000 / 0.85838320 0.43106080 / 0.0 0.0
				-0.07763672 0.01464844 0.70263670 / -0.96875000 -0.01562500 -0.25000000 / 0.00000000 0.00000000 1.00000000 0.00000000 / 16 16 17 16 / 161 160 239 255 / 0.00434165 -0.99895540 0.04548952 1.00000000 / 0.81506350 0.34429930 / 0.0 0.0
				-0.07666016 0.00146484 0.68701170 / -0.17968750 -0.87890620 0.44531250 / 0.00000000 0.00000000 1.00000000 0.00000000 / 16 16 17 16 / 167 166 248 255 / 0.96889210 -0.23719990 -0.07059990 1.00000000 / 0.84413150 0.38539120 / 0.0 0.0
				-0.07910156 0.02783203 0.70166010 / -0.96484370 -0.12109380 -0.22656250 / 0.00000000 0.00000000 1.00000000 0.00000000 / 16 16 17 16 / 160 181 239 255 / 0.12422470 -0.99225320 0.00132755 1.00000000 / 0.79130550 0.34623720 / 0.0 0.0
				-0.07812500 0.01464844 0.69482420 / 0.23437500 -0.39843750 0.88671870 / 0.00000000 0.00000000 1.00000000 0.00000000 / 16 16 17 16 / 171 178 255 255 / 0.57431720 -0.67920080 -0.45699690 1.00000000 / 0.81297310 0.36273190 / 0.0 0.0
				-0.08056641 0.03759766 0.69726560 / -0.97265620 -0.03125000 -0.22656250 / 0.00000000 0.00000000 1.00000000 0.00000000 / 16 16 17 16 / 159 194 236 255 / -0.00218222 -0.98925690 0.14617080 1.00000000 / 0.77204900 0.35850520 / 0.0 0.0
				-0.07666016 0.02539063 0.69335940 / -0.96484370 -0.05468750 0.26562500 / 0.00000000 0.00000000 1.00000000 0.00000000 / 16 16 17 16 / 169 191 252 255 / 0.13551910 -0.94695360 0.29139940 -1.00000000 / 0.78927610 0.36538700 / 0.0 0.0
				-0.07812500 0.04443359 0.68847660 / -0.96484370 0.12109380 -0.23046880 / 0.00000000 0.00000000 1.00000000 0.00000000 / 16 16 17 16 / 157 199 234 255 / -0.17860930 -0.95224830 0.24763250 1.00000000 / 0.75746150 0.37496950 / 0.0 0.0
				-0.07861328 0.03320312 0.69140620 / -0.80468750 0.38671880 0.44921870 / 0.00000000 0.00000000 1.00000000 0.00000000 / 16 16 17 16 / 166 194 248 255 / -0.15899270 -0.87055640 0.46567460 1.00000000 / 0.77322390 0.37901310 / 0.0 0.0
				-0.07568359 0.03955078 0.67724610 / -0.94531250 0.27343750 -0.17578120 / 0.00000000 0.00000000 1.00000000 0.00000000 / 16 16 17 16 / 159 139 236 255 / -0.31169330 -0.91658170 0.25044980 1.00000000 / 0.76136780 0.40776060 / 0.0 0.0
				-0.07714844 0.03906250 0.68359370 / -0.95312500 0.28906250 -0.09765625 / 0.00000000 0.00000000 1.00000000 0.00000000 / 16 16 17 16 / 160 171 237 255 / -0.30251370 -0.85614020 0.41893860 1.00000000 / 0.76158140 0.39187620 / 0.0 0.0
				-0.07568359 0.03906250 0.67138670 / -0.94140630 0.33984380 -0.01171875 / 0.00000000 0.00000000 1.00000000 0.00000000 / 16 16 17 16 / 160 117 237 255 / -0.33293830 -0.91483610 0.22853270 1.00000000 / 0.76231380 0.42158510 / 0.0 0.0
				-0.08203125 0.02734375 0.69824220 / 0.58203120 0.16406250 0.79687500 / 0.00000000 0.00000000 1.00000000 0.00000000 / 16 16 17 16 / 174 192 255 255 / -0.49599210 -0.70469500 0.50734280 1.00000000 / 0.78453060 0.37408450 / 0.0 0.0
				-0.07617188 0.03759766 0.66259770 / -0.92187500 0.38671880 -0.00390625 / 0.00000000 0.00000000 1.00000000 0.00000000 / 16 16 17 16 / 159 90 237 255 / -0.38437450 -0.91482790 0.12388000 1.00000000 / 0.76208500 0.44195560 / 0.0 0.0
				-0.07763672 0.03613281 0.67675780 / -0.86718750 0.48046870 -0.13671870 / 0.00000000 0.00000000 1.00000000 0.00000000 / 16 16 17 16 / 159 81 236 255 / -0.49378920 -0.78463670 0.37485670 1.00000000 / 0.76724240 0.41185000 / 0.0 0.0
				-0.07617188 0.03662109 0.65625000 / -0.87500000 0.43359380 -0.22265630 / 0.00000000 0.00000000 1.00000000 0.00000000 / 16 16 17 16 / 156 97 233 255 / -0.44151590 -0.89717330 -0.01198721 1.00000000 / 0.76193240 0.45675660 / 0.0 0.0
				-0.07763672 0.03662109 0.67089840 / -0.74218750 0.67187500 0.00000000 / 0.00000000 0.00000000 1.00000000 0.00000000 / 16 16 17 16 / 160 62 237 255 / -0.64824240 -0.71595890 0.25920020 1.00000000 / 0.76724240 0.42457580 / 0.0 0.0
				-0.08105468 0.03369141 0.66210930 / -0.81250000 0.55468750 -0.17578120 / 0.00000000 0.00000000 1.00000000 0.00000000 / 16 16 17 16 / 158 40 236 255 / -0.56219480 -0.82694040 -0.01032761 1.00000000 / 0.77256770 0.44454960 / 0.0 0.0
				-0.08105468 0.03320312 0.66894530 / -0.85937500 0.50781250 0.04296875 / 0.00000000 0.00000000 1.00000000 0.00000000 / 16 16 17 16 / 160 23 237 255 / -0.50045200 -0.85736210 0.12032380 1.00000000 / 0.77461240 0.42976380 / 0.0 0.0
				-0.07910156 0.03417969 0.67675780 / -0.91015630 0.41406250 0.03125000 / 0.00000000 0.00000000 1.00000000 0.00000000 / 16 16 17 16 / 158 37 234 255 / -0.39450970 -0.88569630 0.24475360 1.00000000 / 0.77069090 0.41450500 / 0.0 0.0
				-0.08154297 0.02929688 0.66113280 / -0.95312500 0.28515620 -0.08593750 / 0.00000000 0.00000000 1.00000000 0.00000000 / 16 16 17 16 / 158 18 236 255 / -0.28636720 -0.95811880 -0.00144953 1.00000000 / 0.77976990 0.44564820 / 0.0 0.0
				-0.07958985 0.03076172 0.65185550 / -0.83203120 0.49218750 -0.25390630 / 0.00000000 0.00000000 1.00000000 0.00000000 / 16 16 17 16 / 154 63 230 255 / -0.48168670 -0.86974300 -0.10735480 1.00000000 / 0.77482610 0.46556090 / 0.0 0.0
				-0.08154297 0.02978515 0.66845700 / -0.98437500 0.17968750 0.04296875 / 0.00000000 0.00000000 1.00000000 0.00000000 / 16 16 17 16 / 160 5 239 255 / -0.17115920 -0.97351720 0.15155410 1.00000000 / 0.78010560 0.43188480 / 0.0 0.0
				-0.08203125 0.02294922 0.65087890 / -0.89843750 0.40625000 -0.16796870 / 0.00000000 0.00000000 1.00000000 0.00000000 / 16 16 17 16 / 154 54 228 255 / -0.38366540 -0.91100140 -0.15125240 1.00000000 / 0.78883360 0.46566770 / 0.0 0.0
				-0.08300782 0.01855469 0.66503910 / -0.98046870 0.19921870 0.04296875 / 0.00000000 0.00000000 1.00000000 0.00000000 / 16 16 17 16 / 161 3 239 255 / -0.19157520 -0.97199960 0.13607220 1.00000000 / 0.79869080 0.44084170 / 0.0 0.0
				-0.08349610 0.02197266 0.65771490 / -0.96875000 0.25000000 0.01562500 / 0.00000000 0.00000000 1.00000000 0.00000000 / 16 16 17 16 / 159 14 237 255 / -0.25014820 -0.96797360 -0.02127913 1.00000000 / 0.79273980 0.45201110 / 0.0 0.0
				-0.08007813 0.03076172 0.67626950 / -0.97656250 0.21484370 -0.04687500 / 0.00000000 0.00000000 1.00000000 0.00000000 / 16 16 17 16 / 157 17 234 255 / -0.21958310 -0.95786500 0.18514290 1.00000000 / 0.77600090 0.41596990 / 0.0 0.0
				-0.08642578 0.01074219 0.64990240 / -0.96093750 0.27734380 0.05078125 / 0.00000000 0.00000000 1.00000000 0.00000000 / 16 16 17 16 / 157 40 234 255 / -0.27801480 -0.96043040 -0.01677273 1.00000000 / 0.81208800 0.46397400 / 0.0 0.0
				-0.08300782 0.01855469 0.67480470 / -0.96875000 0.24609380 -0.02734375 / 0.00000000 0.00000000 1.00000000 0.00000000 / 16 16 17 16 / 156 15 233 255 / -0.24660650 -0.94884540 0.19717430 1.00000000 / 0.79820250 0.42395020 / 0.0 0.0
				-0.08300782 0.02880859 0.68701170 / -0.91796870 0.14062500 -0.36718750 / 0.00000000 0.00000000 1.00000000 0.00000000 / 16 16 17 16 / 152 73 227 255 / -0.29312720 -0.86853990 0.39964330 1.00000000 / 0.77905270 0.39703370 / 0.0 0.0
				-0.08349610 0.02099609 0.68652340 / -0.93750000 0.22656250 -0.26171870 / 0.00000000 0.00000000 1.00000000 0.00000000 / 16 16 17 16 / 148 46 219 255 / -0.29916020 -0.91144330 0.28244350 1.00000000 / 0.79264830 0.40318300 / 0.0 0.0
				-0.08056641 0.03417969 0.68359370 / -0.83203120 0.54296870 -0.10937500 / 0.00000000 0.00000000 1.00000000 0.00000000 / 16 16 17 16 / 159 134 237 255 / -0.53627340 -0.74000840 0.40595380 1.00000000 / 0.76902770 0.39671320 / 0.0 0.0
				-0.08203125 0.03076172 0.69384760 / -0.51171880 0.80468750 0.29296880 / 0.00000000 0.00000000 1.00000000 0.00000000 / 16 16 17 16 / 168 183 249 255 / -0.59139860 -0.57977650 0.56045240 1.00000000 / 0.77656550 0.38105770 / 0.0 0.0
				-0.08544922 0.02978515 0.69091800 / -0.84375000 0.47265620 -0.25390630 / 0.00000000 0.00000000 1.00000000 0.00000000 / 16 16 17 16 / 157 146 234 255 / -0.53606430 -0.72161300 0.43807500 1.00000000 / 0.78070070 0.38929750 / 0.0 0.0
				-0.08691406 0.02099609 0.69140620 / -0.76953130 0.14453130 -0.62109380 / 0.00000000 0.00000000 1.00000000 0.00000000 / 16 16 17 16 / 146 93 216 255 / -0.39600130 -0.87200220 0.28774150 1.00000000 / 0.79306030 0.39456180 / 0.0 0.0
				-0.08544922 0.02880859 0.69677740 / -0.71093750 0.65625000 0.24609380 / 0.00000000 0.00000000 1.00000000 0.00000000 / 16 16 17 16 / 167 182 249 255 / -0.53900610 -0.73658430 0.40855360 1.00000000 / 0.78198240 0.38174440 / 0.0 0.0
				-0.08398437 0.02783203 0.69775390 / -0.19140620 0.60937500 0.76953130 / 0.00000000 0.00000000 1.00000000 0.00000000 / 16 16 17 16 / 174 192 255 255 / -0.55782140 -0.71258360 0.42551110 1.00000000 / 0.78288270 0.37786860 / 0.0 0.0
				-0.09082031 0.02099609 0.69531250 / -0.86328130 0.36718750 -0.33984380 / 0.00000000 0.00000000 1.00000000 0.00000000 / 16 16 17 16 / 154 144 230 255 / -0.45255580 -0.86555590 0.21449080 1.00000000 / 0.79368590 0.38662720 / 0.0 0.0
				-0.09082031 0.02050781 0.69970700 / -0.80078130 0.48437500 0.35546870 / 0.00000000 0.00000000 1.00000000 0.00000000 / 16 16 17 16 / 167 174 249 255 / -0.44658870 -0.87512360 0.18632520 1.00000000 / 0.79539490 0.38075260 / 0.0 0.0
				-0.08837891 0.01953125 0.70166010 / -0.18750000 0.27734380 0.94140630 / 0.00000000 0.00000000 1.00000000 0.00000000 / 16 16 17 16 / 176 181 255 255 / -0.41989590 -0.88983370 0.17855980 1.00000000 / 0.79576110 0.37701420 / 0.0 0.0
				-0.08984375 0.01318359 0.69238280 / -0.74218750 0.27343750 -0.61328130 / 0.00000000 0.00000000 1.00000000 0.00000000 / 16 16 17 16 / 145 91 216 255 / -0.47226320 -0.86129050 0.18747330 1.00000000 / 0.80651860 0.39680480 / 0.0 0.0
				-0.09375000 0.01220703 0.69531250 / -0.87890620 0.33984380 -0.33593750 / 0.00000000 0.00000000 1.00000000 0.00000000 / 16 16 17 16 / 153 140 228 255 / -0.36852750 -0.92930510 0.02407632 1.00000000 / 0.80921940 0.38909910 / 0.0 0.0
				-0.08593750 0.01367187 0.68603510 / -0.89843750 0.33203120 -0.28125000 / 0.00000000 0.00000000 1.00000000 0.00000000 / 16 16 17 16 / 146 50 218 255 / -0.40520030 -0.87678110 0.25897430 1.00000000 / 0.80632020 0.40716550 / 0.0 0.0
				-0.09130859 0.00732422 0.69091800 / -0.73046870 0.46875000 -0.49609370 / 0.00000000 0.00000000 1.00000000 0.00000000 / 16 16 17 16 / 149 88 221 255 / -0.54283030 -0.83982270 0.00573692 1.00000000 / 0.81938170 0.40246580 / 0.0 0.0
				-0.08691406 0.00927734 0.68261720 / -0.87890620 0.43359380 -0.19140620 / 0.00000000 0.00000000 1.00000000 0.00000000 / 16 16 17 16 / 151 41 224 255 / -0.46391390 -0.87252730 0.15323180 1.00000000 / 0.81443790 0.41519160 / 0.0 0.0
				-0.09472656 0.01123047 0.70019530 / -0.82031250 0.19140620 0.53515630 / 0.00000000 0.00000000 1.00000000 0.00000000 / 16 16 17 16 / 167 165 248 255 / -0.24199430 -0.96996890 -0.02447382 1.00000000 / 0.81024170 0.38064570 / 0.0 0.0
				-0.09570313 0.00537109 0.69335940 / -0.85156250 0.41796880 -0.32031250 / 0.00000000 0.00000000 1.00000000 0.00000000 / 16 16 17 16 / 155 136 231 255 / -0.37475000 -0.90784500 -0.18809540 1.00000000 / 0.82154850 0.39299010 / 0.0 0.0
				-0.09619141 0.00390625 0.69726560 / -0.91406250 -0.10546870 0.38671880 / 0.00000000 0.00000000 1.00000000 0.00000000 / 16 16 17 16 / 166 160 248 255 / 0.06551741 -0.99100520 -0.11668910 1.00000000 / 0.82284540 0.38424680 / 0.0 0.0
				-0.09326172 0.00195313 0.68603510 / -0.69921880 0.66015630 -0.27343750 / 0.00000000 0.00000000 1.00000000 0.00000000 / 16 16 17 16 / 153 87 228 255 / -0.60871440 -0.75086330 -0.25626360 1.00000000 / 0.82667540 0.41029360 / 0.0 0.0
				-0.08789062 0.00488281 0.67529300 / -0.85546880 0.49609370 -0.14843750 / 0.00000000 0.00000000 1.00000000 0.00000000 / 16 16 17 16 / 155 46 231 255 / -0.50972590 -0.85727610 0.07250572 1.00000000 / 0.81938170 0.42739870 / 0.0 0.0
				-0.08593750 0.00537109 0.66748050 / -0.91406250 0.40625000 -0.03906250 / 0.00000000 0.00000000 1.00000000 0.00000000 / 16 16 17 16 / 159 17 237 255 / -0.40711740 -0.90624740 0.11389040 1.00000000 / 0.81838990 0.44032290 / 0.0 0.0
				-0.09716797 -0.00048828 0.68798830 / -0.86718750 0.44531250 -0.21875000 / 0.00000000 0.00000000 1.00000000 0.00000000 / 16 16 17 16 / 157 132 233 255 / -0.33932890 -0.85420930 -0.39393210 1.00000000 / 0.83100890 0.40222170 / 0.0 0.0
				-0.09277344 0.00097656 0.67724610 / -0.66796880 0.73828120 -0.11328120 / 0.00000000 0.00000000 1.00000000 0.00000000 / 16 16 17 16 / 156 80 233 255 / -0.70392150 -0.67207020 -0.22981760 1.00000000 / 0.82754520 0.42381290 / 0.0 0.0
				-0.09716797 -0.00292969 0.69140620 / -0.96484370 -0.21875000 0.15625000 / 0.00000000 0.00000000 1.00000000 0.00000000 / 16 16 17 16 / 164 155 245 255 / 0.19202830 -0.96739490 -0.16514310 1.00000000 / 0.83489990 0.39408870 / 0.0 0.0
				-0.09667969 -0.00244141 0.67968750 / -0.93359370 0.31640630 -0.16015630 / 0.00000000 0.00000000 1.00000000 0.00000000 / 16 16 17 16 / 157 130 233 255 / -0.24480730 -0.90258020 -0.35414460 1.00000000 / 0.83338930 0.41528320 / 0.0 0.0
				-0.09423828 -0.00537109 0.69189460 / -0.32421880 -0.73046870 0.60156250 / 0.00000000 0.00000000 1.00000000 0.00000000 / 16 16 17 16 / 171 159 254 255 / 0.84050870 -0.51405140 -0.17116120 1.00000000 / 0.83660890 0.39144900 / 0.0 0.0
				-0.09521484 -0.00195313 0.67529300 / -0.82812500 0.50781250 -0.23046880 / 0.00000000 0.00000000 1.00000000 0.00000000 / 16 16 17 16 / 155 112 231 255 / -0.35841270 -0.80204600 -0.47776830 1.00000000 / 0.83230590 0.42465210 / 0.0 0.0
				-0.09619141 -0.00634766 0.68212890 / -0.83984370 -0.53906250 -0.03906250 / 0.00000000 0.00000000 1.00000000 0.00000000 / 16 16 17 16 / 160 154 237 255 / 0.54084700 -0.84070860 -0.02633574 1.00000000 / 0.83644100 0.41122440 / 0.0 0.0
				-0.09423828 -0.00439453 0.67333980 / -0.89843750 -0.27734380 -0.33593750 / 0.00000000 0.00000000 1.00000000 0.00000000 / 16 16 17 16 / 155 147 230 255 / 0.32411480 -0.94182360 -0.08898158 1.00000000 / 0.83566290 0.42549130 / 0.0 0.0
				-0.08837891 0.00341797 0.66699220 / -0.71875000 0.69531250 -0.06250000 / 0.00000000 0.00000000 1.00000000 0.00000000 / 16 16 17 16 / 159 41 236 255 / -0.68281780 -0.71798510 -0.13511890 1.00000000 / 0.82215880 0.44155890 / 0.0 0.0
				-0.09082031 0.00000000 0.66552730 / -0.89843750 0.40234370 -0.16796870 / 0.00000000 0.00000000 1.00000000 0.00000000 / 16 16 17 16 / 156 82 231 255 / -0.32480080 -0.87537110 -0.35809210 1.00000000 / 0.82887270 0.44201660 / 0.0 0.0
				-0.08642578 0.00683594 0.65820310 / -0.94140630 0.32812500 0.07031250 / 0.00000000 0.00000000 1.00000000 0.00000000 / 16 16 17 16 / 161 16 239 255 / -0.32739210 -0.94451190 0.02667504 1.00000000 / 0.81811530 0.45494080 / 0.0 0.0
				-0.08837891 0.00439453 0.65576170 / -0.94531250 0.32812500 -0.02734375 / 0.00000000 0.00000000 1.00000000 0.00000000 / 16 16 17 16 / 157 57 234 255 / -0.31665300 -0.92846240 -0.19413540 1.00000000 / 0.82246400 0.45750430 / 0.0 0.0
				-0.09082031 -0.00292969 0.66406250 / -0.94921880 -0.17578120 -0.26171870 / 0.00000000 0.00000000 1.00000000 0.00000000 / 16 16 17 16 / 152 132 227 255 / 0.18167250 -0.98335810 0.00143662 1.00000000 / 0.83291630 0.44270320 / 0.0 0.0
				-0.08886719 0.00097656 0.65087890 / -0.98828130 -0.08203125 -0.13281250 / 0.00000000 0.00000000 1.00000000 0.00000000 / 16 16 17 16 / 151 120 224 255 / 0.05927203 -0.98445890 0.16530990 1.00000000 / 0.82922360 0.46247860 / 0.0 0.0
				-0.09179687 -0.00878906 0.67382810 / -0.67187500 -0.70312500 -0.23828120 / 0.00000000 0.00000000 1.00000000 0.00000000 / 16 16 17 16 / 157 165 233 255 / 0.71580140 -0.69719390 0.03935744 1.00000000 / 0.83839420 0.42611690 / 0.0 0.0
				-0.08886719 -0.00781250 0.66455080 / -0.69140620 -0.64843750 -0.32031250 / 0.00000000 0.00000000 1.00000000 0.00000000 / 16 16 17 16 / 151 167 224 255 / 0.64402570 -0.75309330 0.13446710 1.00000000 / 0.83610530 0.44345090 / 0.0 0.0
				-0.09326172 -0.00927734 0.68310550 / -0.42187500 -0.88281250 0.21093750 / 0.00000000 0.00000000 1.00000000 0.00000000 / 16 16 17 16 / 164 161 245 255 / 0.88340660 -0.45191200 -0.12396870 1.00000000 / 0.83955380 0.40898130 / 0.0 0.0
				-0.08935547 -0.01074219 0.68310550 / 0.42578120 -0.87109370 0.24609380 / 0.00000000 0.00000000 1.00000000 0.00000000 / 16 16 17 16 / 167 161 248 255 / 0.87874680 0.33281720 -0.34210630 1.00000000 / 0.84207160 0.40719610 / 0.0 0.0
				-0.08935547 -0.00537109 0.69189460 / 0.48046870 -0.60156250 0.64062500 / 0.00000000 0.00000000 1.00000000 0.00000000 / 16 16 17 16 / 172 160 255 255 / 0.85057910 0.14074120 -0.50666290 1.00000000 / 0.83816530 0.39028930 / 0.0 0.0
				-0.08837891 -0.01074219 0.67382810 / 0.45312500 -0.89062500 0.07031250 / 0.00000000 0.00000000 1.00000000 0.00000000 / 16 16 17 16 / 159 169 237 255 / 0.86579170 0.41861840 -0.27415900 1.00000000 / 0.84155270 0.42588810 / 0.0 0.0
				-0.07666016 -0.00341797 0.67285160 / 0.10156250 -0.98437500 0.13281250 / 0.00000000 0.00000000 1.00000000 0.00000000 / 16 16 17 16 / 160 173 237 255 / 0.99081910 0.08883508 -0.10191100 1.00000000 / 0.84881590 0.42555240 / 0.0 0.0
				-0.08837891 0.00341797 0.69873050 / 0.54687500 -0.44921870 0.70703130 / 0.00000000 0.00000000 1.00000000 0.00000000 / 16 16 17 16 / 176 165 255 255 / 0.65745700 -0.29229200 -0.69448960 1.00000000 / 0.82273860 0.37663270 / 0.0 0.0
				-0.07617188 -0.00292969 0.66455080 / -0.16015630 -0.96484370 -0.21484370 / 0.00000000 0.00000000 1.00000000 0.00000000 / 16 16 17 16 / 154 183 228 255 / 0.98658880 -0.14954510 -0.06541122 1.00000000 / 0.84619140 0.44476320 / 0.0 0.0
				-0.09277344 0.00341797 0.69921880 / -0.23828120 -0.47265620 0.84765630 / 0.00000000 0.00000000 1.00000000 0.00000000 / 16 16 17 16 / 174 164 255 255 / 0.51233760 -0.80320490 -0.30392800 1.00000000 / 0.82278440 0.37971500 / 0.0 0.0
				-0.08642578 -0.00878906 0.66406250 / 0.36328130 -0.91015630 -0.19140620 / 0.00000000 0.00000000 1.00000000 0.00000000 / 16 16 17 16 / 152 179 225 255 / 0.92522870 0.32938340 0.18830390 1.00000000 / 0.83901980 0.44392390 / 0.0 0.0
				-0.09179687 0.00976563 0.70214850 / -0.18750000 -0.02343750 0.98046870 / 0.00000000 0.00000000 1.00000000 0.00000000 / 16 16 17 16 / 176 170 255 255 / -0.13073890 -0.99021960 -0.04870642 1.00000000 / 0.81060790 0.37649540 / 0.0 0.0
				-0.08837891 0.00927734 0.70214850 / 0.34375000 -0.27343750 0.89843750 / 0.00000000 0.00000000 1.00000000 0.00000000 / 16 16 17 16 / 178 171 255 255 / -0.02241145 -0.95878330 -0.28325320 1.00000000 / 0.81057740 0.37342830 / 0.0 0.0
				-0.08496094 0.01855469 0.70068360 / 0.54296870 -0.08984375 0.83593750 / 0.00000000 0.00000000 1.00000000 0.00000000 / 16 16 17 16 / 177 181 255 255 / -0.35408940 -0.92607770 0.13038740 1.00000000 / 0.79684450 0.37295530 / 0.0 0.0
				-0.08642578 -0.00244141 0.65185550 / -0.57031250 -0.73046870 -0.37109380 / 0.00000000 0.00000000 1.00000000 0.00000000 / 16 16 17 16 / 145 171 215 255 / 0.65282180 -0.67965750 0.33449860 1.00000000 / 0.83235170 0.46377560 / 0.0 0.0
				-0.08349610 -0.00390625 0.65283200 / 0.29296880 -0.87500000 -0.38671880 / 0.00000000 0.00000000 1.00000000 0.00000000 / 16 16 17 16 / 143 193 212 255 / 0.85365290 0.05705008 0.51770840 1.00000000 / 0.83540340 0.46510310 / 0.0 0.0
				-0.08886719 0.00585938 0.64160160 / -0.99218750 0.08593750 -0.08984375 / 0.00000000 0.00000000 1.00000000 0.00000000 / 16 16 17 16 / 147 112 219 255 / -0.09339143 -0.99219470 0.08262978 1.00000000 / 0.82109070 0.47747800 / 0.0 0.0
				-0.08691406 0.00341797 0.63964840 / -0.56250000 -0.58593750 -0.58593750 / 0.00000000 0.00000000 1.00000000 0.00000000 / 16 16 17 16 / 136 175 201 255 / 0.55197730 -0.79169940 0.26178830 1.00000000 / 0.82276920 0.48172000 / 0.0 0.0
				-0.07470703 0.00048828 0.65527350 / -0.14062500 -0.89453130 -0.42187500 / 0.00000000 0.00000000 1.00000000 0.00000000 / 16 16 17 16 / 146 196 216 255 / 0.91472570 -0.28058450 0.29077350 1.00000000 / 0.83851620 0.46873470 / 0.0 0.0
				-0.08496094 0.01464844 0.64599610 / -0.91406250 0.40625000 -0.01953125 / 0.00000000 0.00000000 1.00000000 0.00000000 / 16 16 17 16 / 153 59 228 255 / -0.39750430 -0.90239570 -0.16635010 1.00000000 / 0.80319210 0.47239690 / 0.0 0.0
				-0.08593750 0.01367187 0.63720710 / -0.90234380 0.33984380 -0.25781250 / 0.00000000 0.00000000 1.00000000 0.00000000 / 16 16 17 16 / 142 114 212 255 / -0.27454440 -0.92643950 -0.25755640 1.00000000 / 0.80618290 0.48963930 / 0.0 0.0
				-0.08056641 0.02197266 0.63720710 / -0.77343750 0.54687500 -0.32031250 / 0.00000000 0.00000000 1.00000000 0.00000000 / 16 16 17 16 / 142 123 212 255 / -0.41835440 -0.82021110 -0.39017070 1.00000000 / 0.78675840 0.49284360 / 0.0 0.0
				-0.08349610 0.01171875 0.63378910 / -0.57812500 0.01953125 -0.81640630 / 0.00000000 0.00000000 1.00000000 0.00000000 / 16 16 17 16 / 127 177 188 255 / 0.04487920 -0.99743850 -0.05569655 1.00000000 / 0.80719000 0.49362180 / 0.0 0.0
				-0.08349610 0.00390625 0.63867190 / 0.39062500 -0.75000000 -0.53515630 / 0.00000000 0.00000000 1.00000000 0.00000000 / 16 16 17 16 / 131 205 194 255 / 0.72162400 -0.11176910 0.68320310 1.00000000 / 0.82449340 0.48753360 / 0.0 0.0
				-0.07861328 0.01953125 0.63330080 / -0.39843750 0.39062500 -0.83203120 / 0.00000000 0.00000000 1.00000000 0.00000000 / 16 16 17 16 / 127 184 189 255 / -0.17819450 -0.92090060 -0.34668270 1.00000000 / 0.78611760 0.49737550 / 0.0 0.0
				-0.07226562 0.02685547 0.63671870 / -0.77734370 0.31250000 -0.54687500 / 0.00000000 0.00000000 1.00000000 0.00000000 / 16 16 17 16 / 139 194 206 255 / -0.14823100 -0.93461410 -0.32330200 1.00000000 / 0.77345280 0.50550840 / 0.0 0.0
				-0.08007813 0.01074219 0.63330080 / 0.18359380 -0.42578120 -0.88671870 / 0.00000000 0.00000000 1.00000000 0.00000000 / 16 16 17 16 / 119 207 177 255 / 0.65778100 -0.61718140 0.43175380 1.00000000 / 0.80839540 0.49838260 / 0.0 0.0
				-0.07568359 0.01757812 0.63232420 / -0.10156250 0.15234370 -0.98437500 / 0.00000000 0.00000000 1.00000000 0.00000000 / 16 16 17 16 / 119 210 177 255 / -0.10202880 -0.98462400 -0.14179490 1.00000000 / 0.78540040 0.50247190 / 0.0 0.0
				-0.07031250 0.02294922 0.62304690 / -0.98046870 -0.16406250 -0.12109380 / 0.00000000 0.49411760 0.50588240 0.00000000 / 16 29 17 16 / 148 186 219 255 / 0.12848420 -0.95768030 0.25756610 1.00000000 / 0.76783760 0.53892520 / 0.0 0.0
				-0.07128906 0.02294922 0.63281250 / -0.84765630 -0.02734375 -0.53125000 / 0.00000000 0.00000000 1.00000000 0.00000000 / 16 29 17 16 / 133 203 197 255 / 0.11485810 -0.98453270 -0.13229900 1.00000000 / 0.77722170 0.51312260 / 0.0 0.0
				-0.07373047 0.01660156 0.63378910 / 0.45703120 -0.50781250 -0.73046870 / 0.00000000 0.00000000 1.00000000 0.00000000 / 16 16 17 16 / 120 213 179 255 / -0.10346480 -0.84584540 0.52329770 1.00000000 / 0.79200740 0.50512690 / 0.0 0.0
				-0.07031250 0.01904297 0.63378910 / -0.83203120 -0.31250000 -0.45312500 / 0.00000000 0.00000000 1.00000000 0.00000000 / 16 29 17 16 / 133 204 197 255 / 0.16054860 -0.92515610 0.34396270 1.00000000 / 0.78767400 0.51329040 / 0.0 0.0
				-0.07324219 0.01513672 0.63525390 / 0.44921870 -0.63671870 -0.62890620 / 0.00000000 0.00000000 1.00000000 0.00000000 / 16 16 17 16 / 123 213 183 255 / 0.61311070 -0.29267560 0.73378220 1.00000000 / 0.79658510 0.50697330 / 0.0 0.0
				-0.06933594 0.01855469 0.62304690 / -0.97656250 -0.17187500 -0.11718750 / 0.00000000 0.46666670 0.53333340 0.00000000 / 16 29 17 16 / 147 185 219 255 / 0.13525630 -0.95307100 0.27085330 1.00000000 / 0.77500920 0.54359440 / 0.0 0.0
				-0.07324219 0.00683594 0.64404300 / 0.11718750 -0.76562500 -0.63281250 / 0.00000000 0.00000000 1.00000000 0.00000000 / 16 16 17 16 / 135 208 200 255 / 0.79024840 -0.31400660 0.52621990 1.00000000 / 0.82450870 0.49256900 / 0.0 0.0
				-0.06982422 0.01562500 0.63525390 / -0.94531250 -0.14843750 -0.28906250 / 0.00000000 0.00000000 1.00000000 0.00000000 / 16 16 17 16 / 137 208 203 255 / 0.10279360 -0.98045850 0.16773350 1.00000000 / 0.79708860 0.51120000 / 0.0 0.0
				-0.07128906 0.00439453 0.64062500 / -0.94531250 -0.18359380 -0.27734380 / 0.00000000 0.00000000 1.00000000 0.00000000 / 16 16 17 16 / 145 207 215 255 / 0.20458620 -0.97752380 -0.05091092 1.00000000 / 0.82293700 0.50015260 / 0.0 0.0
				-0.06787109 0.02001953 0.60937500 / -0.97265620 -0.14062500 -0.18359380 / 0.00000000 0.12549020 0.87450980 0.00000000 / 16 17 29 16 / 152 165 227 255 / 0.09395037 -0.96572150 0.24198190 1.00000000 / 0.75523380 0.57951350 / 0.0 0.0
				-0.03564453 0.06835937 0.80371090 / -0.30468750 0.15234370 0.94140630 / 0.00000000 0.00000000 1.00000000 0.00000000 / 16 16 17 16 / 178 30 255 255 / -0.38558250 -0.92234880 0.02446910 1.00000000 / 0.65972900 0.06918335 / 0.0 0.0
				-0.01513672 0.10498050 0.79101560 / -0.33203120 0.53906250 0.77343750 / 0.00000000 0.00000000 1.00000000 0.00000000 / 16 16 17 16 / 174 50 255 255 / -0.69010240 -0.69820970 0.19042530 1.00000000 / 0.57069400 0.08845520 / 0.0 0.0
				-0.03613281 0.09570313 0.79199220 / -0.39843750 0.53125000 0.74609370 / 0.00000000 0.00000000 1.00000000 0.00000000 / 16 16 17 16 / 173 52 255 255 / -0.67105900 -0.72446330 0.15758450 1.00000000 / 0.60987860 0.10897830 / 0.0 0.0
				-0.00634766 0.10791020 0.79394530 / -0.39843750 0.58984370 0.70312500 / 0.00000000 0.00000000 1.00000000 0.00000000 / 16 16 17 16 / 174 49 255 255 / -0.74750270 -0.65261160 0.12384570 1.00000000 / 0.53572080 0.07717895 / 0.0 0.0
				-0.01513672 0.11474610 0.77636720 / -0.40234370 0.81640630 0.41015630 / 0.00000000 0.00000000 1.00000000 0.00000000 / 16 16 17 16 / 167 82 249 255 / -0.81543050 -0.52468740 0.24449200 1.00000000 / 0.55101010 0.12283320 / 0.0 0.0
				-0.03320312 0.10546870 0.77636720 / -0.53515630 0.79687500 0.28125000 / 0.00000000 0.00000000 1.00000000 0.00000000 / 16 16 17 16 / 167 80 248 255 / -0.77446200 -0.59549290 0.21353390 1.00000000 / 0.58702090 0.13816830 / 0.0 0.0
				-0.05566406 0.08056641 0.78955080 / -0.62109380 0.50390620 0.60156250 / 0.00000000 0.00000000 1.00000000 0.00000000 / 16 16 17 16 / 172 57 255 255 / -0.59737520 -0.80017800 0.05345974 1.00000000 / 0.65682980 0.12411500 / 0.0 0.0
				-0.01074219 0.14013670 0.65478520 / -0.59375000 0.06640625 -0.80078130 / 0.00000000 0.00000000 1.00000000 0.00000000 / 16 16 17 16 / 119 0 177 255 / 0.40400510 0.88637360 -0.22610110 1.00000000 / 0.77551270 0.86804200 / 0.0 0.0
				-0.00830078 0.14404300 0.65283200 / -0.66796880 0.16406250 -0.72656250 / 0.00000000 0.00000000 1.00000000 0.00000000 / 16 16 17 16 / 117 0 173 255 / 0.63268060 0.63915700 -0.43725690 1.00000000 / 0.78710940 0.86805730 / 0.0 0.0
				-0.00927734 0.14257810 0.65332030 / 0.09765625 -0.57421870 -0.81250000 / 0.00000000 0.00000000 1.00000000 0.00000000 / 16 16 17 16 / 112 0 165 255 / 0.58309180 0.69480160 -0.42101630 1.00000000 / 0.78787230 0.85937500 / 0.0 0.0
				-0.00585938 0.14550780 0.65087890 / -0.53125000 0.23437500 -0.81640630 / 0.00000000 0.00000000 1.00000000 0.00000000 / 16 16 17 16 / 114 0 170 255 / 0.60581350 0.77732190 -0.16959020 1.00000000 / 0.79820250 0.86817930 / 0.0 0.0
				-0.01025391 0.13964840 0.65429690 / 0.71093750 -0.40625000 -0.57421870 / 0.00000000 0.00000000 1.00000000 0.00000000 / 16 16 17 16 / 113 0 168 255 / 0.35783850 0.91167940 -0.20197050 1.00000000 / 0.77708440 0.85916140 / 0.0 0.0
				-0.01220703 0.13574220 0.65478520 / -0.48437500 0.18750000 -0.85546880 / 0.00000000 0.00000000 1.00000000 0.00000000 / 16 16 17 16 / 121 0 180 255 / 0.38501190 0.92277700 -0.01575793 1.00000000 / 0.76281740 0.86773680 / 0.0 0.0
				-0.00683594 0.14355470 0.65136720 / -0.55078120 -0.39062500 -0.73828120 / 0.00000000 0.00000000 1.00000000 0.00000000 / 16 16 17 16 / 112 0 165 255 / -0.10977350 0.90997580 -0.39986720 -1.00000000 / 0.79792790 0.85968020 / 0.0 0.0
				-0.00390625 0.14208980 0.64990240 / -0.47656250 0.13281250 -0.87109370 / 0.00000000 0.00000000 1.00000000 0.00000000 / 16 16 17 16 / 113 0 168 255 / -0.22225990 0.93824280 0.26514340 -1.00000000 / 0.78756710 0.86810310 / 0.0 0.0
				-0.00927734 0.14013670 0.65673830 / -0.64843750 0.02734375 -0.76171880 / 0.00000000 0.00000000 1.00000000 0.00000000 / 16 16 17 16 / 113 0 167 255 / -0.47627460 -0.79396700 0.37786090 1.00000000 / 0.78903200 0.81974790 / 0.0 0.0
				-0.00537109 0.14208980 0.65087890 / -0.78515620 -0.02734375 -0.61718750 / 0.00000000 0.00000000 1.00000000 0.00000000 / 16 16 17 16 / 114 0 168 255 / -0.09837002 0.99183060 0.08121097 -1.00000000 / 0.78768920 0.85949710 / 0.0 0.0
				-0.00488281 0.13720700 0.64990240 / -0.55859380 0.21484370 -0.80078130 / 0.00000000 0.00000000 1.00000000 0.00000000 / 16 16 17 16 / 118 0 176 255 / 0.44910130 0.89037540 -0.07442895 -1.00000000 / 0.77531430 0.86795040 / 0.0 0.0
				-0.00585938 0.13867190 0.65087890 / -0.76562500 0.30078130 -0.57031250 / 0.00000000 0.00000000 1.00000000 0.00000000 / 16 16 17 16 / 117 0 173 255 / 0.49963040 0.83501620 -0.23047220 -1.00000000 / 0.77729800 0.85902400 / 0.0 0.0
				-0.01025391 0.13183590 0.65185550 / -0.55859380 0.47656250 -0.67968750 / 0.00000000 0.00000000 1.00000000 0.00000000 / 16 16 17 16 / 126 0 188 255 / 0.78150720 0.57686090 -0.23765100 -1.00000000 / 0.76277160 0.86770630 / 0.0 0.0
				-0.00976563 0.13427730 0.65283200 / -0.62500000 0.47656250 -0.62109380 / 0.00000000 0.00000000 1.00000000 0.00000000 / 16 16 17 16 / 119 0 176 255 / -0.64898920 -0.75732680 0.07258800 1.00000000 / 0.76647950 0.85850530 / 0.0 0.0
				-0.01367187 0.13134770 0.65332030 / -0.46093750 0.53515630 -0.70703130 / 0.00000000 0.00000000 1.00000000 0.00000000 / 16 16 17 16 / 126 0 188 255 / 0.11493790 0.82681700 0.55060210 1.00000000 / 0.74940490 0.86729430 / 0.0 0.0
				-0.01123047 0.13720700 0.65478520 / 0.82812500 -0.55468750 0.07812500 / 0.00000000 0.00000000 1.00000000 0.00000000 / 16 16 17 16 / 115 0 171 255 / -0.55778520 -0.82973740 0.02028675 -1.00000000 / 0.76707460 0.85847480 / 0.0 0.0
				-0.01123047 0.13818360 0.65673830 / -0.26562500 0.46875000 -0.84375000 / 0.00000000 0.00000000 1.00000000 0.00000000 / 16 16 17 16 / 113 0 168 255 / -0.76385890 -0.63542580 -0.11293190 -1.00000000 / 0.78889460 0.82002260 / 0.0 0.0
				-0.01220703 0.13330080 0.65380860 / -0.39062500 0.51953120 -0.75781250 / 0.00000000 0.00000000 1.00000000 0.00000000 / 16 16 17 16 / 117 0 174 255 / 0.05918866 0.83747200 0.54326550 1.00000000 / 0.75502010 0.85835270 / 0.0 0.0
				-0.01367187 0.13330080 0.65429690 / -0.55078120 0.44531250 -0.70703130 / 0.00000000 0.00000000 1.00000000 0.00000000 / 16 16 17 16 / 123 0 183 255 / 0.04077543 0.85941530 0.50964960 1.00000000 / 0.74960330 0.86727900 / 0.0 0.0
				-0.01220703 0.13476560 0.65478520 / 0.78906250 -0.03906250 -0.61328130 / 0.00000000 0.00000000 1.00000000 0.00000000 / 16 16 17 16 / 116 0 171 255 / 0.30949180 0.88745100 0.34153420 1.00000000 / 0.75544740 0.85849000 / 0.0 0.0
				0.00976563 0.14257810 0.65332030 / -0.09765625 -0.57421870 -0.81250000 / 0.00000000 0.00000000 1.00000000 0.00000000 / 16 16 17 16 / 111 0 165 255 / -0.57432720 0.69945040 -0.42534390 -1.00000000 / 0.78787230 0.85937500 / 0.0 0.0
				0.00878906 0.14404300 0.65283200 / 0.67187500 0.16015630 -0.72656250 / 0.00000000 0.00000000 1.00000000 0.00000000 / 16 16 17 16 / 117 0 174 255 / -0.64749260 0.60340660 -0.46546080 -1.00000000 / 0.78710940 0.86805730 / 0.0 0.0
				0.01123047 0.14013670 0.65478520 / 0.59375000 0.06640625 -0.80078130 / 0.00000000 0.00000000 1.00000000 0.00000000 / 16 16 17 16 / 119 0 177 255 / -0.39165430 0.89433030 -0.21628760 -1.00000000 / 0.77551270 0.86804200 / 0.0 0.0
				0.00634766 0.14501950 0.65087890 / 0.53125000 0.23437500 -0.81640630 / 0.00000000 0.00000000 1.00000000 0.00000000 / 16 16 17 16 / 114 0 170 255 / -0.65699100 0.72140810 -0.21893670 -1.00000000 / 0.79820250 0.86817930 / 0.0 0.0
				0.01074219 0.13916020 0.65429690 / -0.71093750 -0.40625000 -0.57421870 / 0.00000000 0.00000000 1.00000000 0.00000000 / 16 16 17 16 / 112 0 167 255 / -0.35799840 0.91166320 -0.20176060 -1.00000000 / 0.77708440 0.85916140 / 0.0 0.0
				0.01269531 0.13574220 0.65478520 / 0.48437500 0.18750000 -0.85546880 / 0.00000000 0.00000000 1.00000000 0.00000000 / 16 16 17 16 / 121 0 179 255 / -0.39749390 0.91728970 -0.02404526 -1.00000000 / 0.76281740 0.86773680 / 0.0 0.0
				0.00732422 0.14355470 0.65136720 / 0.55078120 -0.39062500 -0.73828120 / 0.00000000 0.00000000 1.00000000 0.00000000 / 16 16 17 16 / 111 0 165 255 / 0.10309300 0.90882930 -0.40422910 1.00000000 / 0.79792790 0.85968020 / 0.0 0.0
				0.00439453 0.14208980 0.64990240 / 0.47656250 0.13281250 -0.87109370 / 0.00000000 0.00000000 1.00000000 0.00000000 / 16 16 17 16 / 112 0 167 255 / 0.23661670 0.93270940 0.27215010 1.00000000 / 0.78756710 0.86810310 / 0.0 0.0
				0.01171875 0.13720700 0.65478520 / -0.84765630 -0.40625000 -0.33984380 / 0.00000000 0.00000000 1.00000000 0.00000000 / 16 16 17 16 / 114 0 168 255 / -0.39823360 0.91213000 -0.09710332 -1.00000000 / 0.76707460 0.85847480 / 0.0 0.0
				0.00585938 0.14208980 0.65087890 / 0.78515620 -0.03125000 -0.61718750 / 0.00000000 0.00000000 1.00000000 0.00000000 / 16 16 17 16 / 113 0 167 255 / 0.10141450 0.99171680 0.07882127 1.00000000 / 0.78768920 0.85949710 / 0.0 0.0
				0.00537109 0.13720700 0.64990240 / 0.55859380 0.21093750 -0.80078130 / 0.00000000 0.00000000 1.00000000 0.00000000 / 16 16 17 16 / 118 0 176 255 / -0.44706170 0.89116250 -0.07723434 1.00000000 / 0.77531430 0.86795040 / 0.0 0.0
				0.00976563 0.14013670 0.65673830 / 0.62500000 -0.00781250 -0.78125000 / 0.00000000 0.00000000 1.00000000 0.00000000 / 16 16 17 16 / 112 0 165 255 / 0.48805940 -0.77633440 0.39887690 -1.00000000 / 0.78903200 0.81974790 / 0.0 0.0
				0.00634766 0.13867190 0.65087890 / 0.76562500 0.29687500 -0.57031250 / 0.00000000 0.00000000 1.00000000 0.00000000 / 16 16 17 16 / 116 0 173 255 / -0.49722670 0.83593370 -0.23233680 1.00000000 / 0.77729800 0.85902400 / 0.0 0.0
				0.01074219 0.13183590 0.65185550 / 0.56250000 0.47656250 -0.67968750 / 0.00000000 0.00000000 1.00000000 0.00000000 / 16 16 17 16 / 127 0 188 255 / -0.78005700 0.57805120 -0.23951590 1.00000000 / 0.76277160 0.86770630 / 0.0 0.0
				0.01269531 0.13476560 0.65478520 / -0.86718750 -0.50000000 0.00000000 / 0.00000000 0.00000000 1.00000000 0.00000000 / 16 16 17 16 / 115 0 171 255 / 0.49000920 -0.85177450 0.18539440 1.00000000 / 0.75544740 0.85849000 / 0.0 0.0
				0.01416016 0.13330080 0.65429690 / 0.55078120 0.44140630 -0.70703130 / 0.00000000 0.00000000 1.00000000 0.00000000 / 16 16 17 16 / 123 0 183 255 / -0.03886496 0.86100300 0.50711280 -1.00000000 / 0.74960330 0.86727900 / 0.0 0.0
				0.01025391 0.13427730 0.65283200 / 0.62500000 0.47265620 -0.62109380 / 0.00000000 0.00000000 1.00000000 0.00000000 / 16 16 17 16 / 119 0 176 255 / 0.64747700 -0.75845210 0.07432405 -1.00000000 / 0.76647950 0.85850530 / 0.0 0.0
				0.01416016 0.13134770 0.65332030 / 0.46484380 0.53515630 -0.70703130 / 0.00000000 0.00000000 1.00000000 0.00000000 / 16 16 17 16 / 126 0 188 255 / -0.11549480 0.82683940 0.55045200 -1.00000000 / 0.74940490 0.86729430 / 0.0 0.0
				0.01171875 0.13818360 0.65673830 / 0.39843750 0.51171880 -0.76171880 / 0.00000000 0.00000000 1.00000000 0.00000000 / 16 16 17 16 / 113 0 168 255 / 0.75731170 -0.65171610 -0.04177663 1.00000000 / 0.78889460 0.82002260 / 0.0 0.0
				0.01269531 0.13330080 0.65380860 / 0.39453130 0.51953120 -0.75781250 / 0.00000000 0.00000000 1.00000000 0.00000000 / 16 16 17 16 / 118 0 174 255 / -0.05948682 0.83750670 0.54317960 -1.00000000 / 0.75502010 0.85835270 / 0.0 0.0
				0.08300782 0.01855469 0.66503910 / 0.98046870 0.19531250 0.04296875 / 0.00000000 0.00000000 1.00000000 0.00000000 / 16 16 17 16 / 161 2 239 255 / -0.18786750 0.97284090 -0.13522770 1.00000000 / 0.20135500 0.44084170 / 0.0 0.0
				0.08349610 0.02148437 0.65771490 / 0.96875000 0.24609380 0.01562500 / 0.00000000 0.00000000 1.00000000 0.00000000 / 16 16 17 16 / 159 12 237 255 / -0.24646300 0.96892610 0.02093384 1.00000000 / 0.20730590 0.45201110 / 0.0 0.0
				0.08154297 0.02929688 0.66845700 / 0.98437500 0.17578120 0.04296875 / 0.00000000 0.00000000 1.00000000 0.00000000 / 16 16 17 16 / 160 2 239 255 / -0.16703320 0.97352130 -0.15606430 1.00000000 / 0.21994020 0.43188480 / 0.0 0.0
				0.08154297 0.02929688 0.66113280 / 0.95703130 0.28125000 -0.08593750 / 0.00000000 0.00000000 1.00000000 0.00000000 / 16 16 17 16 / 159 8 236 255 / -0.28196520 0.95942390 0.00118697 1.00000000 / 0.22027590 0.44564820 / 0.0 0.0
				0.08007813 0.03027344 0.65185550 / 0.83593750 0.48828130 -0.25390630 / 0.00000000 0.00000000 1.00000000 0.00000000 / 16 16 17 16 / 154 42 230 255 / -0.47936850 0.87203150 0.09882679 1.00000000 / 0.22521970 0.46556090 / 0.0 0.0
				0.07617188 0.03613281 0.65625000 / 0.87500000 0.42968750 -0.22265630 / 0.00000000 0.00000000 1.00000000 0.00000000 / 16 16 17 16 / 156 52 233 255 / -0.43857740 0.89863000 0.01067410 1.00000000 / 0.23811340 0.45675660 / 0.0 0.0
				0.08105468 0.03369141 0.66210930 / 0.81640630 0.55078120 -0.17578120 / 0.00000000 0.00000000 1.00000000 0.00000000 / 16 16 17 16 / 158 9 236 255 / -0.55845460 0.82951580 0.00565722 1.00000000 / 0.22749330 0.44454960 / 0.0 0.0
				0.07617188 0.03710938 0.66259770 / 0.92187500 0.38281250 -0.00390625 / 0.00000000 0.00000000 1.00000000 0.00000000 / 16 16 17 16 / 159 31 237 255 / -0.38137940 0.91570130 -0.12665250 1.00000000 / 0.23797610 0.44195560 / 0.0 0.0
				0.08105468 0.03271484 0.66894530 / 0.85937500 0.50781250 0.04296875 / 0.00000000 0.00000000 1.00000000 0.00000000 / 16 16 17 16 / 160 5 237 255 / -0.50003300 0.85706910 -0.12409400 1.00000000 / 0.22544860 0.42976380 / 0.0 0.0
				0.07568359 0.03857422 0.67138670 / 0.94140630 0.33593750 -0.01171875 / 0.00000000 0.00000000 1.00000000 0.00000000 / 16 16 17 16 / 160 51 237 255 / -0.33020710 0.91719590 -0.22296830 1.00000000 / 0.23773190 0.42158510 / 0.0 0.0
				0.07812500 0.03613281 0.67089840 / 0.74218750 0.66796880 0.00000000 / 0.00000000 0.00000000 1.00000000 0.00000000 / 16 16 17 16 / 160 17 237 255 / -0.64539320 0.71731870 -0.26252900 1.00000000 / 0.23281860 0.42457580 / 0.0 0.0
				0.07812500 0.03564453 0.67675780 / 0.86718750 0.47656250 -0.13671870 / 0.00000000 0.00000000 1.00000000 0.00000000 / 16 16 17 16 / 159 50 236 255 / -0.49096620 0.78470350 -0.37840790 1.00000000 / 0.23280330 0.41185000 / 0.0 0.0
				0.07910156 0.03369141 0.67675780 / 0.91015630 0.41406250 0.03125000 / 0.00000000 0.00000000 1.00000000 0.00000000 / 16 16 17 16 / 158 27 236 255 / -0.39153370 0.88070150 -0.26658220 1.00000000 / 0.22937010 0.41450500 / 0.0 0.0
				0.08007813 0.03076172 0.67626950 / 0.97656250 0.21093750 -0.04687500 / 0.00000000 0.00000000 1.00000000 0.00000000 / 16 16 17 16 / 158 16 234 255 / -0.21599770 0.95660160 -0.19559730 1.00000000 / 0.22406010 0.41596990 / 0.0 0.0
				-0.02343750 0.10986330 0.69384760 / -0.13281250 0.53906250 -0.83203120 / 0.00000000 0.00000000 1.00000000 0.00000000 / 16 16 17 16 / 114 0 170 255 / -0.97290250 0.08939421 0.21323560 1.00000000 / 0.58035280 0.35231020 / 0.0 0.0
				-0.02294922 0.10986330 0.69384760 / -0.15625000 0.58203120 -0.79687500 / 0.00000000 0.00000000 1.00000000 0.00000000 / 16 16 17 16 / 125 0 186 255 / -0.95017280 -0.30919620 -0.03961718 1.00000000 / 0.57983400 0.35272220 / 0.0 0.0
				-0.03271484 0.10595700 0.69287110 / -0.29296880 0.73828120 0.60937500 / 0.00000000 0.00000000 1.00000000 0.00000000 / 16 16 17 16 / 144 0 213 255 / -0.95234760 -0.28050600 -0.11979350 1.00000000 / 0.59552000 0.35610960 / 0.0 0.0
				-0.02685547 0.11230470 0.69580080 / 0.01953125 0.42578120 -0.90234380 / 0.00000000 0.45882350 0.54117650 0.00000000 / 16 23 17 16 / 108 0 161 255 / -0.84452910 0.49091920 0.21393640 1.00000000 / 0.58290100 0.35173030 / 0.0 0.0
				-0.02246094 0.10986330 0.69384760 / -0.15625000 0.58203120 -0.79687500 / 0.00000000 0.00000000 1.00000000 0.00000000 / 16 16 17 16 / 144 1 213 255 / -0.95151030 -0.30545940 -0.03636954 1.00000000 / 0.57899480 0.35336300 / 0.0 0.0
				-0.03173828 0.11376950 0.69677740 / 0.01953125 0.42578120 -0.90234380 / 0.00000000 0.00000000 1.00000000 0.00000000 / 16 23 17 16 / 104 0 156 255 / -0.87995270 0.43665750 0.18711870 1.00000000 / 0.59054560 0.35255430 / 0.0 0.0
				-0.02294922 0.10986330 0.69287110 / -0.29296880 0.73828120 0.60937500 / 0.00000000 0.00000000 1.00000000 0.00000000 / 16 16 17 16 / 161 1 240 255 / -0.87845400 -0.45872020 0.13377010 1.00000000 / 0.57933050 0.35459900 / 0.0 0.0
				-0.03710938 0.11328120 0.69628900 / 0.13281250 0.48046870 -0.86718750 / 0.00000000 0.00392157 0.99607840 0.00000000 / 16 23 17 16 / 106 0 158 255 / -0.91388520 0.39791500 0.08048275 1.00000000 / 0.59802250 0.35345460 / 0.0 0.0
				-0.02392578 0.10986330 0.69287110 / -0.29296880 0.73828120 0.60937500 / 0.00000000 0.00000000 1.00000000 0.00000000 / 16 16 17 16 / 169 0 252 255 / -0.82178120 -0.51928230 0.23456680 1.00000000 / 0.57968140 0.35484320 / 0.0 0.0
				-0.02539063 0.10986330 0.69189460 / -0.22656250 0.60156250 0.76562500 / 0.00000000 0.00000000 1.00000000 0.00000000 / 16 16 17 16 / 171 0 255 255 / -0.83089540 -0.52970950 0.17035450 1.00000000 / 0.58064270 0.35551450 / 0.0 0.0
				-0.04394531 0.11083980 0.69384760 / 0.16015630 0.51171880 -0.84375000 / 0.00000000 0.00784314 0.99215690 0.00000000 / 20 23 17 16 / 128 0 191 255 / -0.83868860 0.52147080 0.15706520 1.00000000 / 0.61807250 0.35749820 / 0.0 0.0
				-0.02783203 0.10937500 0.69091800 / -0.33984380 0.79296870 0.50390620 / 0.00000000 0.00000000 1.00000000 0.00000000 / 16 16 17 16 / 171 0 255 255 / -0.88385070 -0.45298060 0.11669000 1.00000000 / 0.58551030 0.35797120 / 0.0 0.0
				-0.04443359 0.10839840 0.69238280 / 0.16406250 0.72656250 -0.66406250 / 0.00000000 0.00000000 1.00000000 0.00000000 / 16 20 17 16 / 146 1 218 255 / -0.90840210 0.37499940 0.18488120 1.00000000 / 0.62098690 0.35925290 / 0.0 0.0
				-0.03369141 0.10791020 0.68896480 / -0.33984380 0.79296870 0.50390620 / 0.00000000 0.00000000 1.00000000 0.00000000 / 16 16 17 16 / 171 0 254 255 / -0.89434700 -0.43877480 0.08729245 1.00000000 / 0.59480290 0.36074830 / 0.0 0.0
				-0.04394531 0.10791020 0.69238280 / 0.16406250 0.72656250 -0.66406250 / 0.00000000 0.00000000 1.00000000 0.00000000 / 16 20 17 16 / 159 0 237 255 / -0.90360170 0.38187790 0.19409580 1.00000000 / 0.61993410 0.35952760 / 0.0 0.0
				-0.03955078 0.10546870 0.68896480 / 0.06640625 0.97656250 -0.21484370 / 0.00000000 0.00000000 1.00000000 0.00000000 / 16 16 17 16 / 169 0 252 255 / -0.99162000 0.08921454 0.09343789 1.00000000 / 0.60884100 0.36158750 / 0.0 0.0
				-0.04248047 0.10595700 0.69042970 / 0.06640625 0.97656250 -0.21484370 / 0.00000000 0.00000000 1.00000000 0.00000000 / 16 20 17 16 / 166 0 248 255 / -0.94886610 0.12736660 0.28884380 1.00000000 / 0.61592100 0.36058040 / 0.0 0.0
				-0.03417969 0.11621090 0.69628900 / -0.08593750 0.99609380 0.00000000 / 0.00000000 0.00000000 1.00000000 0.00000000 / 16 16 22 16 / 161 0 239 255 / 0.99629910 0.08595482 0.00000000 -1.00000000 / 0.72509770 0.92617790 / 0.0 0.0
				-0.03417969 0.11523440 0.70166010 / -0.05468750 0.93359370 0.35546870 / 0.00000000 0.00000000 1.00000000 0.00000000 / 16 16 22 16 / 170 0 252 255 / 0.99723620 0.06891082 -0.02777255 -1.00000000 / 0.72509770 0.87046820 / 0.0 0.0
				-0.03222656 0.11572270 0.70117190 / 0.05468750 0.94140630 0.33203120 / 0.00000000 0.00000000 1.00000000 0.00000000 / 16 16 22 16 / 169 0 252 255 / 0.99796200 -0.04049565 -0.04931489 -1.00000000 / 0.74230960 0.87319950 / 0.0 0.0
				-0.03076172 0.11572270 0.70068360 / 0.14843750 0.94921880 0.27343750 / 0.00000000 0.00000000 1.00000000 0.00000000 / 16 16 22 16 / 168 0 251 255 / 0.98872800 -0.14814480 -0.02168344 -1.00000000 / 0.75784300 0.88111880 / 0.0 0.0
				-0.03564453 0.11523440 0.70117190 / -0.16796870 0.92187500 0.34765630 / 0.00000000 0.00000000 1.00000000 0.00000000 / 16 16 22 16 / 169 0 252 255 / 0.98553580 0.16522160 0.03769514 -1.00000000 / 0.70788570 0.87319950 / 0.0 0.0
				-0.02978515 0.11572270 0.69921880 / 0.22265630 0.95703130 0.19140620 / 0.00000000 0.00000000 1.00000000 0.00000000 / 16 16 22 16 / 167 0 248 255 / 0.97304290 -0.20591830 -0.10385170 -1.00000000 / 0.77017210 0.89343260 / 0.0 0.0
				-0.03710938 0.11523440 0.70068360 / -0.26953130 0.91406250 0.30078130 / 0.00000000 0.00000000 1.00000000 0.00000000 / 16 16 22 16 / 168 0 251 255 / 0.96216000 0.26883160 0.04447090 -1.00000000 / 0.69235230 0.88111880 / 0.0 0.0
				-0.02880859 0.11572270 0.69775390 / 0.26562500 0.96093750 0.08984375 / 0.00000000 0.00000000 1.00000000 0.00000000 / 16 16 22 16 / 164 0 245 255 / 0.96403750 -0.26409490 -0.02976184 -1.00000000 / 0.77807610 0.90896610 / 0.0 0.0
				-0.03808594 0.11523440 0.69921880 / -0.35156250 0.90625000 0.23046880 / 0.00000000 0.00000000 1.00000000 0.00000000 / 16 16 22 16 / 167 0 248 255 / 0.93594590 0.33627440 0.10452180 -1.00000000 / 0.68003850 0.89343260 / 0.0 0.0
				-0.02880859 0.11572270 0.69628900 / 0.27734380 0.96093750 -0.02343750 / 0.00000000 0.00000000 1.00000000 0.00000000 / 16 16 22 16 / 162 0 240 255 / 0.96075670 -0.27735580 0.00451600 -1.00000000 / 0.78080750 0.92617790 / 0.0 0.0
				-0.03906250 0.11474610 0.69775390 / -0.41015630 0.90234380 0.13281250 / 0.00000000 0.00000000 1.00000000 0.00000000 / 16 16 22 16 / 164 0 245 255 / 0.91157110 0.41014110 0.02867886 -1.00000000 / 0.67211920 0.90896610 / 0.0 0.0
				-0.02880859 0.11572270 0.69482420 / 0.25000000 0.95703130 -0.13281250 / 0.00000000 0.00000000 1.00000000 0.00000000 / 16 16 22 16 / 158 0 236 255 / 0.96828620 -0.24729780 0.03557637 -1.00000000 / 0.77807610 0.94338990 / 0.0 0.0
				-0.03906250 0.11474610 0.69628900 / -0.43359380 0.89843750 0.02343750 / 0.00000000 0.00000000 1.00000000 0.00000000 / 16 16 22 16 / 162 0 240 255 / 0.90093120 0.43394590 0.00372958 -1.00000000 / 0.66940310 0.92617790 / 0.0 0.0
				-0.02978515 0.11572270 0.69335940 / 0.19531250 0.95312500 -0.23046880 / 0.00000000 0.00000000 1.00000000 0.00000000 / 16 16 22 16 / 154 0 230 255 / 0.97910630 -0.17595600 0.10193260 -1.00000000 / 0.77017210 0.95892330 / 0.0 0.0
				-0.03906250 0.11474610 0.69482420 / -0.42578120 0.90234380 -0.08984375 / 0.00000000 0.00000000 1.00000000 0.00000000 / 16 16 22 16 / 158 0 234 255 / 0.90485230 0.42498150 -0.02516123 -1.00000000 / 0.67211920 0.94338990 / 0.0 0.0
				-0.03076172 0.11572270 0.69189460 / 0.10937500 0.94531250 -0.30078130 / 0.00000000 0.00000000 1.00000000 0.00000000 / 16 16 22 16 / 151 0 224 255 / 0.99377190 -0.11071500 0.01263804 -1.00000000 / 0.75784300 0.97123720 / 0.0 0.0
				-0.03808594 0.11523440 0.69335940 / -0.37890620 0.90625000 -0.19140620 / 0.00000000 0.00000000 1.00000000 0.00000000 / 16 16 22 16 / 154 0 228 255 / 0.92508780 0.36449500 -0.10656400 -1.00000000 / 0.68003850 0.95892330 / 0.0 0.0
				-0.03222656 0.11572270 0.69140620 / 0.00781250 0.93750000 -0.34765630 / 0.00000000 0.00000000 1.00000000 0.00000000 / 16 16 22 16 / 148 0 219 255 / 0.99936470 0.00478625 0.03531406 -1.00000000 / 0.74230960 0.97915650 / 0.0 0.0
				-0.03710938 0.11523440 0.69189460 / -0.30859370 0.91015630 -0.27343750 / 0.00000000 0.00000000 1.00000000 0.00000000 / 16 16 22 16 / 150 0 222 255 / 0.95048510 0.30652960 -0.05116217 -1.00000000 / 0.69235230 0.97123720 / 0.0 0.0
				-0.03417969 0.11523440 0.69091800 / -0.10156250 0.92968750 -0.35546870 / 0.00000000 0.00000000 1.00000000 0.00000000 / 16 16 22 16 / 147 0 218 255 / 0.99356650 0.11271450 0.01100201 -1.00000000 / 0.72509770 0.98187250 / 0.0 0.0
				-0.03564453 0.11523440 0.69140620 / -0.21093750 0.91796870 -0.33203120 / 0.00000000 0.00000000 1.00000000 0.00000000 / 16 16 22 16 / 148 0 219 255 / 0.97729150 0.20565410 -0.05106714 -1.00000000 / 0.70788570 0.97915650 / 0.0 0.0
				0.03417969 0.11621090 0.69628900 / 0.08984375 0.99609380 0.00000000 / 0.00000000 0.00000000 1.00000000 0.00000000 / 16 16 26 16 / 161 0 239 255 / 0.99595740 -0.08982679 0.00000000 -1.00000000 / 0.72509770 0.92617790 / 0.0 0.0
				0.03271484 0.11523440 0.70117190 / -0.05078125 0.94140630 0.33203120 / 0.00000000 0.00000000 1.00000000 0.00000000 / 16 16 26 16 / 169 0 252 255 / 0.99830070 0.03818971 0.04401749 -1.00000000 / 0.70788570 0.87319950 / 0.0 0.0
				0.03417969 0.11523440 0.70166010 / 0.05859375 0.93359370 0.35546870 / 0.00000000 0.00000000 1.00000000 0.00000000 / 16 16 26 16 / 170 0 252 255 / 0.99827950 -0.05479677 -0.02086404 -1.00000000 / 0.72509770 0.87046820 / 0.0 0.0
				0.03613281 0.11523440 0.70117190 / 0.17187500 0.92187500 0.34765630 / 0.00000000 0.00000000 1.00000000 0.00000000 / 16 16 26 16 / 169 0 252 255 / 0.98312880 -0.18291180 -0.00102148 -1.00000000 / 0.74230960 0.87319950 / 0.0 0.0
				0.03125000 0.11572270 0.70068360 / -0.14453130 0.94921880 0.27343750 / 0.00000000 0.00000000 1.00000000 0.00000000 / 16 16 26 16 / 168 0 251 255 / 0.98945830 0.13424630 0.05431665 -1.00000000 / 0.69235230 0.88111880 / 0.0 0.0
				0.03759766 0.11474610 0.70068360 / 0.27343750 0.91406250 0.30078130 / 0.00000000 0.00000000 1.00000000 0.00000000 / 16 16 26 16 / 168 0 251 255 / 0.95791090 -0.28706180 0.00151422 -1.00000000 / 0.75784300 0.88111880 / 0.0 0.0
				0.03027344 0.11572270 0.69921880 / -0.21875000 0.95703130 0.19140620 / 0.00000000 0.00000000 1.00000000 0.00000000 / 16 16 26 16 / 167 0 248 255 / 0.97364130 0.20106210 0.10768710 -1.00000000 / 0.68003850 0.89343260 / 0.0 0.0
				0.03857422 0.11474610 0.69921880 / 0.35546870 0.90625000 0.23046880 / 0.00000000 0.00000000 1.00000000 0.00000000 / 16 16 26 16 / 167 0 248 255 / 0.93448040 -0.33892620 -0.10897510 -1.00000000 / 0.77017210 0.89343260 / 0.0 0.0
				0.02929688 0.11572270 0.69775390 / -0.26171870 0.96093750 0.08984375 / 0.00000000 0.00000000 1.00000000 0.00000000 / 16 16 26 16 / 164 0 245 255 / 0.96513000 0.26006650 0.02982513 -1.00000000 / 0.67211920 0.90896610 / 0.0 0.0
				0.03906250 0.11474610 0.69775390 / 0.41406250 0.90234380 0.13281250 / 0.00000000 0.00000000 1.00000000 0.00000000 / 16 16 26 16 / 164 0 245 255 / 0.91004670 -0.41299790 -0.03532497 -1.00000000 / 0.77807610 0.90896610 / 0.0 0.0
				0.02929688 0.11572270 0.69628900 / -0.27343750 0.96093750 -0.02343750 / 0.00000000 0.00000000 1.00000000 0.00000000 / 16 16 26 16 / 162 0 240 255 / 0.96189980 0.27336970 -0.00420189 -1.00000000 / 0.66940310 0.92617790 / 0.0 0.0
				0.03955078 0.11474610 0.69628900 / 0.43750000 0.89843750 0.02343750 / 0.00000000 0.00000000 1.00000000 0.00000000 / 16 16 26 16 / 162 0 240 255 / 0.89917620 -0.43756450 -0.00442920 -1.00000000 / 0.78080750 0.92617790 / 0.0 0.0
				0.02929688 0.11572270 0.69482420 / -0.25000000 0.96093750 -0.13281250 / 0.00000000 0.00000000 1.00000000 0.00000000 / 16 16 26 16 / 158 0 236 255 / 0.96821520 0.24756760 -0.03563258 -1.00000000 / 0.67211920 0.94338990 / 0.0 0.0
				0.03906250 0.11474610 0.69482420 / 0.42968750 0.89843750 -0.08984375 / 0.00000000 0.00000000 1.00000000 0.00000000 / 16 16 26 16 / 158 0 236 255 / 0.90289980 -0.42880970 0.02990442 -1.00000000 / 0.77807610 0.94338990 / 0.0 0.0
				0.03027344 0.11572270 0.69335940 / -0.19140620 0.95312500 -0.23046880 / 0.00000000 0.00000000 1.00000000 0.00000000 / 16 16 26 16 / 154 0 230 255 / 0.97961220 0.17107340 -0.10532780 -1.00000000 / 0.68003850 0.95892330 / 0.0 0.0
				0.03857422 0.11474610 0.69335940 / 0.38281250 0.90234380 -0.19140620 / 0.00000000 0.00000000 1.00000000 0.00000000 / 16 16 26 16 / 154 0 230 255 / 0.92329180 -0.36777490 0.11078780 -1.00000000 / 0.77017210 0.95892330 / 0.0 0.0
				0.03125000 0.11572270 0.69189460 / -0.10937500 0.94531250 -0.30078130 / 0.00000000 0.00000000 1.00000000 0.00000000 / 16 16 26 16 / 151 0 224 255 / 0.99391340 0.09862013 -0.04909560 -1.00000000 / 0.69235230 0.97123720 / 0.0 0.0
				0.03759766 0.11474610 0.69189460 / 0.30859370 0.91015630 -0.27343750 / 0.00000000 0.00000000 1.00000000 0.00000000 / 16 16 26 16 / 150 0 224 255 / 0.94774170 -0.31894620 0.00768801 -1.00000000 / 0.75784300 0.97123720 / 0.0 0.0
				0.03271484 0.11523440 0.69140620 / -0.00390625 0.93750000 -0.34765630 / 0.00000000 0.00000000 1.00000000 0.00000000 / 16 16 26 16 / 148 0 219 255 / 0.99952770 -0.00695600 -0.02993356 -1.00000000 / 0.70788570 0.97915650 / 0.0 0.0
				0.03613281 0.11523440 0.69140620 / 0.21484370 0.91796870 -0.33203120 / 0.00000000 0.00000000 1.00000000 0.00000000 / 16 16 26 16 / 148 0 219 255 / 0.97481550 -0.22246950 0.01556134 -1.00000000 / 0.74230960 0.97915650 / 0.0 0.0
				0.03417969 0.11523440 0.69091800 / 0.10546870 0.92968750 -0.35546870 / 0.00000000 0.00000000 1.00000000 0.00000000 / 16 16 26 16 / 147 0 219 255 / 0.99441260 -0.09860192 0.03770074 -1.00000000 / 0.72509770 0.98187250 / 0.0 0.0
				-0.03076172 0.11328120 0.70556640 / 0.13671870 0.80859380 0.57031250 / 0.00000000 0.00000000 1.00000000 0.00000000 / 16 16 22 16 / 174 0 255 255 / -0.98897870 0.14455610 0.03200841 1.00000000 / 0.87918090 0.84451300 / 0.0 0.0
				-0.03222656 0.11572270 0.70117190 / 0.05468750 0.94140630 0.33203120 / 0.00000000 0.00000000 1.00000000 0.00000000 / 16 16 22 16 / 169 0 252 255 / -0.99848890 0.05329650 0.01339388 1.00000000 / 0.88748170 0.87005610 / 0.0 0.0
				-0.03417969 0.11523440 0.70166010 / -0.05468750 0.93359370 0.35546870 / 0.00000000 0.00000000 1.00000000 0.00000000 / 16 16 22 16 / 170 0 252 255 / -0.99765580 -0.06568748 0.01918511 1.00000000 / 0.89668270 0.86860660 / 0.0 0.0
				-0.03369141 0.11279300 0.70605470 / -0.04687500 0.79296870 0.60546880 / 0.00000000 0.00000000 1.00000000 0.00000000 / 16 16 22 16 / 174 0 255 255 / -0.99888700 -0.03455457 -0.03210550 1.00000000 / 0.89668270 0.84175110 / 0.0 0.0
				-0.03564453 0.11523440 0.70117190 / -0.16796870 0.92187500 0.34765630 / 0.00000000 0.00000000 1.00000000 0.00000000 / 16 16 22 16 / 169 0 252 255 / -0.98482260 -0.17263430 -0.01794122 1.00000000 / 0.90588380 0.87005610 / 0.0 0.0
				-0.02783203 0.11328120 0.70410150 / 0.30468750 0.82421870 0.48046870 / 0.00000000 0.00000000 1.00000000 0.00000000 / 16 16 22 16 / 172 0 255 255 / -0.93579950 0.35236210 -0.01096496 1.00000000 / 0.86338810 0.85255430 / 0.0 0.0
				-0.03076172 0.11572270 0.70068360 / 0.14843750 0.94921880 0.27343750 / 0.00000000 0.00000000 1.00000000 0.00000000 / 16 16 22 16 / 168 0 251 255 / -0.98623040 0.16281240 -0.02901132 1.00000000 / 0.87918090 0.87428290 / 0.0 0.0
				-0.03662109 0.11279300 0.70556640 / -0.23437500 0.77734370 0.58203120 / 0.00000000 0.00000000 1.00000000 0.00000000 / 16 16 22 16 / 174 0 255 255 / -0.95327730 -0.30150660 0.01886784 1.00000000 / 0.91416930 0.84451300 / 0.0 0.0
				-0.03710938 0.11523440 0.70068360 / -0.26953130 0.91406250 0.30078130 / 0.00000000 0.00000000 1.00000000 0.00000000 / 16 16 22 16 / 168 0 251 255 / -0.96027360 -0.27871210 -0.01393011 1.00000000 / 0.91416930 0.87428290 / 0.0 0.0
				-0.02587891 0.11376950 0.70214850 / 0.43359380 0.83593750 0.33984380 / 0.00000000 0.00000000 1.00000000 0.00000000 / 16 16 22 16 / 170 0 254 255 / -0.88874910 0.45834750 0.00653698 1.00000000 / 0.85086060 0.86508180 / 0.0 0.0
				-0.02978515 0.11572270 0.69921880 / 0.22265630 0.95703130 0.19140620 / 0.00000000 0.00000000 1.00000000 0.00000000 / 16 16 22 16 / 167 0 248 255 / -0.97431860 0.22507000 0.00682430 1.00000000 / 0.87258910 0.88087460 / 0.0 0.0
				-0.03955078 0.11230470 0.70410150 / -0.40625000 0.76171880 0.50390620 / 0.00000000 0.00000000 1.00000000 0.00000000 / 16 16 22 16 / 172 0 255 255 / -0.87790480 -0.47858020 0.01562421 1.00000000 / 0.92996210 0.85255430 / 0.0 0.0
				-0.03808594 0.11523440 0.69921880 / -0.35156250 0.90625000 0.23046880 / 0.00000000 0.00000000 1.00000000 0.00000000 / 16 16 22 16 / 167 0 248 255 / -0.93200180 -0.36244770 0.00206422 1.00000000 / 0.92076110 0.88087460 / 0.0 0.0
				-0.02441406 0.11376950 0.69921880 / 0.51171880 0.84375000 0.16796870 / 0.00000000 0.00000000 1.00000000 0.00000000 / 16 16 22 16 / 166 0 248 255 / -0.85313640 0.52131890 -0.01961998 1.00000000 / 0.84281920 0.88087460 / 0.0 0.0
				-0.02880859 0.11572270 0.69775390 / 0.26562500 0.96093750 0.08984375 / 0.00000000 0.00000000 1.00000000 0.00000000 / 16 16 22 16 / 164 0 245 255 / -0.96346380 0.26744910 -0.01443533 1.00000000 / 0.86836240 0.88917540 / 0.0 0.0
				-0.04150391 0.11230470 0.70214850 / -0.54296870 0.75000000 0.37109380 / 0.00000000 0.00000000 1.00000000 0.00000000 / 16 16 22 16 / 170 0 252 255 / -0.80901600 -0.58777160 0.00421636 1.00000000 / 0.94248960 0.86508180 / 0.0 0.0
				-0.03906250 0.11474610 0.69775390 / -0.41015630 0.90234380 0.13281250 / 0.00000000 0.00000000 1.00000000 0.00000000 / 16 16 22 16 / 164 0 245 255 / -0.90818200 -0.41740350 0.03130113 1.00000000 / 0.92498780 0.88917540 / 0.0 0.0
				-0.02392578 0.11376950 0.69628900 / 0.53515630 0.84375000 -0.01953125 / 0.00000000 0.00000000 1.00000000 0.00000000 / 16 16 22 16 / 161 0 240 255 / -0.84429570 0.53576330 0.01105528 1.00000000 / 0.84004210 0.89837650 / 0.0 0.0
				-0.02880859 0.11572270 0.69628900 / 0.27734380 0.96093750 -0.02343750 / 0.00000000 0.00000000 1.00000000 0.00000000 / 16 16 22 16 / 162 0 240 255 / -0.96066280 0.27745690 0.01203108 1.00000000 / 0.86691280 0.89837650 / 0.0 0.0
				-0.04296875 0.11230470 0.69921880 / -0.63671870 0.74218750 0.20703130 / 0.00000000 0.00000000 1.00000000 0.00000000 / 16 16 22 16 / 166 0 248 255 / -0.75679670 -0.65347410 0.01517983 1.00000000 / 0.95053100 0.88087460 / 0.0 0.0
				-0.03906250 0.11474610 0.69628900 / -0.43359380 0.89843750 0.02343750 / 0.00000000 0.00000000 1.00000000 0.00000000 / 16 16 22 16 / 162 0 240 255 / -0.90029080 -0.43513630 0.01152190 1.00000000 / 0.92645260 0.89837650 / 0.0 0.0
				-0.02441406 0.11376950 0.69335940 / 0.50000000 0.83984370 -0.20703130 / 0.00000000 0.00000000 1.00000000 0.00000000 / 16 16 22 16 / 155 0 230 255 / -0.85577840 0.51654870 0.02864902 1.00000000 / 0.84281920 0.91587830 / 0.0 0.0
				-0.02880859 0.11572270 0.69482420 / 0.25000000 0.95703130 -0.13281250 / 0.00000000 0.00000000 1.00000000 0.00000000 / 16 16 22 16 / 158 0 236 255 / -0.96608620 0.25669840 0.02798657 1.00000000 / 0.86836240 0.90757750 / 0.0 0.0
				-0.04345703 0.11230470 0.69628900 / -0.67187500 0.74218750 0.01953125 / 0.00000000 0.00000000 1.00000000 0.00000000 / 16 16 22 16 / 161 0 240 255 / -0.74117670 -0.67122220 0.01086130 1.00000000 / 0.95330810 0.89837650 / 0.0 0.0
				-0.03906250 0.11474610 0.69482420 / -0.42578120 0.90234380 -0.08984375 / 0.00000000 0.00000000 1.00000000 0.00000000 / 16 16 22 16 / 158 0 234 255 / -0.90394270 -0.42746400 -0.01273698 1.00000000 / 0.92498780 0.90757750 / 0.0 0.0
				-0.02587891 0.11376950 0.69042970 / 0.41015630 0.83203120 -0.37109380 / 0.00000000 0.00000000 1.00000000 0.00000000 / 16 16 22 16 / 148 0 219 255 / -0.89837970 0.43914230 -0.00824263 1.00000000 / 0.85086060 0.93165590 / 0.0 0.0
				-0.02978515 0.11572270 0.69335940 / 0.19531250 0.95312500 -0.23046880 / 0.00000000 0.00000000 1.00000000 0.00000000 / 16 16 22 16 / 154 0 230 255 / -0.98031820 0.19662350 -0.01776284 1.00000000 / 0.87258910 0.91587830 / 0.0 0.0
				-0.04296875 0.11230470 0.69335940 / -0.64843750 0.74218750 -0.16796870 / 0.00000000 0.00000000 1.00000000 0.00000000 / 16 16 22 16 / 155 0 230 255 / -0.75045640 -0.66056590 -0.02163021 1.00000000 / 0.95053100 0.91587830 / 0.0 0.0
				-0.03808594 0.11523440 0.69335940 / -0.37890620 0.90625000 -0.19140620 / 0.00000000 0.00000000 1.00000000 0.00000000 / 16 16 22 16 / 154 0 228 255 / -0.92297820 -0.38483070 0.00407584 1.00000000 / 0.92076110 0.91587830 / 0.0 0.0
				-0.02783203 0.11328120 0.68798830 / 0.26953130 0.82031250 -0.50390620 / 0.00000000 0.00000000 1.00000000 0.00000000 / 16 16 22 16 / 141 0 209 255 / -0.94730590 0.32001360 0.01423781 1.00000000 / 0.86338810 0.94418330 / 0.0 0.0
				-0.03076172 0.11572270 0.69189460 / 0.10937500 0.94531250 -0.30078130 / 0.00000000 0.00000000 1.00000000 0.00000000 / 16 16 22 16 / 151 0 224 255 / -0.98660680 0.14089480 0.08219254 1.00000000 / 0.87918090 0.92245490 / 0.0 0.0
				-0.04150391 0.11230470 0.69042970 / -0.56640620 0.75000000 -0.33984380 / 0.00000000 0.00000000 1.00000000 0.00000000 / 16 16 22 16 / 148 0 219 255 / -0.79849700 -0.60199440 0.00231546 1.00000000 / 0.94248960 0.93165590 / 0.0 0.0
				-0.03710938 0.11523440 0.69189460 / -0.30859370 0.91015630 -0.27343750 / 0.00000000 0.00000000 1.00000000 0.00000000 / 16 16 22 16 / 150 0 222 255 / -0.94495310 -0.32658410 -0.02015830 1.00000000 / 0.91416930 0.92245490 / 0.0 0.0
				-0.03076172 0.11328120 0.68701170 / 0.10156250 0.80859380 -0.58203120 / 0.00000000 0.00000000 1.00000000 0.00000000 / 16 16 22 16 / 136 0 201 255 / -0.98118090 0.17768260 0.07558310 1.00000000 / 0.87918090 0.95222480 / 0.0 0.0
				-0.03222656 0.11572270 0.69140620 / 0.00781250 0.93750000 -0.34765630 / 0.00000000 0.00000000 1.00000000 0.00000000 / 16 16 22 16 / 148 0 219 255 / -0.99991530 0.00370266 -0.01247518 1.00000000 / 0.88748170 0.92668150 / 0.0 0.0
				-0.03955078 0.11230470 0.68798830 / -0.43750000 0.76171880 -0.47656250 / 0.00000000 0.00000000 1.00000000 0.00000000 / 16 16 22 16 / 141 0 209 255 / -0.85767710 -0.51313610 -0.03288405 1.00000000 / 0.92996210 0.94418330 / 0.0 0.0
				-0.03564453 0.11523440 0.69140620 / -0.21093750 0.91796870 -0.33203120 / 0.00000000 0.00000000 1.00000000 0.00000000 / 16 16 22 16 / 148 0 219 255 / -0.96968180 -0.23982930 -0.04689570 1.00000000 / 0.90588380 0.92668150 / 0.0 0.0
				-0.03369141 0.11279300 0.68652340 / -0.08593750 0.78906250 -0.60546880 / 0.00000000 0.00000000 1.00000000 0.00000000 / 16 16 22 16 / 133 0 198 255 / -0.99055850 -0.13309420 -0.03286045 1.00000000 / 0.89668270 0.95500190 / 0.0 0.0
				-0.03417969 0.11523440 0.69091800 / -0.10156250 0.92968750 -0.35546870 / 0.00000000 0.00000000 1.00000000 0.00000000 / 16 16 22 16 / 147 0 218 255 / -0.99379670 -0.11102380 -0.00646921 1.00000000 / 0.89668270 0.92814630 / 0.0 0.0
				-0.03662109 0.11279300 0.68701170 / -0.27343750 0.77343750 -0.57031250 / 0.00000000 0.00000000 1.00000000 0.00000000 / 16 16 22 16 / 135 0 201 255 / -0.94158730 -0.33672720 -0.00530170 1.00000000 / 0.91416930 0.95222480 / 0.0 0.0
				-0.03320312 0.10937500 0.68261720 / -0.06250000 0.57421870 -0.81640630 / 0.00000000 0.00000000 1.00000000 0.00000000 / 16 16 22 16 / 117 0 174 255 / -0.99472800 -0.10246800 0.00407867 1.00000000 / 0.89668270 0.97631840 / 0.0 0.0
				-0.03759766 0.10888670 0.68310550 / -0.31250000 0.55468750 -0.77343750 / 0.00000000 0.00000000 1.00000000 0.00000000 / 16 16 22 16 / 121 0 180 255 / -0.85882850 -0.51186840 -0.02010767 1.00000000 / 0.92076110 0.97250370 / 0.0 0.0
				-0.04150391 0.10839840 0.68505860 / -0.53906250 0.53515630 -0.65234380 / 0.00000000 0.00000000 1.00000000 0.00000000 / 16 16 22 16 / 130 0 194 255 / -0.69850220 -0.71553970 -0.00987260 1.00000000 / 0.94248960 0.96142570 / 0.0 0.0
				-0.02929688 0.10937500 0.68310550 / 0.18750000 0.59765620 -0.78125000 / 0.00000000 0.00000000 1.00000000 0.00000000 / 16 16 22 16 / 121 0 180 255 / -0.94371400 0.32975560 0.02579215 1.00000000 / 0.87258910 0.97250370 / 0.0 0.0
				-0.03808594 0.10400390 0.68115230 / -0.32812500 0.27734380 -0.90234380 / 0.00000000 0.00000000 1.00000000 0.00000000 / 16 16 22 16 / 109 0 162 255 / -0.53810030 -0.84055350 -0.06259274 1.00000000 / 0.92498780 0.98551940 / 0.0 0.0
				-0.02539063 0.10986330 0.68505860 / 0.41796880 0.61718750 -0.66796880 / 0.00000000 0.00000000 1.00000000 0.00000000 / 16 16 22 16 / 130 0 194 255 / -0.83523400 0.54969610 -0.01477212 1.00000000 / 0.85086060 0.96142570 / 0.0 0.0
				-0.03320312 0.10449220 0.68017580 / -0.03515625 0.30078130 -0.95312500 / 0.00000000 0.00000000 1.00000000 0.00000000 / 16 16 22 16 / 104 0 155 255 / -0.98594350 -0.16630000 -0.01611623 1.00000000 / 0.89668270 0.99000550 / 0.0 0.0
				-0.02783203 0.10498050 0.68115230 / 0.26171870 0.32812500 -0.91015630 / 0.00000000 0.00000000 1.00000000 0.00000000 / 16 16 22 16 / 109 0 162 255 / -0.72971170 0.68278210 0.03646301 1.00000000 / 0.86836240 0.98551940 / 0.0 0.0
				-0.02246094 0.11035160 0.68798830 / 0.60156250 0.63281250 -0.49218750 / 0.00000000 0.00000000 1.00000000 0.00000000 / 16 16 22 16 / 141 0 210 255 / -0.72559530 0.68811930 -0.00181034 1.00000000 / 0.83361820 0.94418330 / 0.0 0.0
				-0.03271484 0.09912110 0.67919920 / 0.03515625 0.16015630 -0.98828130 / 0.00000000 0.00000000 1.00000000 0.00000000 / 16 16 22 16 / 98 0 146 255 / -0.96516310 0.26152420 0.00807772 1.00000000 / 0.89668270 0.99472050 / 0.0 0.0
				-0.03759766 0.09912110 0.68017580 / -0.26953130 0.13281250 -0.95312500 / 0.00000000 0.00000000 1.00000000 0.00000000 / 16 16 22 16 / 104 0 155 255 / -0.42459510 -0.90536280 -0.00610408 1.00000000 / 0.92645260 0.99000550 / 0.0 0.0
				-0.02734375 0.09960938 0.68017580 / 0.33984380 0.18750000 -0.92187500 / 0.00000000 0.00000000 1.00000000 0.00000000 / 16 16 22 16 / 104 0 155 255 / -0.45980990 0.88794800 0.01109442 1.00000000 / 0.86691280 0.99000550 / 0.0 0.0
				-0.04248047 0.09863281 0.68261720 / -0.55078120 0.10937500 -0.82812500 / 0.00000000 0.00000000 1.00000000 0.00000000 / 16 16 22 16 / 118 0 176 255 / -0.19897380 -0.98000060 0.00288586 1.00000000 / 0.95330810 0.97631840 / 0.0 0.0
				-0.02343750 0.10546870 0.68310550 / 0.52734370 0.35156250 -0.77343750 / 0.00000000 0.00000000 1.00000000 0.00000000 / 16 16 22 16 / 122 0 180 255 / -0.50434230 0.86216780 0.04801336 1.00000000 / 0.84281920 0.97250370 / 0.0 0.0
				-0.02246094 0.10009770 0.68261720 / 0.60546880 0.20703130 -0.76953130 / 0.00000000 0.00000000 1.00000000 0.00000000 / 16 16 22 16 / 118 0 176 255 / -0.33285550 0.94294260 -0.00815343 1.00000000 / 0.84004210 0.97631840 / 0.0 0.0
				-0.04248047 0.10351560 0.68310550 / -0.58984370 0.25390630 -0.76562500 / 0.00000000 0.00000000 1.00000000 0.00000000 / 16 16 22 16 / 122 0 180 255 / -0.35100910 -0.93553070 -0.03968562 1.00000000 / 0.95053100 0.97250370 / 0.0 0.0
				-0.04638672 0.09814453 0.68652340 / -0.77734370 0.08984375 -0.62109380 / 0.00000000 0.00000000 1.00000000 0.00000000 / 16 16 22 16 / 134 0 200 255 / -0.13426360 -0.99063830 0.02468009 1.00000000 / 0.97462460 0.95500190 / 0.0 0.0
				-0.04589844 0.10351560 0.68701170 / -0.79687500 0.23828120 -0.55468750 / 0.00000000 0.00000000 1.00000000 0.00000000 / 16 16 22 16 / 136 0 203 255 / -0.27008690 -0.96250070 -0.02540666 1.00000000 / 0.97080990 0.95222480 / 0.0 0.0
				-0.04882813 0.09814453 0.69091800 / -0.93359370 0.07812500 -0.35156250 / 0.00000000 0.00000000 1.00000000 0.00000000 / 16 16 22 16 / 149 0 221 255 / -0.07740567 -0.99687460 -0.01579415 1.00000000 / 0.98829650 0.92814630 / 0.0 0.0
				-0.04443359 0.10839840 0.68798830 / -0.71484380 0.51953120 -0.46875000 / 0.00000000 0.00000000 1.00000000 0.00000000 / 16 16 22 16 / 141 0 210 255 / -0.59619220 -0.80260250 0.01959852 1.00000000 / 0.95973210 0.94418330 / 0.0 0.0
				-0.04833984 0.10302730 0.69140620 / -0.92968750 0.22656250 -0.28906250 / 0.00000000 0.00000000 1.00000000 0.00000000 / 16 16 22 16 / 150 0 222 255 / -0.23085170 -0.97278610 -0.01986668 1.00000000 / 0.98381040 0.92668150 / 0.0 0.0
				-0.04931641 0.09814453 0.69628900 / -0.99609380 0.07031250 -0.05078125 / 0.00000000 0.00000000 1.00000000 0.00000000 / 16 16 22 16 / 160 0 239 255 / -0.06972476 -0.99747340 -0.01360959 1.00000000 / 0.99301150 0.89837650 / 0.0 0.0
				-0.04638672 0.10791020 0.69189460 / -0.82812500 0.50781250 -0.23828120 / 0.00000000 0.00000000 1.00000000 0.00000000 / 16 16 22 16 / 152 0 225 255 / -0.52249490 -0.85264150 -0.00125083 1.00000000 / 0.97080990 0.92245490 / 0.0 0.0
				-0.04882813 0.10302730 0.69628900 / -0.97656250 0.22265630 0.00781250 / 0.00000000 0.00000000 1.00000000 0.00000000 / 16 16 22 16 / 160 0 239 255 / -0.22229030 -0.97484190 0.01643672 1.00000000 / 0.98829650 0.89837650 / 0.0 0.0
				-0.04882813 0.09814453 0.70166010 / -0.96484370 0.07421875 0.25781250 / 0.00000000 0.00000000 1.00000000 0.00000000 / 16 16 22 16 / 168 0 251 255 / -0.07065053 -0.99725330 0.02223078 1.00000000 / 0.98829650 0.86860660 / 0.0 0.0
				-0.04687500 0.10791020 0.69628900 / -0.86328130 0.50781250 0.01562500 / 0.00000000 0.00000000 1.00000000 0.00000000 / 16 16 22 16 / 161 0 239 255 / -0.50726830 -0.86162670 -0.01668396 1.00000000 / 0.97462460 0.89837650 / 0.0 0.0
				-0.04833984 0.10302730 0.70117190 / -0.92578120 0.22656250 0.30078130 / 0.00000000 0.00000000 1.00000000 0.00000000 / 16 16 22 16 / 168 0 251 255 / -0.22966190 -0.97292730 0.02584554 1.00000000 / 0.98381040 0.87005610 / 0.0 0.0
				-0.04638672 0.09814453 0.70605470 / -0.83984370 0.08593750 0.53906250 / 0.00000000 0.00000000 1.00000000 0.00000000 / 16 16 22 16 / 174 0 255 255 / -0.10694310 -0.99422950 -0.00840252 1.00000000 / 0.97462460 0.84175110 / 0.0 0.0
				-0.04638672 0.10791020 0.70068360 / -0.81640630 0.51171880 0.26562500 / 0.00000000 0.00000000 1.00000000 0.00000000 / 16 16 22 16 / 167 0 249 255 / -0.52777710 -0.84927010 0.01384086 1.00000000 / 0.97080990 0.87428290 / 0.0 0.0
				-0.04589844 0.10351560 0.70556640 / -0.78906250 0.23828120 0.56640620 / 0.00000000 0.00000000 1.00000000 0.00000000 / 16 16 22 16 / 173 0 255 255 / -0.27636920 -0.96085910 0.01923360 1.00000000 / 0.97080990 0.84451300 / 0.0 0.0
				-0.04248047 0.09863281 0.70996090 / -0.63281250 0.10156250 0.76953130 / 0.00000000 0.00000000 1.00000000 0.00000000 / 16 16 22 16 / 177 0 255 255 / -0.18619920 -0.98223190 -0.02346006 1.00000000 / 0.95330810 0.82043450 / 0.0 0.0
				-0.04443359 0.10839840 0.70410150 / -0.69921880 0.51953120 0.49218750 / 0.00000000 0.00000000 1.00000000 0.00000000 / 16 16 22 16 / 172 0 255 255 / -0.59696850 -0.80226370 -0.00119384 1.00000000 / 0.95973210 0.85255430 / 0.0 0.0
				-0.04248047 0.10351560 0.70947270 / -0.57812500 0.25390630 0.77343750 / 0.00000000 0.00000000 1.00000000 0.00000000 / 16 16 22 16 / 177 0 255 255 / -0.35272340 -0.93474300 0.04291678 1.00000000 / 0.95053100 0.82424920 / 0.0 0.0
				-0.03759766 0.09912110 0.71240240 / -0.36328130 0.12500000 0.92187500 / 0.00000000 0.00000000 1.00000000 0.00000000 / 16 16 22 16 / 179 0 255 255 / -0.30803930 -0.95134320 0.00761537 1.00000000 / 0.92645260 0.80674740 / 0.0 0.0
				-0.04150391 0.10839840 0.70751950 / -0.51562500 0.53515630 0.66796880 / 0.00000000 0.00000000 1.00000000 0.00000000 / 16 16 22 16 / 175 0 255 255 / -0.71381920 -0.70025900 0.00997437 1.00000000 / 0.94248960 0.83531190 / 0.0 0.0
				-0.03808594 0.10400390 0.71142580 / -0.31250000 0.27734380 0.91015630 / 0.00000000 0.00000000 1.00000000 0.00000000 / 16 16 22 16 / 179 0 255 255 / -0.58312750 -0.81101720 0.04704664 1.00000000 / 0.92498780 0.81123350 / 0.0 0.0
				-0.03271484 0.09912110 0.71337890 / -0.06250000 0.15234370 0.98828130 / 0.00000000 0.00000000 1.00000000 0.00000000 / 16 16 22 16 / 180 0 255 255 / -0.92795530 -0.37268950 -0.00123898 1.00000000 / 0.89668270 0.80203250 / 0.0 0.0
				-0.03759766 0.10888670 0.70947270 / -0.28515620 0.55468750 0.78125000 / 0.00000000 0.00000000 1.00000000 0.00000000 / 16 16 22 16 / 177 0 255 255 / -0.87723220 -0.47963530 0.02033709 1.00000000 / 0.92076110 0.82424920 / 0.0 0.0
				-0.03320312 0.10449220 0.71240240 / -0.01953125 0.30468750 0.95312500 / 0.00000000 0.00000000 1.00000000 0.00000000 / 16 16 22 16 / 179 0 255 255 / -0.99967110 0.00984872 -0.02368070 1.00000000 / 0.89668270 0.80674740 / 0.0 0.0
				-0.02734375 0.09960938 0.71240240 / 0.24218750 0.17578120 0.95312500 / 0.00000000 0.00000000 1.00000000 0.00000000 / 16 16 22 16 / 179 0 255 255 / -0.57793920 0.81607150 -0.00368034 1.00000000 / 0.86691280 0.80674740 / 0.0 0.0
				-0.03320312 0.10937500 0.70996090 / -0.03515625 0.57812500 0.81640630 / 0.00000000 0.00000000 1.00000000 0.00000000 / 16 16 22 16 / 177 0 255 255 / -0.99879870 -0.04817803 -0.00895710 1.00000000 / 0.89668270 0.82043450 / 0.0 0.0
				-0.02783203 0.10498050 0.71142580 / 0.27343750 0.32812500 0.90234380 / 0.00000000 0.00000000 1.00000000 0.00000000 / 16 16 22 16 / 179 0 255 255 / -0.66482880 0.74382530 -0.06875020 1.00000000 / 0.86836240 0.81123350 / 0.0 0.0
				-0.02246094 0.10009770 0.70996090 / 0.52343750 0.20312500 0.82812500 / 0.00000000 0.00000000 1.00000000 0.00000000 / 16 16 22 16 / 177 0 255 255 / -0.35440040 0.93507840 -0.00537715 1.00000000 / 0.84004210 0.82043450 / 0.0 0.0
				-0.02929688 0.10937500 0.70947270 / 0.21484370 0.59765620 0.77343750 / 0.00000000 0.00000000 1.00000000 0.00000000 / 16 16 22 16 / 177 0 255 255 / -0.93521280 0.35382430 -0.01361547 1.00000000 / 0.87258910 0.82424920 / 0.0 0.0
				-0.02343750 0.10546870 0.70947270 / 0.53906250 0.35156250 0.76562500 / 0.00000000 0.00000000 1.00000000 0.00000000 / 16 16 22 16 / 177 0 255 255 / -0.49701620 0.86641560 -0.04794628 1.00000000 / 0.84281920 0.82424920 / 0.0 0.0
				-0.01904297 0.10058590 0.70605470 / 0.75390630 0.22265630 0.62109380 / 0.00000000 0.00000000 1.00000000 0.00000000 / 16 16 22 16 / 174 0 255 255 / -0.28399140 0.95882640 0.00087895 1.00000000 / 0.81874080 0.84175110 / 0.0 0.0
				-0.02539063 0.10986330 0.70751950 / 0.44140630 0.61718750 0.65234380 / 0.00000000 0.00000000 1.00000000 0.00000000 / 16 16 22 16 / 175 0 255 255 / -0.81129050 0.58462810 -0.00418371 1.00000000 / 0.85086060 0.83531190 / 0.0 0.0
				-0.02001953 0.10546870 0.70556640 / 0.74609370 0.36718750 0.55468750 / 0.00000000 0.00000000 1.00000000 0.00000000 / 16 16 22 16 / 174 0 255 255 / -0.40733850 0.91159390 -0.05542528 1.00000000 / 0.82255560 0.84451300 / 0.0 0.0
				-0.01660156 0.10058590 0.70166010 / 0.90625000 0.23437500 0.35156250 / 0.00000000 0.00000000 1.00000000 0.00000000 / 16 16 22 16 / 168 0 251 255 / -0.23505130 0.97109770 -0.04147422 1.00000000 / 0.80505370 0.86860660 / 0.0 0.0
				-0.02246094 0.11035160 0.70410150 / 0.61718750 0.63281250 0.46875000 / 0.00000000 0.00000000 1.00000000 0.00000000 / 16 16 22 16 / 172 0 255 255 / -0.71607770 0.69802040 0.00046926 1.00000000 / 0.83361820 0.85255430 / 0.0 0.0
				-0.01757812 0.10595700 0.70117190 / 0.87890620 0.37890620 0.28906250 / 0.00000000 0.00000000 1.00000000 0.00000000 / 16 16 22 16 / 168 0 251 255 / -0.38467680 0.92222200 -0.03912222 1.00000000 / 0.80953980 0.87005610 / 0.0 0.0
				-0.01562500 0.10058590 0.69628900 / 0.96875000 0.23828120 0.05078125 / 0.00000000 0.00000000 1.00000000 0.00000000 / 16 16 22 16 / 160 0 239 255 / -0.23815160 0.97113200 -0.01365692 1.00000000 / 0.80033880 0.89837650 / 0.0 0.0
				-0.02050781 0.11035160 0.70068360 / 0.73046870 0.64062500 0.23828120 / 0.00000000 0.00000000 1.00000000 0.00000000 / 16 16 22 16 / 167 0 249 255 / -0.66027010 0.75101150 0.00500736 1.00000000 / 0.82255560 0.87428290 / 0.0 0.0
				-0.01708984 0.10595700 0.69628900 / 0.92187500 0.38281250 -0.00781250 / 0.00000000 0.00000000 1.00000000 0.00000000 / 16 16 22 16 / 160 0 239 255 / -0.38312940 0.92357030 0.01515702 1.00000000 / 0.80505370 0.89837650 / 0.0 0.0
				-0.01660156 0.10058590 0.69091800 / 0.93750000 0.23828120 -0.25781250 / 0.00000000 0.00000000 1.00000000 0.00000000 / 16 16 22 16 / 149 0 221 255 / -0.23735460 0.97081590 0.03434155 1.00000000 / 0.80505370 0.92814630 / 0.0 0.0
				-0.02001953 0.11035160 0.69628900 / 0.76562500 0.64453120 -0.01562500 / 0.00000000 0.00000000 1.00000000 0.00000000 / 16 16 22 16 / 161 0 239 255 / -0.64413280 0.76471420 -0.01747004 1.00000000 / 0.81874080 0.89837650 / 0.0 0.0
				-0.01757812 0.10595700 0.69140620 / 0.87500000 0.37890620 -0.30078130 / 0.00000000 0.00000000 1.00000000 0.00000000 / 16 16 22 16 / 150 0 222 255 / -0.38541640 0.92187460 0.04001812 1.00000000 / 0.80953980 0.92668150 / 0.0 0.0
				-0.01904297 0.10058590 0.68652340 / 0.81250000 0.22656250 -0.53906250 / 0.00000000 0.00000000 1.00000000 0.00000000 / 16 16 22 16 / 135 0 200 255 / -0.25314970 0.96710500 0.02496386 1.00000000 / 0.81874080 0.95500190 / 0.0 0.0
				-0.02050781 0.11035160 0.69189460 / 0.71875000 0.64062500 -0.26562500 / 0.00000000 0.00000000 1.00000000 0.00000000 / 16 16 22 16 / 152 0 225 255 / -0.66863510 0.74340820 -0.01647011 1.00000000 / 0.82255560 0.92245490 / 0.0 0.0
				-0.02001953 0.10546870 0.68701170 / 0.73828120 0.36718750 -0.56640620 / 0.00000000 0.00000000 1.00000000 0.00000000 / 16 16 22 16 / 136 0 203 255 / -0.43494720 0.90029880 0.01681806 1.00000000 / 0.82255560 0.95222480 / 0.0 0.0
				0.03417969 0.11523440 0.70166010 / 0.05859375 0.93359370 0.35546870 / 0.00000000 0.00000000 1.00000000 0.00000000 / 16 16 26 16 / 170 0 252 255 / 0.99823260 -0.05829213 -0.01156358 -1.00000000 / 0.89668270 0.86860660 / 0.0 0.0
				0.03271484 0.11523440 0.70117190 / -0.05078125 0.94140630 0.33203120 / 0.00000000 0.00000000 1.00000000 0.00000000 / 16 16 26 16 / 169 0 252 255 / 0.99870160 0.04902947 0.01383152 -1.00000000 / 0.88748170 0.87005610 / 0.0 0.0
				0.03125000 0.11328120 0.70556640 / -0.13671870 0.80859380 0.57031250 / 0.00000000 0.00000000 1.00000000 0.00000000 / 16 16 26 16 / 174 0 255 255 / 0.98734720 0.15807280 0.01259052 -1.00000000 / 0.87918090 0.84451300 / 0.0 0.0
				0.03417969 0.11279300 0.70605470 / 0.05078125 0.79296870 0.60546880 / 0.00000000 0.00000000 1.00000000 0.00000000 / 16 16 26 16 / 174 1 255 255 / 0.99867800 -0.04493579 -0.02496118 -1.00000000 / 0.89668270 0.84175110 / 0.0 0.0
				0.03613281 0.11523440 0.70117190 / 0.17187500 0.92187500 0.34765630 / 0.00000000 0.00000000 1.00000000 0.00000000 / 16 16 26 16 / 169 0 252 255 / 0.98263820 -0.18543700 0.00594719 -1.00000000 / 0.90588380 0.87005610 / 0.0 0.0
				0.02832031 0.11328120 0.70410150 / -0.30078130 0.82421870 0.48046870 / 0.00000000 0.00000000 1.00000000 0.00000000 / 16 16 26 16 / 172 0 255 255 / 0.94080520 0.33885960 0.00772960 -1.00000000 / 0.86338810 0.85255430 / 0.0 0.0
				0.03125000 0.11572270 0.70068360 / -0.14453130 0.94921880 0.27343750 / 0.00000000 0.00000000 1.00000000 0.00000000 / 16 16 26 16 / 168 0 251 255 / 0.98832080 0.15226970 -0.00599883 -1.00000000 / 0.87918090 0.87428290 / 0.0 0.0
				0.03710938 0.11279300 0.70556640 / 0.23828120 0.77734370 0.58203120 / 0.00000000 0.00000000 1.00000000 0.00000000 / 16 16 26 16 / 174 0 255 255 / 0.94975300 -0.31178290 0.02758301 -1.00000000 / 0.91416930 0.84451300 / 0.0 0.0
				0.03759766 0.11474610 0.70068360 / 0.27343750 0.91406250 0.30078130 / 0.00000000 0.00000000 1.00000000 0.00000000 / 16 16 26 16 / 168 0 251 255 / 0.95807340 -0.28652320 0.00009647 -1.00000000 / 0.91416930 0.87428290 / 0.0 0.0
				0.02587891 0.11376950 0.70214850 / -0.42968750 0.83593750 0.33984380 / 0.00000000 0.00000000 1.00000000 0.00000000 / 16 16 26 16 / 170 0 254 255 / 0.89037420 0.45518880 0.00608321 -1.00000000 / 0.85086060 0.86508180 / 0.0 0.0
				0.03027344 0.11572270 0.69921880 / -0.21875000 0.95703130 0.19140620 / 0.00000000 0.00000000 1.00000000 0.00000000 / 16 16 26 16 / 167 0 248 255 / 0.97514510 0.22145840 0.00693993 -1.00000000 / 0.87258910 0.88087460 / 0.0 0.0
				0.04003906 0.11230470 0.70410150 / 0.41015630 0.76171880 0.50390620 / 0.00000000 0.00000000 1.00000000 0.00000000 / 16 16 26 16 / 172 0 255 255 / 0.87979350 -0.47534970 0.00244018 -1.00000000 / 0.92996210 0.85255430 / 0.0 0.0
				0.03857422 0.11474610 0.69921880 / 0.35546870 0.90625000 0.23046880 / 0.00000000 0.00000000 1.00000000 0.00000000 / 16 16 26 16 / 167 0 248 255 / 0.93277270 -0.35964970 -0.02423129 -1.00000000 / 0.92076110 0.88087460 / 0.0 0.0
				0.02490234 0.11376950 0.69921880 / -0.51171880 0.84375000 0.16796870 / 0.00000000 0.00000000 1.00000000 0.00000000 / 16 16 26 16 / 166 0 248 255 / 0.85329790 0.52111320 -0.01799957 -1.00000000 / 0.84281920 0.88087460 / 0.0 0.0
				0.02929688 0.11572270 0.69775390 / -0.26171870 0.96093750 0.08984375 / 0.00000000 0.00000000 1.00000000 0.00000000 / 16 16 26 16 / 164 0 245 255 / 0.96439710 0.26404540 -0.01476957 -1.00000000 / 0.86836240 0.88917540 / 0.0 0.0
				0.04199219 0.11230470 0.70214850 / 0.54687500 0.75000000 0.37109380 / 0.00000000 0.00000000 1.00000000 0.00000000 / 16 16 26 16 / 170 0 252 255 / 0.80504890 -0.59308250 0.01222363 -1.00000000 / 0.94248960 0.86508180 / 0.0 0.0
				0.03906250 0.11474610 0.69775390 / 0.41406250 0.90234380 0.13281250 / 0.00000000 0.00000000 1.00000000 0.00000000 / 16 16 26 16 / 164 0 245 255 / 0.90716720 -0.41989050 0.02719435 -1.00000000 / 0.92498780 0.88917540 / 0.0 0.0
				0.02441406 0.11376950 0.69628900 / -0.53515630 0.84375000 -0.01953125 / 0.00000000 0.00000000 1.00000000 0.00000000 / 16 16 26 16 / 161 0 240 255 / 0.84432210 0.53573560 0.01037710 -1.00000000 / 0.84004210 0.89837650 / 0.0 0.0
				0.02929688 0.11572270 0.69628900 / -0.27343750 0.96093750 -0.02343750 / 0.00000000 0.00000000 1.00000000 0.00000000 / 16 16 26 16 / 162 0 240 255 / 0.96162940 0.27408380 0.01212136 -1.00000000 / 0.86691280 0.89837650 / 0.0 0.0
				0.04345703 0.11181640 0.69921880 / 0.63671870 0.74218750 0.20703130 / 0.00000000 0.00000000 1.00000000 0.00000000 / 16 16 26 16 / 166 0 248 255 / 0.75682970 -0.65344120 0.01494662 -1.00000000 / 0.95053100 0.88087460 / 0.0 0.0
				0.03955078 0.11474610 0.69628900 / 0.43750000 0.89843750 0.02343750 / 0.00000000 0.00000000 1.00000000 0.00000000 / 16 16 26 16 / 162 0 240 255 / 0.89884180 -0.43811660 0.01171504 -1.00000000 / 0.92645260 0.89837650 / 0.0 0.0
				0.02490234 0.11376950 0.69335940 / -0.49609370 0.84375000 -0.20703130 / 0.00000000 0.00000000 1.00000000 0.00000000 / 16 16 26 16 / 155 0 230 255 / 0.85781510 0.51280020 0.03448445 -1.00000000 / 0.84281920 0.91587830 / 0.0 0.0
				0.02929688 0.11572270 0.69482420 / -0.25000000 0.96093750 -0.13281250 / 0.00000000 0.00000000 1.00000000 0.00000000 / 16 16 26 16 / 158 0 236 255 / 0.96659000 0.25486340 0.02735613 -1.00000000 / 0.86836240 0.90757750 / 0.0 0.0
				0.04394531 0.11181640 0.69628900 / 0.67578120 0.73828120 0.01953125 / 0.00000000 0.00000000 1.00000000 0.00000000 / 16 16 26 16 / 161 0 240 255 / 0.73744030 -0.67533250 0.01038596 -1.00000000 / 0.95330810 0.89837650 / 0.0 0.0
				0.03906250 0.11474610 0.69482420 / 0.42968750 0.89843750 -0.08984375 / 0.00000000 0.00000000 1.00000000 0.00000000 / 16 16 26 16 / 158 0 236 255 / 0.90142240 -0.43266720 -0.01538103 -1.00000000 / 0.92498780 0.90757750 / 0.0 0.0
				0.02587891 0.11376950 0.69042970 / -0.40625000 0.83593750 -0.37109380 / 0.00000000 0.00000000 1.00000000 0.00000000 / 16 16 26 16 / 148 0 219 255 / 0.90060920 0.43457240 -0.00707211 -1.00000000 / 0.85086060 0.93165590 / 0.0 0.0
				0.03027344 0.11572270 0.69335940 / -0.19140620 0.95312500 -0.23046880 / 0.00000000 0.00000000 1.00000000 0.00000000 / 16 16 26 16 / 154 0 230 255 / 0.98109400 0.19259440 -0.01902808 -1.00000000 / 0.87258910 0.91587830 / 0.0 0.0
				0.04345703 0.11181640 0.69335940 / 0.65234380 0.74218750 -0.16796870 / 0.00000000 0.00000000 1.00000000 0.00000000 / 16 16 26 16 / 155 0 230 255 / 0.74914170 -0.66221540 -0.01604389 -1.00000000 / 0.95053100 0.91587830 / 0.0 0.0
				0.03857422 0.11474610 0.69335940 / 0.38281250 0.90234380 -0.19140620 / 0.00000000 0.00000000 1.00000000 0.00000000 / 16 16 26 16 / 154 0 230 255 / 0.92114360 -0.38911240 0.00926531 -1.00000000 / 0.92076110 0.91587830 / 0.0 0.0
				0.02832031 0.11328120 0.68798830 / -0.26953130 0.82031250 -0.50390620 / 0.00000000 0.00000000 1.00000000 0.00000000 / 16 16 26 16 / 141 0 209 255 / 0.94859910 0.31638790 0.00765668 -1.00000000 / 0.86338810 0.94418330 / 0.0 0.0
				0.03125000 0.11572270 0.69189460 / -0.10937500 0.94531250 -0.30078130 / 0.00000000 0.00000000 1.00000000 0.00000000 / 16 16 26 16 / 151 0 224 255 / 0.98997790 0.13127340 0.05206979 -1.00000000 / 0.87918090 0.92245490 / 0.0 0.0
				0.04199219 0.11230470 0.69042970 / 0.57031250 0.74609370 -0.33984380 / 0.00000000 0.00000000 1.00000000 0.00000000 / 16 16 26 16 / 148 0 219 255 / 0.79597580 -0.60528940 0.00687719 -1.00000000 / 0.94248960 0.93165590 / 0.0 0.0
				0.03759766 0.11474610 0.69189460 / 0.30859370 0.91015630 -0.27343750 / 0.00000000 0.00000000 1.00000000 0.00000000 / 16 16 26 16 / 150 0 224 255 / 0.94449050 -0.32765050 -0.02414382 -1.00000000 / 0.91416930 0.92245490 / 0.0 0.0
				0.03125000 0.11328120 0.68701170 / -0.09765625 0.80859380 -0.58203120 / 0.00000000 0.00000000 1.00000000 0.00000000 / 16 16 26 16 / 136 0 201 255 / 0.98746140 0.15146010 0.04449774 -1.00000000 / 0.87918090 0.95222480 / 0.0 0.0
				0.03271484 0.11523440 0.69140620 / -0.00390625 0.93750000 -0.34765630 / 0.00000000 0.00000000 1.00000000 0.00000000 / 16 16 26 16 / 148 0 219 255 / 0.99983880 -0.00244014 -0.01779300 -1.00000000 / 0.88748170 0.92668150 / 0.0 0.0
				0.04003906 0.11230470 0.68798830 / 0.44140630 0.75781250 -0.47656250 / 0.00000000 0.00000000 1.00000000 0.00000000 / 16 16 26 16 / 141 0 209 255 / 0.85026550 -0.52432080 -0.04622268 -1.00000000 / 0.92996210 0.94418330 / 0.0 0.0
				0.03613281 0.11523440 0.69140620 / 0.21484370 0.91796870 -0.33203120 / 0.00000000 0.00000000 1.00000000 0.00000000 / 16 16 26 16 / 148 0 219 255 / 0.96786590 -0.24578890 -0.05313433 -1.00000000 / 0.90588380 0.92668150 / 0.0 0.0
				0.03417969 0.11279300 0.68652340 / 0.08984375 0.78906250 -0.60546880 / 0.00000000 0.00000000 1.00000000 0.00000000 / 16 16 26 16 / 134 0 198 255 / 0.99342790 -0.11444170 -0.00197852 -1.00000000 / 0.89668270 0.95500190 / 0.0 0.0
				0.03417969 0.11523440 0.69091800 / 0.10546870 0.92968750 -0.35546870 / 0.00000000 0.00000000 1.00000000 0.00000000 / 16 16 26 16 / 147 0 219 255 / 0.99435890 -0.10242500 0.02755927 -1.00000000 / 0.89668270 0.92814630 / 0.0 0.0
				0.03710938 0.11279300 0.68701170 / 0.27734380 0.77343750 -0.57031250 / 0.00000000 0.00000000 1.00000000 0.00000000 / 16 16 26 16 / 136 0 201 255 / 0.94233990 -0.33462700 0.00448176 -1.00000000 / 0.91416930 0.95222480 / 0.0 0.0
				0.03369141 0.10888670 0.68261720 / 0.06640625 0.57421870 -0.81640630 / 0.00000000 0.00000000 1.00000000 0.00000000 / 16 16 26 16 / 117 0 174 255 / 0.99444410 -0.10503340 0.00700704 -1.00000000 / 0.89668270 0.97631840 / 0.0 0.0
				0.03808594 0.10888670 0.68310550 / 0.31640630 0.55078120 -0.77343750 / 0.00000000 0.00000000 1.00000000 0.00000000 / 16 16 26 16 / 121 0 179 255 / 0.86437500 -0.50282830 -0.00442721 -1.00000000 / 0.92076110 0.97250370 / 0.0 0.0
				0.04199219 0.10839840 0.68505860 / 0.53906250 0.53125000 -0.65234380 / 0.00000000 0.00000000 1.00000000 0.00000000 / 16 16 26 16 / 130 0 194 255 / 0.69652030 -0.71748450 -0.00868518 -1.00000000 / 0.94248960 0.96142570 / 0.0 0.0
				0.04492187 0.10791020 0.68798830 / 0.71875000 0.51562500 -0.46875000 / 0.00000000 0.00000000 1.00000000 0.00000000 / 16 16 26 16 / 141 0 210 255 / 0.59299230 -0.80485620 0.02380420 -1.00000000 / 0.95973210 0.94418330 / 0.0 0.0
				0.04687500 0.10791020 0.69189460 / 0.82812500 0.50781250 -0.23828120 / 0.00000000 0.00000000 1.00000000 0.00000000 / 16 16 26 16 / 152 0 225 255 / 0.52293300 -0.85237330 0.00085963 -1.00000000 / 0.97080990 0.92245490 / 0.0 0.0
				0.04638672 0.10351560 0.68701170 / 0.80078130 0.23437500 -0.55468750 / 0.00000000 0.00000000 1.00000000 0.00000000 / 16 16 26 16 / 136 0 203 255 / 0.24493410 -0.96791420 -0.05612095 -1.00000000 / 0.97080990 0.95222480 / 0.0 0.0
				0.04736328 0.10791020 0.69628900 / 0.86328130 0.50390620 0.01562500 / 0.00000000 0.00000000 1.00000000 0.00000000 / 16 16 26 16 / 161 0 239 255 / 0.50426760 -0.86336900 -0.01755816 -1.00000000 / 0.97462460 0.89837650 / 0.0 0.0
				0.04882813 0.10302730 0.69140620 / 0.93359370 0.22265630 -0.28906250 / 0.00000000 0.00000000 1.00000000 0.00000000 / 16 16 26 16 / 150 0 222 255 / 0.22246040 -0.97436470 -0.03353804 -1.00000000 / 0.98381040 0.92668150 / 0.0 0.0
				0.04931641 0.10302730 0.69628900 / 0.97656250 0.21875000 0.00781250 / 0.00000000 0.00000000 1.00000000 0.00000000 / 16 16 26 16 / 160 0 239 255 / 0.21855680 -0.97569820 0.01567844 -1.00000000 / 0.98829650 0.89837650 / 0.0 0.0
				0.04687500 0.10791020 0.70068360 / 0.82031250 0.50781250 0.26562500 / 0.00000000 0.00000000 1.00000000 0.00000000 / 16 16 26 16 / 167 0 249 255 / 0.52534190 -0.85088050 0.00425913 -1.00000000 / 0.97080990 0.87428290 / 0.0 0.0
				0.04882813 0.10302730 0.70117190 / 0.92578120 0.22265630 0.30078130 / 0.00000000 0.00000000 1.00000000 0.00000000 / 16 16 26 16 / 168 0 251 255 / 0.21911110 -0.97461150 0.04607373 -1.00000000 / 0.98381040 0.87005610 / 0.0 0.0
				0.04980469 0.09765625 0.69628900 / 0.99609380 0.07031250 -0.05078125 / 0.00000000 0.00000000 1.00000000 0.00000000 / 16 16 26 16 / 160 0 239 255 / 0.06968474 -0.99746820 -0.01418295 -1.00000000 / 0.99301150 0.89837650 / 0.0 0.0
				0.04882813 0.09765625 0.69091800 / 0.93359370 0.07421875 -0.35156250 / 0.00000000 0.00000000 1.00000000 0.00000000 / 16 16 26 16 / 149 0 221 255 / 0.06255465 -0.99705130 -0.04444819 -1.00000000 / 0.98829650 0.92814630 / 0.0 0.0
				0.04882813 0.09765625 0.70166010 / 0.96484370 0.07031250 0.25781250 / 0.00000000 0.00000000 1.00000000 0.00000000 / 16 16 26 16 / 168 0 251 255 / 0.06316808 -0.99735990 0.03581866 -1.00000000 / 0.98829650 0.86860660 / 0.0 0.0
				0.04638672 0.09814453 0.68652340 / 0.77734370 0.08593750 -0.62109380 / 0.00000000 0.00000000 1.00000000 0.00000000 / 16 16 26 16 / 135 0 200 255 / 0.10389300 -0.99456060 -0.00745050 -1.00000000 / 0.97462460 0.95500190 / 0.0 0.0
				0.04638672 0.09814453 0.70605470 / 0.83984370 0.08203125 0.53906250 / 0.00000000 0.00000000 1.00000000 0.00000000 / 16 16 26 16 / 174 0 255 255 / 0.07592519 -0.99655010 0.03351465 -1.00000000 / 0.97462460 0.84175110 / 0.0 0.0
				0.04296875 0.10351560 0.68310550 / 0.58984370 0.25390630 -0.76562500 / 0.00000000 0.00000000 1.00000000 0.00000000 / 16 16 26 16 / 121 0 180 255 / 0.33064950 -0.94200180 -0.05747460 -1.00000000 / 0.95053100 0.97250370 / 0.0 0.0
				0.04296875 0.09814453 0.68261720 / 0.55078120 0.10937500 -0.82812500 / 0.00000000 0.00000000 1.00000000 0.00000000 / 16 16 26 16 / 118 0 174 255 / 0.20450450 -0.97884260 0.00672529 -1.00000000 / 0.95330810 0.97631840 / 0.0 0.0
				0.03808594 0.10400390 0.68115230 / 0.32812500 0.27734380 -0.90234380 / 0.00000000 0.00000000 1.00000000 0.00000000 / 16 16 26 16 / 108 0 161 255 / 0.54288970 -0.83766040 -0.05996543 -1.00000000 / 0.92498780 0.98551940 / 0.0 0.0
				0.03808594 0.09863281 0.68017580 / 0.26953130 0.13281250 -0.95312500 / 0.00000000 0.00000000 1.00000000 0.00000000 / 16 16 26 16 / 103 0 153 255 / 0.45481650 -0.89057390 0.00449071 -1.00000000 / 0.92645260 0.99000550 / 0.0 0.0
				0.03320312 0.10449220 0.68017580 / 0.03515625 0.30078130 -0.95312500 / 0.00000000 0.00000000 1.00000000 0.00000000 / 16 16 26 16 / 103 0 153 255 / 0.97712770 -0.21047150 -0.03038316 -1.00000000 / 0.89668270 0.99000550 / 0.0 0.0
				0.03271484 0.09912110 0.67919920 / -0.03515625 0.16015630 -0.98828130 / 0.00000000 0.00000000 1.00000000 0.00000000 / 16 16 26 16 / 97 0 144 255 / 0.97038590 0.24151550 0.00463679 -1.00000000 / 0.89668270 0.99472050 / 0.0 0.0
				0.02978515 0.10937500 0.68310550 / -0.18750000 0.59765620 -0.78125000 / 0.00000000 0.00000000 1.00000000 0.00000000 / 16 16 26 16 / 121 0 180 255 / 0.95054920 0.31043480 0.00929627 -1.00000000 / 0.87258910 0.97250370 / 0.0 0.0
				0.02832031 0.10498050 0.68115230 / -0.25781250 0.32812500 -0.91015630 / 0.00000000 0.00000000 1.00000000 0.00000000 / 16 16 26 16 / 108 0 161 255 / 0.71793700 0.69451080 0.04712726 -1.00000000 / 0.86836240 0.98551940 / 0.0 0.0
				0.02783203 0.09960938 0.68017580 / -0.33593750 0.18750000 -0.92187500 / 0.00000000 0.00000000 1.00000000 0.00000000 / 16 16 26 16 / 103 0 153 255 / 0.45242700 0.89164950 0.01646724 -1.00000000 / 0.86691280 0.99000550 / 0.0 0.0
				0.02587891 0.10986330 0.68505860 / -0.41406250 0.61718750 -0.66796880 / 0.00000000 0.00000000 1.00000000 0.00000000 / 16 16 26 16 / 130 0 194 255 / 0.83720620 0.54671380 -0.01378476 -1.00000000 / 0.85086060 0.96142570 / 0.0 0.0
				0.02392578 0.10546870 0.68310550 / -0.52343750 0.35156250 -0.77343750 / 0.00000000 0.00000000 1.00000000 0.00000000 / 16 16 26 16 / 121 0 180 255 / 0.50504580 0.86167680 0.04941387 -1.00000000 / 0.84281920 0.97250370 / 0.0 0.0
				0.02294922 0.10009770 0.68261720 / -0.60546880 0.21093750 -0.76953130 / 0.00000000 0.00000000 1.00000000 0.00000000 / 16 16 26 16 / 118 0 174 255 / 0.35486250 0.93463590 -0.02299003 -1.00000000 / 0.84004210 0.97631840 / 0.0 0.0
				0.02294922 0.11035160 0.68798830 / -0.59765620 0.63281250 -0.49218750 / 0.00000000 0.00000000 1.00000000 0.00000000 / 16 16 26 16 / 141 0 210 255 / 0.72340330 0.69036470 0.00918136 -1.00000000 / 0.83361820 0.94418330 / 0.0 0.0
				0.02050781 0.10546870 0.68701170 / -0.73828120 0.37109380 -0.56640620 / 0.00000000 0.00000000 1.00000000 0.00000000 / 16 16 26 16 / 136 0 201 255 / 0.45040720 0.89282140 -0.00179812 -1.00000000 / 0.82255560 0.95222480 / 0.0 0.0
				0.01904297 0.10058590 0.68652340 / -0.81250000 0.23046880 -0.53906250 / 0.00000000 0.00000000 1.00000000 0.00000000 / 16 16 26 16 / 134 0 200 255 / 0.27291130 0.96203910 -0.00026083 -1.00000000 / 0.81874080 0.95500190 / 0.0 0.0
				0.02099609 0.11035160 0.69189460 / -0.71875000 0.64453120 -0.26562500 / 0.00000000 0.00000000 1.00000000 0.00000000 / 16 16 26 16 / 152 0 225 255 / 0.67130540 0.74094980 -0.01850722 -1.00000000 / 0.82255560 0.92245490 / 0.0 0.0
				0.01806641 0.10595700 0.69140620 / -0.87500000 0.38281250 -0.30078130 / 0.00000000 0.00000000 1.00000000 0.00000000 / 16 16 26 16 / 149 0 222 255 / 0.38994940 0.92008180 0.03726800 -1.00000000 / 0.80953980 0.92668150 / 0.0 0.0
				0.01708984 0.10058590 0.69091800 / -0.93750000 0.23828120 -0.25781250 / 0.00000000 0.00000000 1.00000000 0.00000000 / 16 16 26 16 / 149 0 221 255 / 0.23725720 0.97082630 0.03471732 -1.00000000 / 0.80505370 0.92814630 / 0.0 0.0
				0.02001953 0.11035160 0.69628900 / -0.76171880 0.64843750 -0.01562500 / 0.00000000 0.00000000 1.00000000 0.00000000 / 16 16 26 16 / 160 0 239 255 / 0.64833500 0.76115690 -0.01738045 -1.00000000 / 0.81874080 0.89837650 / 0.0 0.0
				0.01757812 0.10595700 0.69628900 / -0.92187500 0.38671880 -0.00781250 / 0.00000000 0.00000000 1.00000000 0.00000000 / 16 16 26 16 / 160 0 239 255 / 0.38663480 0.92210450 0.01539327 -1.00000000 / 0.80505370 0.89837650 / 0.0 0.0
				0.01611328 0.10058590 0.69628900 / -0.96875000 0.24218750 0.05078125 / 0.00000000 0.00000000 1.00000000 0.00000000 / 16 16 26 16 / 160 0 239 255 / 0.24182800 0.97022030 -0.01384964 -1.00000000 / 0.80033880 0.89837650 / 0.0 0.0
				0.02099609 0.11035160 0.70068360 / -0.72656250 0.64453120 0.23828120 / 0.00000000 0.00000000 1.00000000 0.00000000 / 16 16 26 16 / 167 0 249 255 / 0.66327560 0.74837280 -0.00184977 -1.00000000 / 0.82255560 0.87428290 / 0.0 0.0
				0.01806641 0.10595700 0.70117190 / -0.87890620 0.38281250 0.28906250 / 0.00000000 0.00000000 1.00000000 0.00000000 / 16 16 26 16 / 168 0 251 255 / 0.38806320 0.92075520 -0.04021003 -1.00000000 / 0.80953980 0.87005610 / 0.0 0.0
				0.01708984 0.10058590 0.70166010 / -0.90625000 0.23828120 0.35156250 / 0.00000000 0.00000000 1.00000000 0.00000000 / 16 16 26 16 / 168 0 251 255 / 0.24173400 0.96974080 -0.03416668 -1.00000000 / 0.80505370 0.86860660 / 0.0 0.0
				0.02294922 0.11035160 0.70410150 / -0.61328130 0.63671870 0.46875000 / 0.00000000 0.00000000 1.00000000 0.00000000 / 16 16 26 16 / 172 0 255 255 / 0.71814900 0.69586590 -0.00571925 -1.00000000 / 0.83361820 0.85255430 / 0.0 0.0
				0.02050781 0.10546870 0.70556640 / -0.74609370 0.37109380 0.55468750 / 0.00000000 0.00000000 1.00000000 0.00000000 / 16 16 26 16 / 173 0 255 255 / 0.42166230 0.90590960 -0.03909856 -1.00000000 / 0.82255560 0.84451300 / 0.0 0.0
				0.01904297 0.10058590 0.70605470 / -0.75000000 0.22265630 0.62109380 / 0.00000000 0.00000000 1.00000000 0.00000000 / 16 16 26 16 / 174 0 255 255 / 0.30776830 0.95096820 0.03062748 -1.00000000 / 0.81874080 0.84175110 / 0.0 0.0
				0.02587891 0.10986330 0.70751950 / -0.43750000 0.61718750 0.65234380 / 0.00000000 0.00000000 1.00000000 0.00000000 / 16 16 26 16 / 175 0 255 255 / 0.81266090 0.58270350 -0.00624032 -1.00000000 / 0.85086060 0.83531190 / 0.0 0.0
				0.02392578 0.10546870 0.70947270 / -0.53515630 0.35156250 0.76562500 / 0.00000000 0.00000000 1.00000000 0.00000000 / 16 16 26 16 / 177 0 255 255 / 0.51174030 0.85838160 -0.03609528 -1.00000000 / 0.84281920 0.82424920 / 0.0 0.0
				0.02294922 0.10009770 0.70996090 / -0.52343750 0.20312500 0.82812500 / 0.00000000 0.00000000 1.00000000 0.00000000 / 16 16 26 16 / 177 0 255 255 / 0.35849630 0.93352800 -0.00240341 -1.00000000 / 0.84004210 0.82043450 / 0.0 0.0
				0.02978515 0.10937500 0.70947270 / -0.21484370 0.59765620 0.77343750 / 0.00000000 0.00000000 1.00000000 0.00000000 / 16 16 26 16 / 177 0 255 255 / 0.94131270 0.33753510 0.00070389 -1.00000000 / 0.87258910 0.82424920 / 0.0 0.0
				0.02832031 0.10498050 0.71142580 / -0.27343750 0.32812500 0.90234380 / 0.00000000 0.00000000 1.00000000 0.00000000 / 16 16 26 16 / 179 0 255 255 / 0.66290650 0.74543100 -0.06991209 -1.00000000 / 0.86836240 0.81123350 / 0.0 0.0
				0.02783203 0.09960938 0.71240240 / -0.24218750 0.17968750 0.95312500 / 0.00000000 0.00000000 1.00000000 0.00000000 / 16 16 26 16 / 179 0 255 255 / 0.55878320 0.82918980 -0.01433860 -1.00000000 / 0.86691280 0.80674740 / 0.0 0.0
				0.03369141 0.10888670 0.70996090 / 0.03515625 0.57812500 0.81640630 / 0.00000000 0.00000000 1.00000000 0.00000000 / 16 16 26 16 / 177 0 255 255 / 0.99877990 -0.04861941 -0.00864340 -1.00000000 / 0.89668270 0.82043450 / 0.0 0.0
				0.03320312 0.10449220 0.71240240 / 0.01953125 0.30468750 0.95312500 / 0.00000000 0.00000000 1.00000000 0.00000000 / 16 16 26 16 / 179 0 255 255 / 0.99915610 0.02844986 -0.02962751 -1.00000000 / 0.89668270 0.80674740 / 0.0 0.0
				0.03271484 0.09912110 0.71337890 / 0.06250000 0.15234370 0.98828130 / 0.00000000 0.00000000 1.00000000 0.00000000 / 16 16 26 16 / 180 0 255 255 / 0.91160590 -0.41102540 0.00573165 -1.00000000 / 0.89668270 0.80203250 / 0.0 0.0
				0.03808594 0.10888670 0.70947270 / 0.28906250 0.55468750 0.78125000 / 0.00000000 0.00000000 1.00000000 0.00000000 / 16 16 26 16 / 177 0 255 255 / 0.88275260 -0.46978710 0.00692911 -1.00000000 / 0.92076110 0.82424920 / 0.0 0.0
				0.03808594 0.10400390 0.71142580 / 0.31250000 0.27734380 0.91015630 / 0.00000000 0.00000000 1.00000000 0.00000000 / 16 16 26 16 / 179 0 255 255 / 0.59415680 -0.80330920 0.04089175 -1.00000000 / 0.92498780 0.81123350 / 0.0 0.0
				0.03808594 0.09863281 0.71240240 / 0.36328130 0.12500000 0.92187500 / 0.00000000 0.00000000 1.00000000 0.00000000 / 16 16 26 16 / 179 0 255 255 / 0.33933700 -0.94064490 -0.00613088 -1.00000000 / 0.92645260 0.80674740 / 0.0 0.0
				0.04199219 0.10839840 0.70751950 / 0.51562500 0.53515630 0.66796880 / 0.00000000 0.00000000 1.00000000 0.00000000 / 16 16 26 16 / 175 0 255 255 / 0.70626080 -0.70762010 0.02166543 -1.00000000 / 0.94248960 0.83531190 / 0.0 0.0
				0.04296875 0.10351560 0.70947270 / 0.57812500 0.25390630 0.77343750 / 0.00000000 0.00000000 1.00000000 0.00000000 / 16 16 26 16 / 177 0 255 255 / 0.35748030 -0.93311230 0.03885139 -1.00000000 / 0.95053100 0.82424920 / 0.0 0.0
				0.04296875 0.09814453 0.70996090 / 0.63281250 0.10156250 0.76953130 / 0.00000000 0.00000000 1.00000000 0.00000000 / 16 16 26 16 / 177 0 255 255 / 0.15834290 -0.98738420 0.00023881 -1.00000000 / 0.95330810 0.82043450 / 0.0 0.0
				0.04492187 0.10791020 0.70410150 / 0.69921880 0.51953120 0.49218750 / 0.00000000 0.00000000 1.00000000 0.00000000 / 16 16 26 16 / 172 0 255 255 / 0.59801430 -0.80147770 -0.00351923 -1.00000000 / 0.95973210 0.85255430 / 0.0 0.0
				0.04638672 0.10351560 0.70556640 / 0.78906250 0.23437500 0.56640620 / 0.00000000 0.00000000 1.00000000 0.00000000 / 16 16 26 16 / 174 0 255 255 / 0.25826000 -0.96527270 0.03937609 -1.00000000 / 0.97080990 0.84451300 / 0.0 0.0
			}
		}
	}
}
